Date,Open,High,Low,Close,Adj Close,Volume
2024-04-12,34.22999954223633,34.970001220703125,33.150001525878906,34.939998626708984,34.33864212036133,14953800
2024-04-15,35.349998474121094,35.38999938964844,33.5,35.0,34.39761734008789,3057700
2024-04-16,34.66999816894531,35.470001220703125,34.0,34.83000183105469,34.23054122924805,1600200
2024-04-17,35.02000045776367,35.5,33.810001373291016,33.9900016784668,33.40499496459961,1187500
2024-04-18,33.79999923706055,34.220001220703125,33.54999923706055,33.58000183105469,33.00204849243164,3849300
2024-04-19,33.779998779296875,34.150001525878906,33.56999969482422,33.849998474121094,33.26740264892578,1086000
2024-04-22,34.2400016784668,34.2400016784668,33.61000061035156,33.61000061035156,33.03153991699219,346200
2024-04-23,33.900001525878906,34.20000076293945,33.630001068115234,33.650001525878906,33.07085037231445,337600
2024-04-24,33.720001220703125,34.04999923706055,33.54999923706055,33.95000076293945,33.365684509277344,771000
2024-04-25,33.70000076293945,33.97999954223633,33.70000076293945,33.88999938964844,33.30671691894531,385000
2024-04-26,33.529998779296875,34.11000061035156,33.5,34.02000045776367,33.43447494506836,459400
2024-04-29,34.279998779296875,35.400001525878906,34.029998779296875,34.91999816894531,34.31898880004883,547500
2024-04-30,34.70000076293945,35.93000030517578,34.564998626708984,35.099998474121094,34.495887756347656,464300
2024-05-01,35.15999984741211,35.40999984741211,34.349998474121094,34.849998474121094,34.25019454956055,590300
2024-05-02,35.040000915527344,35.41999816894531,34.709999084472656,35.150001525878906,34.54502868652344,260300
2024-05-03,35.209999084472656,35.619998931884766,35.150001525878906,35.400001525878906,34.790733337402344,225500
2024-05-06,35.400001525878906,36.06999969482422,35.33000183105469,36.06999969482422,35.449195861816406,296000
2024-05-07,36.31999969482422,36.91999816894531,34.900001525878906,35.810001373291016,35.19367218017578,657500
2024-05-08,36.29999923706055,36.29999923706055,35.630001068115234,35.7599983215332,35.144527435302734,259600
2024-05-09,35.7400016784668,36.709999084472656,35.599998474121094,36.560001373291016,35.930763244628906,179400
2024-05-10,36.779998779296875,37.02000045776367,36.5,36.68000030517578,36.0487060546875,306600
2024-05-13,36.90999984741211,37.095001220703125,36.5099983215332,36.61000061035156,35.97990417480469,239200
2024-05-14,36.900001525878906,37.119998931884766,36.5099983215332,36.70000076293945,36.068359375,200500
2024-05-15,37.189998626708984,37.79999923706055,36.52000045776367,37.16999816894531,36.5302619934082,435000
2024-05-16,36.959999084472656,37.47999954223633,36.790000915527344,36.9900016784668,36.35336685180664,426900
2024-05-17,36.86000061035156,37.43000030517578,36.86000061035156,37.20000076293945,36.559749603271484,584700
2024-05-20,37.31999969482422,38.459999084472656,36.869998931884766,38.0,37.345985412597656,1048000
2024-05-21,38.09000015258789,40.04999923706055,38.08000183105469,40.04999923706055,39.360694885253906,1437100
2024-05-22,40.09000015258789,41.220001220703125,39.75,40.619998931884766,39.9208869934082,492500
2024-05-23,40.95000076293945,42.209999084472656,40.54499816894531,42.060001373291016,41.33610534667969,1330000
2024-05-24,42.369998931884766,43.849998474121094,41.83000183105469,41.9900016784668,41.26730728149414,888500
2024-05-28,41.9900016784668,42.099998474121094,39.099998474121094,39.93000030517578,39.24275588989258,991700
2024-05-29,39.5099983215332,39.849998474121094,38.5099983215332,38.63999938964844,37.9749641418457,596000
2024-05-30,39.150001525878906,40.20000076293945,38.619998931884766,39.84000015258789,39.1543083190918,429200
2024-05-31,40.0,40.22999954223633,38.369998931884766,38.56999969482422,37.906166076660156,280700
2024-06-03,38.529998779296875,38.709999084472656,37.970001220703125,38.189998626708984,37.65474319458008,231500
2024-06-04,38.18000030517578,39.904998779296875,37.970001220703125,39.189998626708984,38.640724182128906,463200
2024-06-05,39.15999984741211,39.41999816894531,38.34000015258789,38.90999984741211,38.364654541015625,273500
2024-06-06,38.81999969482422,39.90999984741211,38.81999969482422,39.77000045776367,39.21260070800781,357200
2024-06-07,39.470001220703125,39.689998626708984,38.560001373291016,38.869998931884766,38.32521057128906,178400
2024-06-10,38.869998931884766,40.11000061035156,38.494998931884766,39.22999954223633,38.68016815185547,357400
2024-06-11,38.959999084472656,39.89500045776367,38.84000015258789,39.02000045776367,38.47311019897461,291400
2024-06-12,39.5,41.154998779296875,39.5,41.02000045776367,40.4450798034668,529300
2024-06-13,40.779998779296875,41.88999938964844,40.779998779296875,41.52000045776367,40.93806838989258,415400
2024-06-14,41.380001068115234,42.525001525878906,41.189998626708984,41.400001525878906,40.81975555419922,484400
2024-06-17,41.22999954223633,41.7400016784668,40.5,41.25,40.671852111816406,281400
2024-06-18,41.15999984741211,41.720001220703125,40.36000061035156,41.29999923706055,40.72114944458008,540500
2024-06-20,41.56999969482422,41.88999938964844,40.810001373291016,41.5,40.91835021972656,619400
2024-06-21,41.5,42.02000045776367,40.400001525878906,41.849998474121094,41.2634391784668,3456100
2024-06-24,41.650001525878906,41.86000061035156,40.459999084472656,40.7400016784668,40.16900634765625,615300
2024-06-25,40.84000015258789,41.709999084472656,40.41999816894531,40.970001220703125,40.39577865600586,602800
2024-06-26,40.900001525878906,41.439998626708984,40.040000915527344,40.41999816894531,39.853485107421875,645800
2024-06-27,40.43000030517578,41.38999938964844,39.86000061035156,41.040000915527344,40.46480178833008,812300
2024-06-28,41.040000915527344,42.2599983215332,40.83000183105469,42.189998626708984,41.59867858886719,1585100
2024-07-01,42.25,43.84400177001953,40.9900016784668,41.970001220703125,41.38176345825195,1687800
2024-07-02,42.11000061035156,42.880001068115234,41.994998931884766,42.7599983215332,42.16068649291992,934500
2024-07-03,42.7400016784668,43.310001373291016,42.13999938964844,42.9900016784668,42.38747024536133,533500
2024-07-05,42.650001525878906,43.95000076293945,42.0099983215332,42.08000183105469,41.49022674560547,1482800
2024-07-08,42.060001373291016,43.61000061035156,41.689998626708984,43.06999969482422,42.466346740722656,1146500
2024-07-09,43.0099983215332,43.630001068115234,42.9900016784668,43.4900016784668,42.880462646484375,453300
2024-07-10,43.43000030517578,44.06999969482422,43.25,43.599998474121094,42.98891830444336,205400
2024-07-11,43.65999984741211,45.029998779296875,43.40999984741211,44.58000183105469,43.95518112182617,715400
2024-07-12,43.939998626708984,44.56999969482422,43.65999984741211,43.790000915527344,43.1762580871582,490800
2024-07-15,43.790000915527344,44.22999954223633,43.52000045776367,43.900001525878906,43.28471374511719,318000
2024-07-16,44.29999923706055,45.529998779296875,43.9900016784668,45.119998931884766,44.48760986328125,338700
2024-07-17,44.959999084472656,45.262001037597656,44.45000076293945,44.59000015258789,43.96504592895508,560300
2024-07-18,44.650001525878906,45.709999084472656,44.0,44.119998931884766,43.50162887573242,320000
2024-07-19,43.9900016784668,44.650001525878906,43.70000076293945,44.209999084472656,43.59036636352539,212400
2024-07-22,44.61000061035156,44.847999572753906,44.02000045776367,44.54999923706055,43.925601959228516,304200
2024-07-23,44.459999084472656,44.9900016784668,44.14500045776367,44.75,44.122802734375,205000
2024-07-24,44.68000030517578,44.93000030517578,44.0099983215332,44.150001525878906,43.531211853027344,420700
2024-07-25,44.400001525878906,45.209999084472656,44.060001373291016,44.72999954223633,44.103084564208984,332500
2024-07-26,45.27000045776367,45.869998931884766,45.16999816894531,45.61000061035156,44.97074890136719,323200
2024-07-29,45.90999984741211,45.93000030517578,44.900001525878906,45.09000015258789,44.45803451538086,448600
2024-07-30,45.41999816894531,46.380001068115234,44.84000015258789,45.88999938964844,45.246822357177734,522000
2024-07-31,48.20000076293945,50.619998931884766,46.529998779296875,50.529998779296875,49.8217887878418,766000
2024-08-01,51.290000915527344,52.83000183105469,50.61000061035156,51.41999816894531,50.699310302734375,633600
2024-08-02,51.130001068115234,52.11000061035156,50.58000183105469,50.939998626708984,50.22603988647461,455100
2024-08-05,49.38999938964844,50.15999984741211,47.650001525878906,49.59000015258789,48.89496612548828,345000
2024-08-06,50.04999923706055,51.099998474121094,49.189998626708984,49.400001525878906,48.70763397216797,402200
2024-08-07,49.779998779296875,50.029998779296875,49.09000015258789,49.90999984741211,49.210479736328125,392500
2024-08-08,50.099998474121094,51.07500076293945,49.20000076293945,49.849998474121094,49.15132141113281,1515500
2024-08-09,49.650001525878906,50.2400016784668,49.54999923706055,50.209999084472656,49.50627517700195,248800
2024-08-12,50.34000015258789,50.56999969482422,49.65999984741211,50.040000915527344,49.33865737915039,149000
2024-08-13,50.15999984741211,52.369998931884766,50.15999984741211,51.459999084472656,50.73875427246094,326600
2024-08-14,51.45000076293945,51.68000030517578,50.34000015258789,51.310001373291016,50.59086227416992,228600
2024-08-15,51.790000915527344,52.095001220703125,51.150001525878906,51.84000015258789,51.113433837890625,120100
2024-08-16,51.459999084472656,52.380001068115234,51.04999923706055,52.040000915527344,51.310630798339844,194100
2024-08-19,52.040000915527344,53.779998779296875,52.040000915527344,53.54999923706055,52.79946517944336,196000
2024-08-20,53.5,53.5,52.619998931884766,52.95000076293945,52.2078742980957,149500
2024-08-21,53.11000061035156,53.52000045776367,52.599998474121094,53.209999084472656,52.46422576904297,221000
2024-08-22,53.15999984741211,54.2599983215332,52.5,53.90999984741211,53.154415130615234,359600
2024-08-23,53.970001220703125,55.02000045776367,53.470001220703125,54.61000061035156,53.844608306884766,151900
2024-08-26,54.9900016784668,55.380001068115234,54.40999984741211,55.0099983215332,54.23899841308594,157500
2024-08-27,55.0,56.279998779296875,53.91999816894531,54.81999969482422,54.05166244506836,381000
2024-08-28,54.79999923706055,55.5,54.529998779296875,54.540000915527344,53.77559280395508,205100
2024-08-29,55.0,56.029998779296875,54.65999984741211,55.150001525878906,54.37704086303711,196400
2024-08-30,55.099998474121094,55.459999084472656,53.720001220703125,54.540000915527344,53.89775085449219,803400
2024-09-03,54.31999969482422,55.04499816894531,54.040000915527344,54.099998474121094,53.46293258666992,273000
2024-09-04,52.0,53.0,50.07500076293945,52.29999923706055,51.68412399291992,642200
2024-09-05,52.20000076293945,52.20000076293945,49.720001220703125,49.900001525878906,49.31239700317383,834000
2024-09-06,49.66999816894531,49.79999923706055,48.279998779296875,48.58000183105469,48.007938385009766,7539000
2024-09-09,49.0099983215332,49.189998626708984,48.29999923706055,49.0,48.42298889160156,3307600
2024-09-10,48.650001525878906,49.0,47.04999923706055,47.599998474121094,47.03947067260742,2203800
2024-09-11,47.619998931884766,48.63999938964844,46.790000915527344,48.5,47.92887878417969,1490600
2024-09-12,48.45000076293945,49.06800079345703,48.45000076293945,48.849998474121094,48.274749755859375,747400
2024-09-13,48.900001525878906,49.29999923706055,48.119998931884766,48.84000015258789,48.264869689941406,1315300
2024-09-16,48.97999954223633,49.43000030517578,48.79999923706055,49.119998931884766,48.54156494140625,969800
2024-09-17,49.25,49.43000030517578,48.5099983215332,48.77000045776367,48.19569396972656,825900
2024-09-18,48.880001068115234,50.060001373291016,48.689998626708984,49.380001068115234,48.79851150512695,1011900
2024-09-19,49.84000015258789,50.47999954223633,49.150001525878906,49.790000915527344,49.20368576049805,924200
2024-09-20,49.5,49.948001861572266,48.11000061035156,48.5,47.92887878417969,830200
2024-09-23,48.58000183105469,49.790000915527344,48.40999984741211,49.290000915527344,48.70957565307617,526400
2024-09-24,49.189998626708984,49.939998626708984,48.68000030517578,49.31999969482422,48.739219665527344,495800
2024-09-25,49.150001525878906,49.689998626708984,48.77000045776367,49.459999084472656,48.87757110595703,875900
2024-09-26,49.650001525878906,50.33000183105469,49.310001373291016,49.459999084472656,48.87757110595703,2046200
2024-09-27,49.2400016784668,50.13999938964844,49.060001373291016,49.5,48.9171028137207,848300
2024-09-30,49.56999969482422,49.66999816894531,48.959999084472656,49.29999923706055,48.719451904296875,796300
2024-10-01,49.40999984741211,49.724998474121094,48.720001220703125,49.15999984741211,48.58109664916992,1462000
2024-10-02,48.93000030517578,49.65999984741211,48.7400016784668,49.22999954223633,48.65028381347656,1271400
2024-10-03,49.0,49.95000076293945,48.92499923706055,49.86000061035156,49.27286148071289,1954700
2024-10-04,50.0,50.709999084472656,49.529998779296875,50.70000076293945,50.102970123291016,1334800
2024-10-07,50.61000061035156,50.86000061035156,49.78499984741211,50.119998931884766,49.52979278564453,592800
2024-10-08,50.150001525878906,51.28499984741211,50.099998474121094,50.47999954223633,49.88555908203125,571600
2024-10-09,50.43000030517578,51.540000915527344,50.43000030517578,51.189998626708984,50.587196350097656,890200
2024-10-10,50.93000030517578,51.880001068115234,50.630001068115234,51.70000076293945,51.09119415283203,519400
2024-10-11,51.56999969482422,52.52899932861328,51.56999969482422,52.4900016784668,51.87189865112305,588200
2024-10-14,52.84000015258789,53.45000076293945,52.650001525878906,53.41999816894531,52.79093551635742,637300
2024-10-15,53.45000076293945,53.9900016784668,53.22999954223633,53.619998931884766,52.98857879638672,605600
2024-10-16,53.779998779296875,54.40999984741211,53.599998474121094,54.290000915527344,53.650691986083984,718300
2024-10-17,54.380001068115234,54.7599983215332,53.540000915527344,53.779998779296875,53.146697998046875,381100
2024-10-18,53.779998779296875,54.119998931884766,53.11000061035156,53.150001525878906,52.52412033081055,327300
2024-10-21,53.029998779296875,53.630001068115234,52.69499969482422,52.9900016784668,52.36600112915039,306000
2024-10-22,53.029998779296875,53.970001220703125,52.380001068115234,53.880001068115234,53.245521545410156,501400
2024-10-23,54.15999984741211,54.36000061035156,52.8849983215332,53.0,52.375885009765625,278000
2024-10-24,53.0099983215332,53.7599983215332,52.59000015258789,52.90999984741211,52.28694534301758,302500
2024-10-25,53.029998779296875,53.17499923706055,52.540000915527344,52.970001220703125,52.34623718261719,290100
2024-10-28,53.06999969482422,53.297000885009766,52.45000076293945,52.59000015258789,51.9707145690918,335600
2024-10-29,52.45000076293945,52.95000076293945,51.869998931884766,52.61000061035156,51.990474700927734,528500
2024-10-30,52.619998931884766,52.91999816894531,52.369998931884766,52.70000076293945,52.07941436767578,309900
2024-10-31,52.459999084472656,52.66999816894531,51.66400146484375,51.959999084472656,51.3481330871582,536700
2024-11-01,52.06999969482422,52.59000015258789,51.56999969482422,51.599998474121094,50.99237060546875,558800
2024-11-04,51.66999816894531,52.41299819946289,51.599998474121094,51.959999084472656,51.3481330871582,806300
2024-11-05,56.849998474121094,59.23099899291992,50.63999938964844,51.540000915527344,50.933074951171875,1322200
2024-11-06,51.900001525878906,52.7400016784668,49.290000915527344,50.400001525878906,49.80650329589844,2107500
2024-11-07,50.34000015258789,50.8849983215332,49.6609992980957,50.04999923706055,49.46062088012695,1078700
2024-11-08,50.25,51.59000015258789,50.04999923706055,51.36000061035156,50.75519561767578,676600
2024-11-11,51.5,53.18000030517578,51.279998779296875,51.619998931884766,51.01213073730469,601200
2024-11-12,51.65999984741211,51.80099868774414,49.810001373291016,50.33000183105469,49.737327575683594,852600
2024-11-13,50.68000030517578,51.01499938964844,50.02000045776367,50.84000015258789,50.2413215637207,722300
2024-11-14,51.33000183105469,51.35300064086914,49.88999938964844,49.90999984741211,49.32227325439453,465300
2024-11-15,49.90999984741211,50.099998474121094,49.06999969482422,49.970001220703125,49.38156509399414,586700
2024-11-18,49.84000015258789,50.83000183105469,49.584999084472656,50.599998474121094,50.004146575927734,748000
2024-11-19,50.599998474121094,51.834999084472656,50.220001220703125,51.7400016784668,51.13072204589844,783300
2024-11-20,51.869998931884766,53.08000183105469,51.665000915527344,52.81999969482422,52.198001861572266,632200
2024-11-21,52.540000915527344,53.5099983215332,52.380001068115234,53.119998931884766,52.494468688964844,563100
2024-11-22,53.52000045776367,54.119998931884766,53.040000915527344,54.040000915527344,53.40364456176758,638500
2024-11-25,54.029998779296875,55.36000061035156,53.94499969482422,55.29999923706055,54.648799896240234,1012100
2024-11-26,55.060001373291016,55.400001525878906,53.52000045776367,54.380001068115234,53.739627838134766,590800
2024-11-27,54.40999984741211,54.6349983215332,53.529998779296875,53.650001525878906,53.01823425292969,374200
2024-11-29,53.630001068115234,53.970001220703125,52.95000076293945,53.72999954223633,53.221290588378906,218700
2024-12-02,53.58000183105469,54.119998931884766,52.810001373291016,52.81999969482422,52.31990432739258,319500
2024-12-03,52.869998931884766,53.310001373291016,52.189998626708984,53.040000915527344,52.53782653808594,461000
2024-12-04,52.91999816894531,54.15999984741211,52.90999984741211,54.130001068115234,53.61750793457031,445600
2024-12-05,53.70000076293945,54.93000030517578,53.560001373291016,53.63999938964844,53.13214111328125,747200
2024-12-06,54.380001068115234,54.5,52.86000061035156,53.349998474121094,52.844886779785156,522300
2024-12-09,53.060001373291016,53.540000915527344,52.22999954223633,52.34000015258789,51.84444808959961,671900
2024-12-10,52.22999954223633,52.95000076293945,51.91999816894531,52.310001373291016,51.81473922729492,500400
2024-12-11,52.400001525878906,52.880001068115234,50.630001068115234,51.16999816894531,50.68553161621094,692900
2024-12-12,51.20000076293945,51.83000183105469,50.5099983215332,51.29999923706055,50.814292907714844,500000
2024-12-13,51.0,51.32600021362305,50.369998931884766,50.84000015258789,50.3586540222168,380200
2024-12-16,50.79999923706055,51.53499984741211,50.58000183105469,51.5,51.01240158081055,395800
2024-12-17,51.08000183105469,51.5099983215332,50.209999084472656,50.939998626708984,50.45770263671875,469600
2024-12-18,51.189998626708984,52.0,49.66999816894531,49.849998474121094,49.37802505493164,676300
2024-12-19,50.31999969482422,50.93000030517578,49.15999984741211,49.45000076293945,48.9818115234375,587300
2024-12-20,49.209999084472656,51.04999923706055,49.209999084472656,50.88999938964844,50.40817642211914,1950800
2024-12-23,50.68000030517578,50.91999816894531,50.099998474121094,50.619998931884766,50.14073181152344,500000
2024-12-24,50.52000045776367,51.060001373291016,50.439998626708984,50.88999938964844,50.40817642211914,98600
2024-12-26,50.650001525878906,51.54999923706055,50.650001525878906,51.119998931884766,50.6359977722168,926900
2024-12-27,50.630001068115234,51.61000061035156,49.939998626708984,50.40999984741211,49.93272399902344,976900
2024-12-30,50.029998779296875,50.5,48.9900016784668,50.15999984741211,49.685089111328125,1054000
2024-12-31,50.220001220703125,50.58000183105469,49.6349983215332,49.880001068115234,49.40774917602539,1103700
2025-01-02,50.0,50.369998931884766,49.31999969482422,49.650001525878906,49.17991638183594,624500
2025-01-03,49.5099983215332,50.040000915527344,49.27000045776367,49.310001373291016,48.843143463134766,992300
2025-01-06,49.33000183105469,49.790000915527344,49.029998779296875,49.13999938964844,48.674747467041016,858800
2025-01-07,49.400001525878906,50.189998626708984,49.31999969482422,50.0,49.52660369873047,684900
2025-01-08,49.810001373291016,50.040000915527344,49.09000015258789,49.38999938964844,48.9223747253418,727200
2025-01-10,49.0,49.72999954223633,48.540000915527344,49.29999923706055,48.833229064941406,572000
2025-01-13,49.380001068115234,50.09000015258789,49.27000045776367,49.65999984741211,49.18982696533203,379900
2025-01-14,49.93000030517578,51.38999938964844,49.83000183105469,51.34000015258789,50.853919982910156,383000
2025-01-15,51.91999816894531,51.9900016784668,50.68000030517578,51.040000915527344,50.556758880615234,364700
2025-01-16,51.130001068115234,52.27000045776367,51.130001068115234,51.93000030517578,51.438331604003906,590000
2025-01-17,52.220001220703125,52.2400016784668,51.689998626708984,51.95000076293945,51.4581413269043,147300
2025-01-21,52.06999969482422,53.25,52.06999969482422,53.209999084472656,52.70621109008789,272200
2025-01-22,53.5,53.9900016784668,52.82600021362305,53.599998474121094,53.09252166748047,594000
2025-01-23,53.52000045776367,53.61000061035156,52.72600173950195,53.43000030517578,52.924129486083984,338200
2025-01-24,53.220001220703125,53.63999938964844,52.849998474121094,53.27000045776367,52.765647888183594,361400
2025-01-27,53.529998779296875,53.823001861572266,52.29499816894531,52.880001068115234,52.37934112548828,632400
2025-01-28,53.2400016784668,53.90999984741211,52.52000045776367,53.880001068115234,53.369869232177734,466900
2025-01-29,53.959999084472656,54.275001525878906,53.23500061035156,53.779998779296875,53.270816802978516,193100
2025-01-30,53.86000061035156,55.05500030517578,53.52000045776367,54.93000030517578,54.40992736816406,220500
2025-01-31,54.900001525878906,54.959999084472656,53.689998626708984,53.90999984741211,53.39958572387695,441600
2025-02-03,53.0,53.959999084472656,52.779998779296875,53.349998474121094,52.844886779785156,357400
2025-02-04,53.650001525878906,54.85499954223633,53.34000015258789,54.150001525878906,53.63731384277344,551200
2025-02-05,54.47999954223633,55.83000183105469,54.19499969482422,55.27000045776367,54.74671173095703,416400
2025-02-06,55.650001525878906,55.650001525878906,53.98500061035156,54.40999984741211,53.89485168457031,347900
2025-02-07,54.7599983215332,55.084999084472656,53.73500061035156,53.880001068115234,53.369869232177734,274900
2025-02-10,54.31999969482422,54.900001525878906,53.939998626708984,54.66999816894531,54.15238952636719,164200
2025-02-11,54.66999816894531,55.220001220703125,54.16999816894531,54.79999923706055,54.281158447265625,295900
2025-02-12,54.75,55.98500061035156,53.720001220703125,55.79999923706055,55.271690368652344,465300
2025-02-13,55.779998779296875,57.720001220703125,55.709999084472656,57.349998474121094,56.8070182800293,856200
2025-02-14,57.36000061035156,57.790000915527344,56.220001220703125,56.70000076293945,56.163169860839844,560700
2025-02-18,57.31999969482422,57.5,56.209999084472656,56.5,55.965065002441406,693700
2025-02-19,56.36000061035156,56.52000045776367,54.91999816894531,55.58000183105469,55.053775787353516,630200
2025-02-20,56.400001525878906,57.18000030517578,51.36000061035156,54.0099983215332,53.49863815307617,696700
2025-02-21,54.02000045776367,54.599998474121094,52.630001068115234,53.0099983215332,52.50810241699219,810900
2025-02-24,53.154998779296875,54.15999984741211,52.54999923706055,52.81999969482422,52.31990432739258,610700
2025-02-25,53.040000915527344,54.47999954223633,52.540000915527344,54.15999984741211,53.64722442626953,484200
2025-02-26,53.86000061035156,55.040000915527344,53.380001068115234,53.41999816894531,52.914222717285156,404000
2025-02-27,53.45000076293945,54.56999969482422,52.9900016784668,53.040000915527344,52.53782653808594,508800
2025-02-28,53.0099983215332,53.56999969482422,52.290000915527344,53.189998626708984,52.815853118896484,527600
2025-03-03,53.220001220703125,53.650001525878906,51.691001892089844,51.83000183105469,51.465423583984375,239700
2025-03-04,51.18000030517578,53.2599983215332,51.15999984741211,52.4900016784668,52.120784759521484,561300
2025-03-05,52.47999954223633,53.31999969482422,52.11000061035156,52.599998474121094,52.230003356933594,463300
2025-03-06,51.869998931884766,52.209999084472656,50.869998931884766,51.279998779296875,50.91928482055664,363000
2025-03-07,51.0099983215332,54.41999816894531,50.85499954223633,52.83000183105469,52.45838928222656,766200
2025-03-10,51.810001373291016,52.65999984741211,51.11000061035156,51.29999923706055,50.93914794921875,606100
2025-03-11,51.16999816894531,51.32500076293945,49.779998779296875,50.34000015258789,49.98590087890625,611700
2025-03-12,50.959999084472656,51.025001525878906,49.34000015258789,50.650001525878906,50.293724060058594,468900
2025-03-13,50.540000915527344,50.70000076293945,49.689998626708984,50.59000015258789,50.2341423034668,228700
2025-03-14,51.15999984741211,52.470001220703125,51.0,52.2400016784668,51.87253952026367,558500
2025-03-17,53.279998779296875,53.68000030517578,52.2400016784668,52.38999938964844,52.021480560302734,641600
2025-03-18,51.84000015258789,53.54999923706055,51.72999954223633,53.15999984741211,52.786067962646484,471400
2025-03-19,53.13999938964844,53.79999923706055,52.81999969482422,53.790000915527344,53.41163635253906,386300
2025-03-20,53.040000915527344,53.98500061035156,53.040000915527344,53.720001220703125,53.342132568359375,528300
2025-03-21,53.36000061035156,53.650001525878906,52.52000045776367,53.5,53.12367630004883,1463200
2025-03-24,53.650001525878906,54.15999984741211,53.349998474121094,53.790000915527344,53.41163635253906,767300
2025-03-25,54.04999923706055,55.029998779296875,53.880001068115234,54.75,54.36488342285156,639300
2025-03-26,55.25,55.8849983215332,54.349998474121094,54.900001525878906,54.51382827758789,751300
2025-03-27,54.75,55.61000061035156,54.32500076293945,55.56999969482422,55.17911148071289,1279500
2025-03-28,55.79999923706055,56.654998779296875,54.779998779296875,55.689998626708984,55.29826736450195,1140300
2025-03-31,54.939998626708984,56.45000076293945,54.22100067138672,56.400001525878906,56.00327682495117,1512000
2025-04-01,56.400001525878906,58.380001068115234,55.79999923706055,57.849998474121094,57.443077087402344,1554900
2025-04-02,56.77000045776367,58.2400016784668,56.50199890136719,57.11000061035156,56.70827865600586,1414200
2025-04-03,55.34000015258789,57.685001373291016,54.534000396728516,57.380001068115234,56.97637939453125,1206500
2025-04-04,56.029998779296875,56.029998779296875,53.54399871826172,54.41999816894531,54.037200927734375,2693800
2025-04-07,52.79999923706055,54.27000045776367,51.22999954223633,53.68000030517578,53.30241012573242,1325400
2025-04-08,55.189998626708984,55.189998626708984,51.904998779296875,53.08000183105469,52.706634521484375,1743500
2025-04-09,52.279998779296875,55.91999816894531,49.93000030517578,55.11000061035156,54.722347259521484,2928400
2025-04-10,54.439998626708984,55.2400016784668,52.44499969482422,54.869998931884766,54.48403549194336,1175200
2025-04-11,54.970001220703125,56.47999954223633,53.70000076293945,56.459999084472656,56.06285095214844,1226700
2025-04-14,56.939998626708984,57.56999969482422,56.310001373291016,57.4900016784668,57.085609436035156,889500
2025-04-15,57.560001373291016,57.75,56.84000015258789,57.720001220703125,57.313987731933594,1104500
2025-04-16,57.15999984741211,57.560001373291016,54.5,55.18000030517578,54.7918586730957,900000
2025-04-17,55.5099983215332,55.880001068115234,54.104000091552734,55.68000030517578,55.28834533691406,971700
2025-04-21,55.380001068115234,55.380001068115234,52.400001525878906,53.09000015258789,52.716556549072266,680000
2025-04-22,53.439998626708984,55.5099983215332,53.439998626708984,55.5099983215332,55.11953353881836,803200
2025-04-23,56.560001373291016,57.220001220703125,55.290000915527344,56.52000045776367,56.122432708740234,927400
2025-04-24,56.650001525878906,58.52000045776367,56.255001068115234,57.880001068115234,57.47286605834961,1117500
2025-04-25,57.880001068115234,58.529998779296875,56.459999084472656,57.650001525878906,57.244483947753906,807200
2025-04-28,57.47999954223633,58.41999816894531,56.849998474121094,57.33000183105469,56.926734924316406,595800
2025-04-29,57.630001068115234,57.6870002746582,56.1349983215332,56.849998474121094,56.450111389160156,3018600
2025-04-30,56.5,57.474998474121094,55.375,57.189998626708984,56.787715911865234,2232600
2025-05-01,57.52000045776367,59.18000030517578,56.70000076293945,58.38999938964844,57.979278564453125,1018800
2025-05-02,59.04999923706055,59.900001525878906,58.78499984741211,59.849998474121094,59.42900848388672,901800
2025-05-05,59.95000076293945,60.599998474121094,59.400001525878906,59.959999084472656,59.53823471069336,890900
2025-05-06,60.13999938964844,68.8489990234375,60.0,67.33000183105469,66.85639190673828,2205800
2025-05-07,67.44000244140625,71.88999938964844,66.97799682617188,70.0,69.50761413574219,2097700
2025-05-08,69.77999877929688,71.24500274658203,69.13999938964844,70.48999786376953,69.9941635131836,1278700
2025-05-09,70.5,70.91999816894531,69.44999694824219,70.16999816894531,69.6764144897461,937400
2025-05-12,71.01000213623047,71.94999694824219,68.5999984741211,70.3499984741211,69.85514068603516,1257000
2025-05-13,70.66000366210938,71.18000030517578,69.5199966430664,71.13999938964844,70.63959503173828,1404200
2025-05-14,70.40499877929688,70.4800033569336,69.18000030517578,69.86000061035156,69.36859893798828,1099700
2025-05-15,70.43000030517578,71.08000183105469,69.4800033569336,71.05000305175781,70.55022430419922,735100
2025-05-16,71.0999984741211,72.76000213623047,70.44999694824219,72.76000213623047,72.24819946289062,535100
2025-05-19,71.54000091552734,72.80999755859375,71.37999725341797,72.79000091552734,72.27798461914062,510500
2025-05-20,72.41999816894531,72.72000122070312,71.56999969482422,71.76000213623047,71.25523376464844,466900
2025-05-21,71.19999694824219,71.875,70.88999938964844,71.54000091552734,71.03677368164062,645000
2025-05-22,71.25,71.5,70.5,71.0,70.50057220458984,404000
2025-05-23,70.76000213623047,71.97000122070312,70.0,71.79000091552734,71.28501892089844,419600
2025-05-27,72.38999938964844,72.80000305175781,71.80000305175781,72.4000015258789,71.89073181152344,576300
2025-05-28,72.12000274658203,72.6719970703125,71.54000091552734,71.5999984741211,71.09635925292969,483100
2025-05-29,71.58999633789062,71.75,70.51499938964844,70.98999786376953,70.49064636230469,349200
2025-05-30,70.91000366210938,71.9000015258789,70.44999694824219,71.5,71.12731170654297,776300
2025-06-02,71.5,71.91000366210938,70.70999908447266,71.81999969482422,71.44564819335938,519100
2025-06-03,71.79000091552734,72.0,68.31999969482422,70.0999984741211,69.73461151123047,1020400
2025-06-04,70.63999938964844,72.2249984741211,69.70999908447266,71.88999938964844,71.51527404785156,621500
2025-06-05,71.5999984741211,72.12999725341797,70.73999786376953,71.12000274658203,70.7492904663086,467700
2025-06-06,71.31999969482422,72.04000091552734,70.88999938964844,71.18000030517578,70.8089828491211,507500
2025-06-09,70.83000183105469,71.16000366210938,69.95500183105469,70.55000305175781,70.18226623535156,581800
2025-06-10,70.51000213623047,70.91999816894531,69.9000015258789,70.13999938964844,69.77439880371094,456800
2025-06-11,70.36000061035156,70.91000366210938,69.8550033569336,70.44999694824219,70.0827865600586,529900
2025-06-12,70.5,70.93000030517578,70.0,70.37999725341797,70.01314544677734,419300
2025-06-13,70.5,71.3270034790039,69.80899810791016,70.66000366210938,70.29169464111328,458800
2025-06-16,71.0,72.41999816894531,70.4749984741211,71.5199966430664,71.14720153808594,405100
2025-06-17,71.25,71.2699966430664,70.2699966430664,70.63999938964844,70.27179718017578,381600
2025-06-18,70.93000030517578,71.52999877929688,70.23999786376953,70.87999725341797,70.51053619384766,494700
2025-06-20,71.01000213623047,71.30999755859375,70.0,70.61000061035156,70.241943359375,1592400
2025-06-23,70.7699966430664,71.7490005493164,70.40499877929688,71.47000122070312,71.09747314453125,480900
2025-06-24,72.12999725341797,72.94000244140625,71.36000061035156,72.91000366210938,72.52996826171875,366400
2025-06-25,73.0999984741211,73.9800033569336,70.48999786376953,70.62000274658203,70.25189971923828,929900
2025-06-26,71.0199966430664,72.8499984741211,70.80000305175781,72.16999816894531,71.79381561279297,1363900
2025-06-27,72.04000091552734,72.94000244140625,71.63500213623047,72.16999816894531,71.79381561279297,1058800
2025-06-30,72.70999908447266,73.38999938964844,72.22000122070312,72.86000061035156,72.480224609375,1230200
2025-07-01,72.33999633789062,72.83000183105469,69.6500015258789,69.70999908447266,69.34664154052734,1119500
2025-07-02,69.81999969482422,71.01000213623047,68.54000091552734,70.87000274658203,70.50059509277344,1566000
2025-07-03,70.6500015258789,72.19999694824219,70.0199966430664,70.68000030517578,70.31158447265625,613600
2025-07-07,70.58000183105469,73.30000305175781,70.55999755859375,73.08999633789062,72.70902252197266,1093700
2025-07-08,72.76000213623047,73.23999786376953,70.41999816894531,71.12999725341797,70.75923919677734,933200
2025-07-09,71.25,71.48500061035156,70.18000030517578,70.9000015258789,70.53043365478516,725500
2025-07-10,71.38999938964844,71.95500183105469,70.66999816894531,71.47000122070312,71.09747314453125,499400
2025-07-11,71.19999694824219,71.91999816894531,70.91999816894531,71.41000366210938,71.03778839111328,477400
2025-07-14,71.4000015258789,73.22000122070312,71.3499984741211,72.48999786376953,72.11215209960938,621600
2025-07-15,72.2699966430664,72.56500244140625,70.73999786376953,70.9800033569336,70.61002349853516,552300
2025-07-16,71.23999786376953,71.69000244140625,70.1500015258789,70.83000183105469,70.46080780029297,431800
2025-07-17,70.0999984741211,71.04399871826172,69.70999908447266,70.06999969482422,69.70476531982422,621200
2025-07-18,70.94999694824219,71.05999755859375,70.0,70.2300033569336,69.86392974853516,400600
2025-07-21,70.52999877929688,70.81500244140625,69.875,70.01000213623047,69.64508056640625,464600
2025-07-22,69.87999725341797,70.7300033569336,69.36000061035156,70.55999755859375,70.19221496582031,969300
2025-07-23,70.25,71.22000122070312,70.19000244140625,70.31999969482422,69.95346069335938,317400
2025-07-24,70.45999908447266,71.16000366210938,70.25499725341797,70.63999938964844,70.27179718017578,297800
2025-07-25,70.58999633789062,71.11000061035156,70.19999694824219,70.33000183105469,69.96340942382812,229100
2025-07-28,70.54000091552734,70.94000244140625,69.92500305175781,70.02999877929688,69.66497802734375,277200
2025-07-29,71.22000122070312,72.4000015258789,70.69999694824219,72.38999938964844,72.0126724243164,794700
2025-07-30,71.22000122070312,73.18000030517578,71.22000122070312,73.16999816894531,72.78860473632812,782000
2025-07-31,73.56999969482422,74.1500015258789,72.91000366210938,73.12000274658203,72.7388687133789,593300
2025-08-01,73.04000091552734,73.04000091552734,71.01000213623047,71.9000015258789,71.52522277832031,1092700
2025-08-04,71.31999969482422,73.33999633789062,71.31999969482422,73.04000091552734,72.6592788696289,1012100
2025-08-05,71.88999938964844,72.34500122070312,61.95000076293945,64.62999725341797,64.2931137084961,3148900
2025-08-06,64.11000061035156,65.91999816894531,62.0,65.43000030517578,65.08894348144531,1854900
2025-08-07,66.05999755859375,66.08000183105469,64.4000015258789,65.97000122070312,65.62613677978516,1347800
2025-08-08,66.62999725341797,67.13999938964844,66.0,66.63999938964844,66.29264831542969,930400
2025-08-11,66.16000366210938,69.30000305175781,65.83000183105469,66.2300033569336,65.88478088378906,2143400
2025-08-12,66.4000015258789,67.54000091552734,64.83999633789062,67.2699966430664,66.91934967041016,1352500
2025-08-13,67.80000305175781,70.79499816894531,66.75,70.3499984741211,69.9832992553711,1341700
2025-08-14,69.86000061035156,69.93000030517578,66.80000305175781,66.83999633789062,66.4916000366211,831700
2025-08-15,66.38999938964844,67.2699966430664,66.18000030517578,67.0999984741211,66.75025177001953,927600
2025-08-18,67.37000274658203,67.81999969482422,66.83000183105469,66.83000183105469,66.48165893554688,800000
2025-08-19,66.72000122070312,67.5,66.1500015258789,66.73999786376953,66.39212036132812,1230300
2025-08-20,67.25,67.36000061035156,66.06999969482422,66.9000015258789,66.55128479003906,550800
2025-08-21,66.3499984741211,66.69999694824219,65.01000213623047,65.19999694824219,64.86014556884766,692700
2025-08-22,65.58999633789062,66.06500244140625,64.58000183105469,65.3499984741211,65.00936126708984,948000
2025-08-25,65.55999755859375,65.55999755859375,62.59000015258789,62.630001068115234,62.30354690551758,692600
2025-08-26,63.06999969482422,63.84000015258789,63.0099983215332,63.20000076293945,62.87057113647461,860600
2025-08-27,63.31999969482422,63.91999816894531,62.439998626708984,63.20000076293945,62.87057113647461,712900
2025-08-28,63.52000045776367,63.529998779296875,62.625,63.33000183105469,62.99989700317383,433400
2025-08-29,63.02000045776367,63.33000183105469,62.11000061035156,63.16999816894531,62.96998977661133,509600
2025-09-02,62.470001220703125,64.44000244140625,62.470001220703125,64.0199966430664,63.81729507446289,882500
2025-09-03,63.630001068115234,64.01000213623047,62.20000076293945,62.709999084472656,62.51144790649414,1044800
2025-09-04,63.119998931884766,63.54999923706055,62.5,63.38999938964844,63.18929672241211,883600
2025-09-05,63.91999816894531,64.58000183105469,62.79999923706055,63.849998474121094,63.6478385925293,638800
2025-09-08,63.5,64.80000305175781,61.63999938964844,63.91999816894531,63.717613220214844,1511200
2025-09-09,63.650001525878906,65.91000366210938,63.18000030517578,65.61000061035156,65.40226745605469,925000
2025-09-10,65.72000122070312,66.0,64.77999877929688,65.38999938964844,65.1829605102539,829300
2025-09-11,66.0,68.43000030517578,65.16999816894531,68.33999633789062,68.12361907958984,675600
2025-09-12,68.16000366210938,68.38500213623047,66.72000122070312,66.75,66.53865814208984,513600
2025-09-15,67.48999786376953,68.25,66.80999755859375,67.55000305175781,67.33612823486328,482900
2025-09-16,67.75,67.94999694824219,66.16999816894531,66.62999725341797,66.41902923583984,574300
2025-09-17,66.9000015258789,67.7699966430664,66.68000030517578,67.45999908447266,67.24640655517578,428600
2025-09-18,67.76000213623047,68.46499633789062,67.16899871826172,67.98999786376953,67.77472686767578,529300
2025-09-19,67.97000122070312,68.7699966430664,67.8499984741211,68.0999984741211,67.88438415527344,1526400
2025-09-22,68.41000366210938,69.37999725341797,67.77999877929688,68.52999877929688,68.31301879882812,378900
2025-09-23,68.52999877929688,69.19999694824219,68.20999908447266,68.83000183105469,68.61207580566406,682200
2025-09-24,68.79000091552734,69.05500030517578,67.36799621582031,67.5,67.2862777709961,644800
2025-09-25,67.0199966430664,68.66999816894531,66.7699966430664,68.5199966430664,68.30304718017578,422300
2025-09-26,68.7300033569336,69.86000061035156,68.6449966430664,69.44000244140625,69.22013854980469,513600
2025-09-29,69.9000015258789,70.48899841308594,69.04499816894531,70.16999816894531,69.94782257080078,564000
2025-09-30,70.2699966430664,70.88999938964844,70.04000091552734,70.86000061035156,70.6356430053711,1128700
2025-10-01,70.69000244140625,71.80000305175781,69.88999938964844,70.69999694824219,70.47614288330078,1042400
2025-10-02,70.83000183105469,71.70999908447266,70.0999984741211,71.55000305175781,71.3234634399414,471000
2025-10-03,71.33000183105469,72.71499633789062,71.33000183105469,72.20999908447266,71.98136901855469,558900
2025-10-06,72.19999694824219,73.91000366210938,72.0,73.80999755859375,73.5762939453125,395600
2025-10-07,73.91000366210938,74.05000305175781,73.05999755859375,73.45999908447266,73.22740936279297,431400
2025-10-08,74.31999969482422,75.55999755859375,73.44000244140625,75.11000061035156,74.87218475341797,502300
2025-10-09,75.18000030517578,75.23999786376953,72.9000015258789,73.05999755859375,72.82867431640625,357300
2025-10-10,73.30999755859375,73.80500030517578,71.86000061035156,72.16000366210938,71.93152618408203,426400
2025-10-13,72.43000030517578,73.13999938964844,72.11000061035156,72.36000061035156,72.13089752197266,327700
2025-10-14,72.48999786376953,79.05000305175781,72.48999786376953,77.55000305175781,77.3044662475586,747800
2025-10-15,77.55000305175781,78.0,76.6500015258789,77.3499984741211,77.10508728027344,728600
2025-10-16,77.3499984741211,77.79000091552734,75.95999908447266,76.43000030517578,76.18800354003906,506400
2025-10-17,75.94999694824219,76.20500183105469,74.58999633789062,75.4000015258789,75.16127014160156,381400
2025-10-20,76.08999633789062,77.12000274658203,75.83499908447266,76.63999938964844,76.39734649658203,214700
2025-10-21,77.44000244140625,77.45500183105469,75.94499969482422,76.36000061035156,76.11823272705078,292200
2025-10-22,75.69000244140625,77.11000061035156,75.33899688720703,77.06999969482422,76.82597351074219,414800
2025-10-23,77.5,79.36499786376953,77.19999694824219,79.16000366210938,78.90936279296875,340300
2025-10-24,79.68000030517578,80.69000244140625,79.32499694824219,80.0,79.7467041015625,586200
2025-10-27,80.88999938964844,81.41000366210938,79.44499969482422,80.33999633789062,80.08561706542969,1559000
2025-10-28,79.70999908447266,81.77999877929688,79.70999908447266,81.08000183105469,80.82328796386719,508600
2025-10-29,81.7699966430664,81.83000183105469,80.41999816894531,81.0199966430664,80.76347351074219,455700
2025-10-30,81.44999694824219,81.83999633789062,78.24500274658203,78.36000061035156,78.11190032958984,808100
2025-10-31,77.88999938964844,78.41000366210938,76.83999633789062,77.87000274658203,77.62345123291016,783100
2025-11-03,78.37000274658203,79.05999755859375,77.24500274658203,78.61000061035156,78.36109924316406,793000
2025-11-04,86.02999877929688,91.94999694824219,84.47000122070312,86.95999908447266,86.68466186523438,1035500
2025-11-05,85.23999786376953,87.37999725341797,84.62999725341797,85.77999877929688,85.5083999633789,767600
2025-11-06,85.7699966430664,85.8499984741211,84.43000030517578,85.68000030517578,85.4087142944336,391500
2025-11-07,84.91999816894531,87.25,84.16999816894531,85.6500015258789,85.37881469726562,697400
2025-11-10,85.63999938964844,87.66999816894531,85.37000274658203,86.93000030517578,86.6547622680664,331200
2025-11-11,86.62000274658203,87.8499984741211,86.55000305175781,87.72000122070312,87.4422607421875,660100
2025-11-12,88.41999816894531,88.41999816894531,86.5199966430664,86.52999877929688,86.25602722167969,378400
2025-11-13,88.12999725341797,88.12999725341797,84.75,85.3499984741211,85.07976531982422,349400
2025-11-14,84.31999969482422,87.12000274658203,84.19300079345703,86.63999938964844,86.36568450927734,420500
2025-11-17,86.19999694824219,87.58000183105469,85.80999755859375,86.12000274658203,85.84732818603516,797500
2025-11-18,86.12000274658203,87.66000366210938,85.61000061035156,87.4800033569336,87.2030258178711,444900
2025-11-19,87.56999969482422,88.26899719238281,86.52999877929688,86.62000274658203,86.34574127197266,476400
2025-11-20,88.1500015258789,88.1500015258789,84.2300033569336,85.83000183105469,85.5582504272461,775300
2025-11-21,85.30000305175781,86.80999755859375,84.86000061035156,85.69999694824219,85.42864990234375,601600
2025-11-24,85.94999694824219,87.48500061035156,85.18000030517578,87.4000015258789,87.12327575683594,617100
2025-11-25,87.56999969482422,89.03500366210938,87.0719985961914,88.68000030517578,88.39921569824219,378700
2025-11-26,88.98999786376953,90.91000366210938,88.91000366210938,90.16000366210938,89.8745346069336,438300
2025-11-28,90.69000244140625,91.55999755859375,90.30000305175781,91.20999908447266,91.05249786376953,306100
2025-12-01,91.0,91.66000366210938,90.19000244140625,90.19999694824219,90.04423522949219,384400
2025-12-02,90.0999984741211,91.1500015258789,88.79000091552734,88.8499984741211,88.69657135009766,276500
2025-12-03,88.87999725341797,88.87999725341797,79.30999755859375,79.37999725341797,79.242919921875,2183400
2025-12-04,76.05999755859375,77.83999633789062,76.05000305175781,76.73999786376953,76.60748291015625,6985600
2025-12-05,76.80000305175781,77.5,76.31999969482422,76.5999984741211,76.46772766113281,4294900
2025-12-08,78.44000244140625,78.5,77.13999938964844,77.87000274658203,77.73553466796875,3969000
2025-12-09,77.0999984741211,78.30999755859375,76.26000213623047,77.5199966430664,77.3861312866211,2231100
2025-12-10,76.79000091552734,77.8499984741211,76.22000122070312,77.08999633789062,76.95687866210938,1637900
2025-12-11,77.06999969482422,78.12000274658203,76.5999984741211,78.0,77.86531066894531,1343800
2025-12-12,78.1500015258789,78.18000030517578,77.2300033569336,77.87999725341797,77.74551391601562,1238000
2025-12-15,78.20999908447266,78.63999938964844,76.8499984741211,77.43000030517578,77.29629516601562,1505700
2025-12-16,77.25,78.26000213623047,77.25,77.52999877929688,77.3961181640625,1581400
2025-12-17,78.4000015258789,79.16999816894531,77.81999969482422,78.20999908447266,78.07494354248047,1852700
2025-12-18,78.31999969482422,80.62000274658203,78.18499755859375,78.72000122070312,78.58406829833984,2294800
2025-12-19,79.0,79.52999877929688,76.83999633789062,76.94999694824219,76.8171157836914,11540300
2025-12-22,76.62999725341797,78.83999633789062,76.62999725341797,77.91000366210938,77.77546691894531,1520500
2025-12-23,77.77999877929688,78.33999633789062,77.25,78.27999877929688,78.14482116699219,856300
2025-12-24,77.72000122070312,78.87899780273438,77.4800033569336,78.68000030517578,78.54413604736328,351400
2025-12-26,78.55000305175781,79.98999786376953,78.05000305175781,79.95999908447266,79.8219223022461,882300
2025-12-29,79.91000366210938,81.31999969482422,79.48999786376953,80.8499984741211,80.71038818359375,1026600
2025-12-30,80.55999755859375,81.41000366210938,79.91999816894531,80.30000305175781,80.16133880615234,1099100
2025-12-31,80.08999633789062,80.3239974975586,78.48999786376953,78.86000061035156,78.72382354736328,1226600
2026-01-02,78.6500015258789,80.95999908447266,78.56999969482422,80.91000366210938,80.7702865600586,2002900
2026-01-05,80.62000274658203,83.625,80.62000274658203,83.30999755859375,83.1661376953125,1994700
2026-01-06,83.36000061035156,85.22000122070312,82.16000366210938,84.5199966430664,84.3740463256836,1761800
2026-01-07,84.80000305175781,85.45999908447266,83.7699966430664,84.4000015258789,84.25425720214844,1254500
2026-01-08,84.56999969482422,84.80000305175781,81.78500366210938,82.98999786376953,82.84668731689453,1257400
2026-01-09,83.2699966430664,84.83000183105469,82.9000015258789,84.37999725341797,84.23429107666016,803200
2026-01-12,84.3499984741211,85.26000213623047,81.88999938964844,81.95999908447266,81.81847381591797,1147000
2026-01-13,82.68000030517578,82.68000030517578,80.08000183105469,80.9800033569336,80.84016418457031,1042000
2026-01-14,80.80000305175781,81.33699798583984,76.95999908447266,77.01000213623047,76.87702178955078,1483000
2026-01-15,77.79000091552734,79.5,76.61000061035156,77.12999725341797,76.99681091308594,1160500
2026-01-16,76.58000183105469,77.2300033569336,74.94000244140625,75.0,74.87049102783203,1167100
2026-01-20,74.70999908447266,75.80000305175781,72.66000366210938,72.9000015258789,72.77411651611328,1047800
2026-01-21,72.87000274658203,74.19000244140625,71.69000244140625,72.9000015258789,72.77411651611328,1489500
2026-01-22,73.44999694824219,73.7300033569336,72.18000030517578,72.5999984741211,72.4746322631836,740900
2026-01-23,72.47000122070312,72.81600189208984,70.66999816894531,71.19999694824219,71.0770492553711,1232200
2026-01-26,71.12999725341797,73.16999816894531,71.12999725341797,73.12000274658203,72.99373626708984,931500
2026-01-27,72.88999938964844,73.6500015258789,72.3499984741211,72.41000366210938,72.28496551513672,811800
2026-01-28,72.58000183105469,72.75499725341797,70.6500015258789,72.16000366210938,72.035400390625,833900
2026-01-29,72.27999877929688,72.91999816894531,70.12999725341797,71.19000244140625,71.06707000732422,1054900
2026-01-30,70.29000091552734,71.55000305175781,69.83000183105469,70.2300033569336,70.10872650146484,603900
2026-02-02,70.62999725341797,71.86000061035156,69.98999786376953,71.66999816894531,71.5462417602539,1132400
2026-02-03,70.80999755859375,71.11499786376953,68.62000274658203,70.62000274658203,70.49805450439453,1619200
2026-02-04,70.11000061035156,71.91999816894531,69.47000122070312,71.8499984741211,71.7259292602539,1378500
2026-02-05,72.45999908447266,73.62000274658203,69.06999969482422,69.33999633789062,69.22026062011719,1264400
2026-02-06,70.19000244140625,71.86000061035156,69.77999877929688,71.48999786376953,71.36654663085938,1042300
2026-02-09,72.01000213623047,72.72000122070312,71.5250015258789,72.19999694824219,72.07532501220703,755300
2026-02-10,72.44999694824219,73.44000244140625,72.0999984741211,73.33000183105469,73.20337677001953,852500
2026-02-11,72.93000030517578,73.55000305175781,71.30000305175781,72.55000305175781,72.42472076416016,786200
2026-02-12,72.7300033569336,73.25,68.72000122070312,69.01000213623047,68.89083862304688,679100
2026-02-13,69.27999877929688,70.28500366210938,68.37999725341797,70.0199966430664,69.89908599853516,1028600
2026-02-17,70.58000183105469,71.61000061035156,70.01000213623047,70.61000061035156,70.48806762695312,669500
2026-02-18,70.51000213623047,71.75,69.7699966430664,71.25,71.12696838378906,1519300
2026-02-19,74.88999938964844,82.94000244140625,72.66500091552734,82.63999938964844,82.49729919433594,2797000
2026-02-20,82.79000091552734,83.61499786376953,79.11000061035156,80.16999816894531,80.03156280517578,997700
2026-02-23,79.87000274658203,80.05000305175781,77.93000030517578,78.27999877929688,78.14482116699219,822700
2026-02-24,77.83000183105469,80.7699966430664,77.73999786376953,80.69000244140625,80.55066680908203,798600
2026-02-25,81.44999694824219,82.22000122070312,80.55000305175781,81.98999786376953,81.84841918945312,560000
2026-02-26,82.66999816894531,84.38999938964844,82.0999984741211,84.11000061035156,83.96475982666016,634400
2026-02-27,83.98999786376953,84.45999908447266,82.34500122070312,83.97000122070312,83.82500457763672,650600
2026-03-02,83.06999969482422,84.70999908447266,82.02999877929688,83.68000030517578,83.68000030517578,437300
2026-03-03,82.01000213623047,82.82499694824219,79.72000122070312,82.27999877929688,82.27999877929688,464600
2026-03-04,82.33999633789062,83.70999908447266,80.31999969482422,81.08000183105469,81.08000183105469,594500
2026-03-05,80.6500015258789,82.44999694824219,80.16000366210938,81.5199966430664,81.5199966430664,678200
2026-03-06,79.96499633789062,81.22000122070312,79.05000305175781,81.06999969482422,81.06999969482422,460000
2026-03-09,80.58000183105469,82.5999984741211,78.0,82.48999786376953,82.48999786376953,725000
2026-03-10,81.5199966430664,82.13999938964844,79.04000091552734,81.62999725341797,81.62999725341797,476300
2026-03-11,81.68000030517578,83.45999908447266,80.4540023803711,82.83000183105469,82.83000183105469,673800
2026-03-12,82.61000061035156,83.9800033569336,81.30999755859375,83.7300033569336,83.7300033569336,703000
2026-03-13,83.77999877929688,85.73999786376953,82.94999694824219,83.22000122070312,83.22000122070312,829300
2026-03-16,83.70999908447266,85.22000122070312,82.31999969482422,85.18000030517578,85.18000030517578,766400
2026-03-17,86.45999908447266,87.3499984741211,85.4749984741211,85.79000091552734,85.79000091552734,555500
2026-03-18,86.0,87.08000183105469,85.45999908447266,86.43000030517578,86.43000030517578,1165100
2026-03-19,85.63999938964844,86.54000091552734,82.41999816894531,83.33999633789062,83.33999633789062,677100
2026-03-20,83.1500015258789,83.38999938964844,81.13999938964844,82.69999694824219,82.69999694824219,2138500
2026-03-23,83.94000244140625,86.30999755859375,83.55000305175781,86.02999877929688,86.02999877929688,861000
2026-03-24,85.3499984741211,87.73999786376953,84.9800033569336,87.31999969482422,87.31999969482422,748000
2026-03-25,88.51000213623047,89.44999694824219,83.51000213623047,86.94999694824219,86.94999694824219,1250400
2026-03-26,85.55999755859375,87.8499984741211,83.55000305175781,83.75,83.75,1272100
2026-03-27,83.08999633789062,84.81300354003906,82.33999633789062,83.91000366210938,83.91000366210938,966800
