entry_key,metrics_overfit_ratio,metrics_return_per_bar,metrics_test_trade_count,metrics_train_return_per_bar,numeric_entry_params_atr_factor,numeric_entry_params_atr_period,numeric_entry_params_max_setup_hold_bars,tbm_params_active_trail_sl,tbm_params_exit_on_close,tbm_params_max_holding_bars,tbm_params_sl_mult,tbm_params_sl_trail_mult,tbm_params_time_decay_mult,tbm_params_time_decay_sl,tbm_params_tp_mult,tbm_params_tp_trail_mult
atr_factor=2.0|atr_period=7.0|max_setup_hold_bars=3.0,1.062,1.170629326763284,46,1.2427402462310522,2.0,7.0,3.0,False,True,6,7.6000000000000005,2.5000000000000004,0.8,False,1.9000000000000001,0.06999999999999999
atr_factor=2.0|atr_period=7.0|max_setup_hold_bars=5.0,1.229,0.8603223240744476,83,1.0571167898753577,2.0,7.0,5.0,True,True,24,5.800000000000001,9.5,0.30000000000000004,True,1.3000000000000003,0.01
atr_factor=2.0|atr_period=7.0|max_setup_hold_bars=7.0,1.372,0.7736187197616694,115,1.0615643761477425,2.0,7.0,7.0,False,True,21,8.0,6.000000000000001,3.7,False,1.2000000000000002,0.01
atr_factor=2.0|atr_period=7.0|max_setup_hold_bars=10.0,1.205,0.637441958099034,159,0.7683862686446148,2.0,7.0,10.0,True,True,15,7.000000000000001,5.500000000000001,0.8,False,1.3000000000000003,0.09999999999999999
atr_factor=2.0|atr_period=7.0|max_setup_hold_bars=15.0,1.445,0.5284534703264939,237,0.763811952141927,2.0,7.0,15.0,False,True,25,6.9,2.0,0.4,True,1.1,0.22
atr_factor=2.0|atr_period=7.0|max_setup_hold_bars=20.0,1.549,0.4292873492358902,289,0.665014798233014,2.0,7.0,20.0,False,True,18,4.6000000000000005,2.5000000000000004,5.9,False,0.7000000000000001,0.01
atr_factor=2.5|atr_period=7.0|max_setup_hold_bars=3.0,0.618,2.1486655142489726,25,1.3276312988950771,2.5,7.0,3.0,True,True,17,7.7,5.6000000000000005,3.4000000000000004,False,1.7000000000000002,0.18000000000000002
atr_factor=2.5|atr_period=7.0|max_setup_hold_bars=5.0,0.866,1.2554428658796835,47,1.0866809318584185,2.5,7.0,5.0,False,True,22,6.6000000000000005,0.6000000000000001,6.1,False,0.7000000000000001,0.03
atr_factor=2.5|atr_period=7.0|max_setup_hold_bars=7.0,1.272,0.8640959685595485,71,1.0994747552790993,2.5,7.0,7.0,False,True,7,5.500000000000001,2.6000000000000005,2.5000000000000004,False,1.1,0.05
atr_factor=2.5|atr_period=7.0|max_setup_hold_bars=10.0,1.157,0.7311566437976099,106,0.8456477916871511,2.5,7.0,10.0,False,True,19,4.800000000000001,0.8,2.8000000000000003,False,0.9,0.01
atr_factor=2.5|atr_period=7.0|max_setup_hold_bars=15.0,1.53,0.43399309492316507,177,0.6639969856347974,2.5,7.0,15.0,False,True,8,6.7,4.2,7.5,False,1.0,0.09
atr_factor=2.5|atr_period=7.0|max_setup_hold_bars=20.0,1.268,0.5204578836886375,226,0.6598725705010267,2.5,7.0,20.0,True,True,19,8.0,7.7,0.4,True,1.2000000000000002,0.22
atr_factor=3.0|atr_period=7.0|max_setup_hold_bars=3.0,0.39,3.166323629351614,17,1.2347269837208226,3.0,7.0,3.0,True,True,7,4.9,3.3000000000000003,0.1,True,1.7000000000000002,0.01
atr_factor=3.0|atr_period=7.0|max_setup_hold_bars=5.0,0.599,1.3207222081267451,32,0.7906963691449889,3.0,7.0,5.0,True,True,5,3.2,2.0,1.4000000000000001,False,3.1,0.34
atr_factor=3.0|atr_period=7.0|max_setup_hold_bars=10.0,0.809,0.6778814031424519,73,0.548227355162188,3.0,7.0,10.0,False,True,19,7.000000000000001,7.1000000000000005,0.8,False,1.7000000000000002,0.38
atr_factor=3.0|atr_period=7.0|max_setup_hold_bars=15.0,0.876,0.7266318179030817,124,0.6361673308235869,3.0,7.0,15.0,True,True,20,5.000000000000001,7.500000000000001,3.6,False,1.2000000000000002,0.01
atr_factor=3.0|atr_period=7.0|max_setup_hold_bars=20.0,1.012,0.5391855547615894,174,0.5454352579166405,3.0,7.0,20.0,True,True,19,6.2,7.500000000000001,7.6,False,1.2000000000000002,0.15000000000000002
atr_factor=3.5|atr_period=7.0|max_setup_hold_bars=3.0,0.611,4.7435212687169805,11,2.8999420021908393,3.5,7.0,3.0,False,True,17,6.4,7.300000000000001,6.3,False,1.6,0.01
atr_factor=3.5|atr_period=7.0|max_setup_hold_bars=5.0,2.858,0.49909226066480494,24,1.426173219036845,3.5,7.0,5.0,True,True,6,2.1,3.4000000000000004,7.8,False,5.0,0.48000000000000004
atr_factor=3.5|atr_period=7.0|max_setup_hold_bars=7.0,0.776,1.7557072456189504,32,1.3622941435579383,3.5,7.0,7.0,True,True,4,6.9,6.1000000000000005,4.1,False,4.1,0.23
atr_factor=3.5|atr_period=7.0|max_setup_hold_bars=10.0,1.063,0.8166360971064446,55,0.8682783359807099,3.5,7.0,10.0,False,True,4,3.3000000000000003,7.4,5.5,False,4.3999999999999995,0.99
atr_factor=3.5|atr_period=7.0|max_setup_hold_bars=15.0,1.245,0.5871444845132343,91,0.7307714005336803,3.5,7.0,15.0,False,True,4,7.7,4.5,2.2,False,2.8000000000000003,0.49
atr_factor=3.5|atr_period=7.0|max_setup_hold_bars=20.0,0.997,0.6770355401498477,141,0.6750889206494776,3.5,7.0,20.0,True,True,20,6.500000000000001,4.300000000000001,1.0,False,1.3000000000000003,0.28
atr_factor=3.8|atr_period=7.0|max_setup_hold_bars=5.0,0.47,2.9798652911108867,17,1.3992785622358364,3.8,7.0,5.0,True,True,7,3.5000000000000004,1.7,4.7,False,2.6,0.22
atr_factor=3.8|atr_period=7.0|max_setup_hold_bars=7.0,0.769,2.01309127259216,27,1.5472079481868253,3.8,7.0,7.0,False,True,7,7.6000000000000005,8.1,0.7000000000000001,True,0.7000000000000001,0.01
atr_factor=3.8|atr_period=7.0|max_setup_hold_bars=10.0,0.453,1.476839291916544,46,0.6683342070500095,3.8,7.0,10.0,False,True,21,4.6000000000000005,9.5,7.4,False,0.9,0.22
atr_factor=3.8|atr_period=7.0|max_setup_hold_bars=15.0,0.874,1.0735893277160948,78,0.9386399380180921,3.8,7.0,15.0,True,True,14,5.9,5.6000000000000005,6.2,False,0.7000000000000001,0.01
atr_factor=3.8|atr_period=7.0|max_setup_hold_bars=20.0,1.083,0.8051129532707003,120,0.8718388364651473,3.8,7.0,20.0,True,True,22,7.6000000000000005,4.300000000000001,0.7000000000000001,True,1.1,0.03
atr_factor=4.0|atr_period=7.0|max_setup_hold_bars=5.0,1.873,0.6878574362467548,14,1.2885159721478994,4.0,7.0,5.0,True,True,7,7.2,7.300000000000001,4.7,False,1.7000000000000002,0.54
atr_factor=4.0|atr_period=7.0|max_setup_hold_bars=7.0,0.548,2.608409611894529,21,1.4292464318292122,4.0,7.0,7.0,False,True,23,5.4,0.6000000000000001,0.5,True,0.5,0.09
atr_factor=4.0|atr_period=7.0|max_setup_hold_bars=10.0,0.437,1.6942835544942703,37,0.7408400365504448,4.0,7.0,10.0,False,True,15,7.9,7.300000000000001,4.8,False,1.7000000000000002,0.15000000000000002
atr_factor=4.0|atr_period=7.0|max_setup_hold_bars=15.0,0.785,1.1866349664621563,69,0.9318866855104249,4.0,7.0,15.0,True,True,17,6.7,6.6000000000000005,0.4,True,0.8,0.060000000000000005
atr_factor=4.0|atr_period=7.0|max_setup_hold_bars=20.0,1.003,0.9603563416816282,109,0.9632875511243506,4.0,7.0,20.0,False,True,17,7.7,8.6,2.8000000000000003,False,1.1,0.01
atr_factor=4.25|atr_period=7.0|max_setup_hold_bars=5.0,0.479,3.8480431784480356,12,1.8432361633048322,4.25,7.0,5.0,True,True,24,8.0,9.4,1.4000000000000001,True,1.7000000000000002,0.02
atr_factor=4.25|atr_period=7.0|max_setup_hold_bars=10.0,0.431,1.6197750022545643,33,0.697514649563134,4.25,7.0,10.0,False,True,8,4.9,0.5,1.5000000000000002,False,1.8000000000000003,0.01
atr_factor=4.25|atr_period=7.0|max_setup_hold_bars=15.0,0.745,1.366067446462536,57,1.0174508291580404,4.25,7.0,15.0,False,True,19,7.800000000000001,2.6000000000000005,7.8,False,1.2000000000000002,0.01
atr_factor=4.25|atr_period=7.0|max_setup_hold_bars=20.0,0.701,0.9599134823417168,97,0.6724430761894705,4.25,7.0,20.0,False,True,9,4.2,3.9000000000000004,6.4,False,1.3000000000000003,0.16
atr_factor=4.5|atr_period=7.0|max_setup_hold_bars=5.0,0.374,3.866359827732481,9,1.4443580314135478,4.5,7.0,5.0,True,True,8,6.6000000000000005,9.5,6.0,False,2.0,0.25
atr_factor=4.5|atr_period=7.0|max_setup_hold_bars=7.0,0.533,2.1261323961382,16,1.1338765954188876,4.5,7.0,7.0,True,True,6,6.4,2.3000000000000003,3.1,False,3.1,0.35000000000000003
atr_factor=4.5|atr_period=7.0|max_setup_hold_bars=10.0,0.408,1.5230632150316563,26,0.6216660485472074,4.5,7.0,10.0,False,True,17,8.0,2.0,5.7,False,1.2000000000000002,0.3
atr_factor=4.5|atr_period=7.0|max_setup_hold_bars=15.0,0.432,1.745673325387317,47,0.7540505361729319,4.5,7.0,15.0,True,True,13,4.2,4.9,2.4000000000000004,False,0.7000000000000001,0.04
atr_factor=4.5|atr_period=7.0|max_setup_hold_bars=20.0,0.855,0.9611509527041376,81,0.8213523265905888,4.5,7.0,20.0,True,True,15,5.9,7.9,6.7,False,1.5000000000000002,0.01
atr_factor=5.0|atr_period=7.0|max_setup_hold_bars=7.0,0.453,3.921919638218776,12,1.777477568966967,5.0,7.0,7.0,True,True,24,6.000000000000001,4.9,6.6,False,0.4,0.15000000000000002
atr_factor=5.0|atr_period=7.0|max_setup_hold_bars=10.0,0.254,2.391813236424866,22,0.6064939696683567,5.0,7.0,10.0,False,True,8,7.2,3.9000000000000004,0.8,False,1.7000000000000002,0.23
atr_factor=5.0|atr_period=7.0|max_setup_hold_bars=15.0,0.531,1.8067083658716878,35,0.9590315901241491,5.0,7.0,15.0,False,True,9,6.7,1.0,2.4000000000000004,False,1.7000000000000002,0.01
atr_factor=5.0|atr_period=7.0|max_setup_hold_bars=20.0,1.336,0.8274258527594349,57,1.1054735800359,5.0,7.0,20.0,False,True,23,4.800000000000001,7.1000000000000005,7.8,False,1.2000000000000002,0.060000000000000005
atr_factor=5.5|atr_period=7.0|max_setup_hold_bars=15.0,0.324,2.585715695923101,22,0.8387602216868566,5.5,7.0,15.0,True,True,17,7.000000000000001,9.8,0.8,False,1.7000000000000002,0.09999999999999999
atr_factor=5.5|atr_period=7.0|max_setup_hold_bars=20.0,0.607,1.7060664874669977,42,1.0356212984650839,5.5,7.0,20.0,True,True,19,7.4,7.000000000000001,4.3,False,1.2000000000000002,0.09
atr_factor=2.0|atr_period=10.0|max_setup_hold_bars=3.0,1.037,1.0677551319607,45,1.1074262280338643,2.0,10.0,3.0,True,True,20,5.7,6.500000000000001,5.2,False,2.2,0.02
atr_factor=2.0|atr_period=10.0|max_setup_hold_bars=5.0,0.919,0.9649766781009105,89,0.8868201077172709,2.0,10.0,5.0,False,True,17,6.4,1.7,2.7,False,1.1,0.01
atr_factor=2.0|atr_period=10.0|max_setup_hold_bars=7.0,1.252,0.733909427187395,125,0.9190804841649207,2.0,10.0,7.0,False,True,25,6.500000000000001,4.6000000000000005,2.2,False,1.4000000000000001,0.12
atr_factor=2.0|atr_period=10.0|max_setup_hold_bars=10.0,1.139,0.6855074370339519,169,0.7810630861346212,2.0,10.0,10.0,False,True,25,7.000000000000001,2.5000000000000004,0.5,True,1.3000000000000003,0.17
atr_factor=2.0|atr_period=10.0|max_setup_hold_bars=15.0,1.31,0.5274439982275413,246,0.6907165986935883,2.0,10.0,15.0,False,True,13,7.000000000000001,6.1000000000000005,1.4000000000000001,False,1.4000000000000001,0.03
atr_factor=2.0|atr_period=10.0|max_setup_hold_bars=20.0,1.388,0.5069641180605619,292,0.7037720754971568,2.0,10.0,20.0,False,True,23,7.7,2.0,2.0,False,1.1,0.28
atr_factor=2.5|atr_period=10.0|max_setup_hold_bars=3.0,0.463,2.308013867827785,27,1.0682160682453938,2.5,10.0,3.0,True,True,21,7.000000000000001,4.7,4.6,False,1.1,0.19
atr_factor=2.5|atr_period=10.0|max_setup_hold_bars=5.0,0.974,1.1627691362859776,50,1.1322713693115982,2.5,10.0,5.0,True,True,23,5.7,8.5,2.7,False,1.1,0.05
atr_factor=2.5|atr_period=10.0|max_setup_hold_bars=7.0,1.414,0.8884603002462526,76,1.2565797352006938,2.5,10.0,7.0,False,True,23,6.300000000000001,5.500000000000001,7.5,False,0.8,0.09999999999999999
atr_factor=2.5|atr_period=10.0|max_setup_hold_bars=10.0,1.439,0.6336951858145199,115,0.9116516060291369,2.5,10.0,10.0,True,True,16,6.9,6.7,1.4000000000000001,False,1.4000000000000001,0.01
atr_factor=2.5|atr_period=10.0|max_setup_hold_bars=15.0,1.461,0.5616723281603391,180,0.8206353419047488,2.5,10.0,15.0,True,True,19,5.9,7.6000000000000005,6.1,False,1.1,0.17
atr_factor=2.5|atr_period=10.0|max_setup_hold_bars=20.0,1.745,0.421826728247558,232,0.7360162599671781,2.5,10.0,20.0,True,True,25,6.800000000000001,8.5,1.8000000000000003,False,1.1,0.33
atr_factor=3.0|atr_period=10.0|max_setup_hold_bars=3.0,0.304,3.1726077749674,18,0.9630803225809431,3.0,10.0,3.0,True,True,24,6.800000000000001,8.299999999999999,6.0,False,1.2000000000000002,0.09999999999999999
atr_factor=3.0|atr_period=10.0|max_setup_hold_bars=5.0,2.151,0.36395789543575785,33,0.7829996297815437,3.0,10.0,5.0,True,True,16,7.6000000000000005,8.299999999999999,6.9,False,2.0,0.66
atr_factor=3.0|atr_period=10.0|max_setup_hold_bars=7.0,0.934,1.0936210731394151,51,1.0209468914120714,3.0,10.0,7.0,False,True,9,4.300000000000001,9.4,5.8,False,1.1,0.05
atr_factor=3.0|atr_period=10.0|max_setup_hold_bars=15.0,1.566,0.472578235178389,132,0.7400286610418443,3.0,10.0,15.0,False,True,24,7.500000000000001,6.300000000000001,2.5000000000000004,False,1.2000000000000002,0.05
atr_factor=3.0|atr_period=10.0|max_setup_hold_bars=20.0,1.65,0.3601918405994136,182,0.5944901129217312,3.0,10.0,20.0,False,True,23,7.2,8.7,1.3000000000000003,False,1.0,0.060000000000000005
atr_factor=3.5|atr_period=10.0|max_setup_hold_bars=3.0,0.843,2.038162914186895,8,1.7177492424506628,3.5,10.0,3.0,True,True,5,3.2,6.7,0.2,False,3.5000000000000004,0.9600000000000001
atr_factor=3.5|atr_period=10.0|max_setup_hold_bars=5.0,0.418,2.7793690962473243,19,1.1606341984177706,3.5,10.0,5.0,False,True,7,4.2,1.8,3.3000000000000003,False,0.7000000000000001,0.14
atr_factor=3.5|atr_period=10.0|max_setup_hold_bars=7.0,0.675,1.9773520519090935,27,1.33478409602806,3.5,10.0,7.0,True,True,25,6.6000000000000005,2.2,5.5,False,0.7000000000000001,0.01
atr_factor=3.5|atr_period=10.0|max_setup_hold_bars=10.0,0.667,1.441950980178447,53,0.9611057736832359,3.5,10.0,10.0,False,True,22,7.6000000000000005,8.799999999999999,1.3000000000000003,False,0.9,0.02
atr_factor=3.5|atr_period=10.0|max_setup_hold_bars=15.0,0.906,0.8884518852797807,92,0.8046669978540384,3.5,10.0,15.0,True,True,17,7.1000000000000005,5.9,1.0,False,1.1,0.12
atr_factor=3.5|atr_period=10.0|max_setup_hold_bars=20.0,1.012,0.7438610937739387,140,0.7528458576170728,3.5,10.0,20.0,True,True,20,7.6000000000000005,7.6000000000000005,2.3000000000000003,False,1.2000000000000002,0.06999999999999999
atr_factor=3.8|atr_period=10.0|max_setup_hold_bars=5.0,0.499,3.4594526737976166,16,1.7279480788330235,3.8,10.0,5.0,False,True,25,5.4,0.2,0.8,True,0.6,0.05
atr_factor=3.8|atr_period=10.0|max_setup_hold_bars=7.0,0.818,2.143233992103116,26,1.7539028579638671,3.8,10.0,7.0,False,True,22,2.5000000000000004,2.3000000000000003,6.7,False,0.7000000000000001,0.04
atr_factor=3.8|atr_period=10.0|max_setup_hold_bars=10.0,0.375,1.308129105729281,49,0.4910524717851468,3.8,10.0,10.0,True,True,4,6.000000000000001,8.5,4.2,False,4.6,0.08
atr_factor=3.8|atr_period=10.0|max_setup_hold_bars=15.0,0.842,1.080421584867545,79,0.9093435719780265,3.8,10.0,15.0,False,True,17,5.1000000000000005,1.3,1.4000000000000001,False,1.1,0.01
atr_factor=3.8|atr_period=10.0|max_setup_hold_bars=20.0,1.03,0.8206746518270475,130,0.8456573623867353,3.8,10.0,20.0,False,True,23,6.7,1.4000000000000001,0.8,True,1.2000000000000002,0.08
atr_factor=4.0|atr_period=10.0|max_setup_hold_bars=5.0,0.463,3.8257533511569872,13,1.7716965363745716,4.0,10.0,5.0,False,True,7,4.4,8.799999999999999,0.4,False,0.4,0.060000000000000005
atr_factor=4.0|atr_period=10.0|max_setup_hold_bars=7.0,0.672,2.613327239445753,21,1.7562810081151405,4.0,10.0,7.0,False,True,18,4.2,5.500000000000001,1.2000000000000002,False,0.8,0.06999999999999999
atr_factor=4.0|atr_period=10.0|max_setup_hold_bars=10.0,0.634,1.7335089674361637,38,1.0994788886058646,4.0,10.0,10.0,False,True,19,4.0,3.1000000000000005,6.0,False,0.7000000000000001,0.060000000000000005
atr_factor=4.0|atr_period=10.0|max_setup_hold_bars=15.0,0.74,1.2469647723193127,66,0.9232539896876115,4.0,10.0,15.0,False,True,23,7.4,6.2,3.7,False,1.2000000000000002,0.13
atr_factor=4.0|atr_period=10.0|max_setup_hold_bars=20.0,0.991,0.8319027515467671,110,0.8246945529049605,4.0,10.0,20.0,False,True,23,5.500000000000001,3.4000000000000004,3.1,False,1.5000000000000002,0.08
atr_factor=4.25|atr_period=10.0|max_setup_hold_bars=5.0,0.619,3.1833975406162125,12,1.9718270053545068,4.25,10.0,5.0,True,True,6,2.2,8.9,0.8,True,3.6,0.41000000000000003
atr_factor=4.25|atr_period=10.0|max_setup_hold_bars=10.0,0.585,1.9093898357639076,33,1.1173448356010873,4.25,10.0,10.0,True,True,23,7.500000000000001,4.7,1.7000000000000002,False,0.7000000000000001,0.01
atr_factor=4.25|atr_period=10.0|max_setup_hold_bars=15.0,0.896,1.2226108088028789,55,1.095483773919451,4.25,10.0,15.0,False,True,20,3.7,1.5,5.9,False,1.1,0.09
atr_factor=4.25|atr_period=10.0|max_setup_hold_bars=20.0,1.138,0.5447461409256033,101,0.6198264588602239,4.25,10.0,20.0,True,True,4,2.8000000000000003,6.300000000000001,0.1,False,4.3999999999999995,0.88
atr_factor=4.5|atr_period=10.0|max_setup_hold_bars=5.0,0.368,6.232131069812026,8,2.294851160443611,4.5,10.0,5.0,False,True,23,4.0,8.5,7.8,False,0.5,0.01
atr_factor=4.5|atr_period=10.0|max_setup_hold_bars=7.0,0.673,2.7305490320485672,17,1.8387039512900718,4.5,10.0,7.0,True,True,25,3.2,9.5,0.30000000000000004,True,0.4,0.05
atr_factor=4.5|atr_period=10.0|max_setup_hold_bars=10.0,0.44,1.8459858185188793,27,0.8114264367056947,4.5,10.0,10.0,True,True,19,5.500000000000001,8.2,7.6,False,1.9000000000000001,0.02
atr_factor=4.5|atr_period=10.0|max_setup_hold_bars=15.0,0.714,1.754234631247407,47,1.2516606341742782,4.5,10.0,15.0,False,True,23,6.4,5.6000000000000005,6.5,False,1.3000000000000003,0.02
atr_factor=4.5|atr_period=10.0|max_setup_hold_bars=20.0,0.772,1.2700458475797134,78,0.98081829159885,4.5,10.0,20.0,False,True,16,5.500000000000001,4.1000000000000005,5.2,False,1.5000000000000002,0.05
atr_factor=5.0|atr_period=10.0|max_setup_hold_bars=7.0,0.364,4.488185233958314,11,1.631507417797826,5.0,10.0,7.0,False,True,25,1.6,1.0,4.3,False,0.7000000000000001,0.14
atr_factor=5.0|atr_period=10.0|max_setup_hold_bars=10.0,0.369,2.3439727406391917,23,0.8646006371820782,5.0,10.0,10.0,True,True,21,6.1000000000000005,1.3,3.5000000000000004,True,0.6,0.01
atr_factor=5.0|atr_period=10.0|max_setup_hold_bars=15.0,0.499,2.22558742534815,35,1.1110472077184157,5.0,10.0,15.0,False,True,22,6.6000000000000005,8.799999999999999,1.1,False,1.4000000000000001,0.02
atr_factor=5.0|atr_period=10.0|max_setup_hold_bars=20.0,1.123,1.093892039020143,56,1.2282417259112157,5.0,10.0,20.0,True,True,17,3.7,8.7,3.1,False,1.4000000000000001,0.04
atr_factor=5.5|atr_period=10.0|max_setup_hold_bars=7.0,1.483,1.3227771492054308,9,1.9620980517464108,5.5,10.0,7.0,False,True,6,2.2,8.0,6.5,False,1.2000000000000002,0.9600000000000001
atr_factor=5.5|atr_period=10.0|max_setup_hold_bars=10.0,0.743,0.8164954497455362,15,0.6062653863132778,5.5,10.0,10.0,True,True,6,6.000000000000001,10.0,0.4,False,2.1,0.9600000000000001
atr_factor=5.5|atr_period=10.0|max_setup_hold_bars=15.0,0.428,2.6319793747197022,24,1.1263374575927696,5.5,10.0,15.0,False,True,24,6.800000000000001,9.5,6.7,False,2.0,0.11
atr_factor=5.5|atr_period=10.0|max_setup_hold_bars=20.0,1.209,0.9620831953898018,44,1.163406297504841,5.5,10.0,20.0,False,True,22,5.4,0.8,0.6,True,1.3000000000000003,0.08
atr_factor=2.0|atr_period=14.0|max_setup_hold_bars=3.0,0.778,1.2108415561202284,44,0.9423994910508939,2.0,14.0,3.0,False,True,20,7.1000000000000005,5.7,2.5000000000000004,False,1.7000000000000002,0.23
atr_factor=2.0|atr_period=14.0|max_setup_hold_bars=5.0,1.144,0.6997640159703606,85,0.8007904372160239,2.0,14.0,5.0,False,True,6,5.800000000000001,5.2,2.0,False,3.4000000000000004,0.02
atr_factor=2.0|atr_period=14.0|max_setup_hold_bars=7.0,1.161,0.6732609929499801,113,0.7817505267924382,2.0,14.0,7.0,True,True,23,4.300000000000001,4.7,2.3000000000000003,False,1.3000000000000003,0.14
atr_factor=2.0|atr_period=14.0|max_setup_hold_bars=10.0,1.072,0.7140388068542317,165,0.7653416017969584,2.0,14.0,10.0,True,True,15,7.7,7.7,0.8,False,1.1,0.06999999999999999
atr_factor=2.0|atr_period=14.0|max_setup_hold_bars=15.0,1.243,0.5305682791361178,234,0.659306201935422,2.0,14.0,15.0,False,True,25,6.500000000000001,5.6000000000000005,7.7,False,1.9000000000000001,0.13
atr_factor=2.0|atr_period=14.0|max_setup_hold_bars=20.0,1.671,0.5122485355510823,287,0.8559234594576789,2.0,14.0,20.0,False,True,25,6.9,2.9000000000000004,3.7,False,1.1,0.03
atr_factor=2.5|atr_period=14.0|max_setup_hold_bars=3.0,0.652,1.9718785686935907,26,1.2847065292590916,2.5,14.0,3.0,False,True,18,7.1000000000000005,1.0,6.0,False,1.5000000000000002,0.13
atr_factor=2.5|atr_period=14.0|max_setup_hold_bars=5.0,1.159,0.9163017770788143,48,1.0623569365970997,2.5,14.0,5.0,False,True,17,6.2,8.0,5.1,False,1.6,0.19
atr_factor=2.5|atr_period=14.0|max_setup_hold_bars=7.0,1.405,0.7419031497778708,74,1.0427062931462923,2.5,14.0,7.0,True,True,7,3.5000000000000004,8.2,0.7000000000000001,True,1.5000000000000002,0.25
atr_factor=2.5|atr_period=14.0|max_setup_hold_bars=10.0,1.262,0.49578265771716057,111,0.625587951749469,2.5,14.0,10.0,True,True,8,7.9,4.1000000000000005,0.1,True,1.4000000000000001,0.23
atr_factor=2.5|atr_period=14.0|max_setup_hold_bars=15.0,1.395,0.5470245434557541,171,0.7628878846913889,2.5,14.0,15.0,False,True,14,6.7,3.2,7.5,False,1.4000000000000001,0.01
atr_factor=2.5|atr_period=14.0|max_setup_hold_bars=20.0,1.689,0.4290152811797598,224,0.7244391846610452,2.5,14.0,20.0,False,True,25,5.000000000000001,9.6,5.7,False,1.1,0.01
atr_factor=3.0|atr_period=14.0|max_setup_hold_bars=3.0,0.481,2.7549768742376264,17,1.3253647337829018,3.0,14.0,3.0,True,True,7,2.8000000000000003,8.1,6.2,False,3.3000000000000003,0.09
atr_factor=3.0|atr_period=14.0|max_setup_hold_bars=5.0,0.829,1.2560649372826245,31,1.0417791604564957,3.0,14.0,5.0,True,True,5,6.6000000000000005,4.0,0.6,False,3.2,0.48000000000000004
atr_factor=3.0|atr_period=14.0|max_setup_hold_bars=7.0,1.016,1.0516652651001681,47,1.0680018385153858,3.0,14.0,7.0,False,True,25,6.6000000000000005,5.4,4.7,False,0.7000000000000001,0.01
atr_factor=3.0|atr_period=14.0|max_setup_hold_bars=10.0,0.824,0.751050375620666,76,0.6188253474332935,3.0,14.0,10.0,False,True,7,4.4,0.5,0.6,False,1.5000000000000002,0.09999999999999999
atr_factor=3.0|atr_period=14.0|max_setup_hold_bars=15.0,1.13,0.6402445088549636,126,0.7237704757896912,3.0,14.0,15.0,False,True,24,7.2,6.2,7.5,False,1.2000000000000002,0.060000000000000005
atr_factor=3.0|atr_period=14.0|max_setup_hold_bars=20.0,1.345,0.4808518537712373,173,0.6468997451293748,3.0,14.0,20.0,True,True,23,6.1000000000000005,6.4,1.6,False,1.1,0.01
atr_factor=3.5|atr_period=14.0|max_setup_hold_bars=3.0,0.337,5.292276695038956,9,1.784758386056419,3.5,14.0,3.0,True,True,21,8.0,3.5000000000000004,3.6,False,1.9000000000000001,0.01
atr_factor=3.5|atr_period=14.0|max_setup_hold_bars=5.0,0.421,2.9972340731274483,17,1.2618301712290219,3.5,14.0,5.0,True,True,23,8.0,6.800000000000001,1.3000000000000003,True,1.7000000000000002,0.04
atr_factor=3.5|atr_period=14.0|max_setup_hold_bars=7.0,0.657,1.7157351933706508,25,1.1272753310980352,3.5,14.0,7.0,False,True,22,7.500000000000001,6.6000000000000005,3.1,False,2.0,0.13
atr_factor=3.5|atr_period=14.0|max_setup_hold_bars=10.0,0.733,0.8077670008945363,54,0.5917928641677759,3.5,14.0,10.0,False,True,16,7.300000000000001,4.6000000000000005,3.1,False,1.5000000000000002,0.55
atr_factor=3.5|atr_period=14.0|max_setup_hold_bars=15.0,0.807,0.9773892070832355,98,0.7883491258306363,3.5,14.0,15.0,False,True,23,4.9,0.2,2.8000000000000003,False,1.0,0.03
atr_factor=3.5|atr_period=14.0|max_setup_hold_bars=20.0,1.133,0.5197065253727796,142,0.5887217532721383,3.5,14.0,20.0,False,True,20,5.500000000000001,6.500000000000001,4.2,False,0.9,0.13
atr_factor=3.8|atr_period=14.0|max_setup_hold_bars=5.0,0.374,4.1179686339930095,13,1.5417548435913124,3.8,14.0,5.0,True,True,16,7.300000000000001,7.000000000000001,8.0,False,2.0,0.01
atr_factor=3.8|atr_period=14.0|max_setup_hold_bars=7.0,0.498,2.5560230338833057,21,1.2740079157167838,3.8,14.0,7.0,False,True,17,8.0,4.9,3.1,True,0.9,0.060000000000000005
atr_factor=3.8|atr_period=14.0|max_setup_hold_bars=10.0,0.599,0.9630041785340621,42,0.5765598903351897,3.8,14.0,10.0,False,True,7,4.300000000000001,9.0,5.1,False,4.1,0.55
atr_factor=3.8|atr_period=14.0|max_setup_hold_bars=15.0,0.61,1.0862945685454763,75,0.6623852776072024,3.8,14.0,15.0,False,True,24,7.500000000000001,7.4,0.30000000000000004,True,2.1,0.09
atr_factor=3.8|atr_period=14.0|max_setup_hold_bars=20.0,0.817,0.8976010180683812,122,0.7329306837644173,3.8,14.0,20.0,False,True,15,7.6000000000000005,0.5,3.5000000000000004,False,1.1,0.06999999999999999
atr_factor=4.0|atr_period=14.0|max_setup_hold_bars=5.0,0.264,5.810886933250024,9,1.5316127752276938,4.0,14.0,5.0,False,True,7,4.9,7.6000000000000005,4.7,False,4.7,0.15000000000000002
atr_factor=4.0|atr_period=14.0|max_setup_hold_bars=7.0,0.446,3.067498847750222,18,1.3675991429039094,4.0,14.0,7.0,True,True,23,7.9,10.0,0.2,False,0.8,0.11
atr_factor=4.0|atr_period=14.0|max_setup_hold_bars=10.0,0.427,1.7537463312995045,38,0.7493830963361735,4.0,14.0,10.0,True,True,19,6.000000000000001,4.0,0.30000000000000004,True,0.7000000000000001,0.060000000000000005
atr_factor=4.0|atr_period=14.0|max_setup_hold_bars=15.0,0.604,1.1155793320184297,66,0.6733465673461468,4.0,14.0,15.0,False,True,24,7.6000000000000005,4.1000000000000005,7.2,False,1.8000000000000003,0.18000000000000002
atr_factor=4.0|atr_period=14.0|max_setup_hold_bars=20.0,0.894,0.8438099794342255,112,0.7544317480043429,4.0,14.0,20.0,False,True,25,8.0,7.800000000000001,1.0,False,1.5000000000000002,0.21000000000000002
atr_factor=4.25|atr_period=14.0|max_setup_hold_bars=5.0,0.393,5.104306146907973,10,2.0068956228478143,4.25,14.0,5.0,True,True,8,3.6000000000000005,4.4,2.1,False,0.5,0.09999999999999999
atr_factor=4.25|atr_period=14.0|max_setup_hold_bars=7.0,0.474,3.3179743374358313,15,1.5735185198542094,4.25,14.0,7.0,False,True,7,4.300000000000001,2.9000000000000004,7.2,False,0.7000000000000001,0.05
atr_factor=4.25|atr_period=14.0|max_setup_hold_bars=10.0,0.332,1.337299191644312,29,0.4441955493700472,4.25,14.0,10.0,False,True,7,5.6000000000000005,9.5,0.5,True,3.7,0.35000000000000003
atr_factor=4.25|atr_period=14.0|max_setup_hold_bars=15.0,0.619,1.0532413470349986,60,0.6515301014121269,4.25,14.0,15.0,False,True,14,7.7,5.2,5.9,False,0.8,0.32
atr_factor=4.25|atr_period=14.0|max_setup_hold_bars=20.0,0.978,0.8842627659678671,104,0.8649988866037727,4.25,14.0,20.0,False,True,17,7.1000000000000005,3.2,2.9000000000000004,False,0.9,0.01
atr_factor=4.5|atr_period=14.0|max_setup_hold_bars=5.0,0.374,5.393977289373951,10,2.017804811432683,4.5,14.0,5.0,True,True,6,3.5000000000000004,3.1000000000000005,4.3999999999999995,False,4.3,0.14
atr_factor=4.5|atr_period=14.0|max_setup_hold_bars=7.0,0.493,3.458835525470443,15,1.7064630380878323,4.5,14.0,7.0,False,True,7,6.800000000000001,7.2,6.6,False,0.8,0.02
atr_factor=4.5|atr_period=14.0|max_setup_hold_bars=10.0,0.448,1.545407338334139,26,0.6918985712780046,4.5,14.0,10.0,True,True,22,4.5,5.000000000000001,2.8000000000000003,False,1.3000000000000003,0.38
atr_factor=4.5|atr_period=14.0|max_setup_hold_bars=15.0,0.746,1.5238926489321867,49,1.136866895978054,4.5,14.0,15.0,False,True,20,4.2,9.9,3.4000000000000004,False,0.9,0.05
atr_factor=4.5|atr_period=14.0|max_setup_hold_bars=20.0,1.041,1.009571510916895,90,1.0504712343460934,4.5,14.0,20.0,True,True,25,7.6000000000000005,6.9,3.4000000000000004,False,0.9,0.09999999999999999
atr_factor=5.0|atr_period=14.0|max_setup_hold_bars=5.0,1.421,2.0457606136672206,8,2.9079535803741785,5.0,14.0,5.0,True,True,6,7.1000000000000005,5.4,1.6,False,1.8000000000000003,0.78
atr_factor=5.0|atr_period=14.0|max_setup_hold_bars=7.0,0.593,4.564006545833801,12,2.7078197939900144,5.0,14.0,7.0,True,True,6,6.300000000000001,4.5,6.7,False,3.9000000000000004,0.27
atr_factor=5.0|atr_period=14.0|max_setup_hold_bars=10.0,0.477,1.8744771013996249,22,0.8936243410793459,5.0,14.0,10.0,False,True,6,6.500000000000001,3.4000000000000004,6.8,False,2.0,0.45
atr_factor=5.0|atr_period=14.0|max_setup_hold_bars=15.0,0.599,1.9538418164803695,33,1.1698212866243463,5.0,14.0,15.0,True,True,16,6.4,4.7,3.6,False,1.5000000000000002,0.02
atr_factor=5.0|atr_period=14.0|max_setup_hold_bars=20.0,1.587,0.7051791815184842,58,1.1194676896577176,5.0,14.0,20.0,True,True,24,2.3000000000000003,9.4,2.9000000000000004,False,1.5000000000000002,0.04
atr_factor=5.5|atr_period=14.0|max_setup_hold_bars=10.0,1.021,0.46011674119035545,15,0.4697794349557531,5.5,14.0,10.0,True,True,6,5.9,8.5,4.6,False,2.3000000000000003,1.0
atr_factor=5.5|atr_period=14.0|max_setup_hold_bars=15.0,0.401,2.5662507247980844,24,1.029275771848389,5.5,14.0,15.0,False,True,20,8.0,5.500000000000001,0.1,False,1.6,0.11
atr_factor=5.5|atr_period=14.0|max_setup_hold_bars=20.0,1.236,1.0449463647691302,44,1.2913532819658413,5.5,14.0,20.0,False,True,17,7.9,6.9,4.9,False,1.5000000000000002,0.03
atr_factor=2.0|atr_period=17.0|max_setup_hold_bars=3.0,0.849,1.0875609812560858,46,0.9238352134116723,2.0,17.0,3.0,False,True,6,5.800000000000001,1.7,7.6,False,3.4000000000000004,0.11
atr_factor=2.0|atr_period=17.0|max_setup_hold_bars=5.0,1.042,0.7353305512342473,88,0.7660242836404034,2.0,17.0,5.0,True,True,6,6.800000000000001,10.0,3.1,False,3.0000000000000004,0.14
atr_factor=2.0|atr_period=17.0|max_setup_hold_bars=7.0,0.927,0.8898244301094915,119,0.8246862946016784,2.0,17.0,7.0,False,True,18,7.4,0.2,7.3,False,1.2000000000000002,0.08
atr_factor=2.0|atr_period=17.0|max_setup_hold_bars=10.0,1.328,0.5103044321849615,173,0.677539607668697,2.0,17.0,10.0,False,True,7,6.300000000000001,2.2,4.8,False,1.8000000000000003,0.13
atr_factor=2.0|atr_period=17.0|max_setup_hold_bars=15.0,1.299,0.5743280847609771,239,0.7463234769427359,2.0,17.0,15.0,False,True,19,5.7,7.300000000000001,2.1,False,1.2000000000000002,0.05
atr_factor=2.0|atr_period=17.0|max_setup_hold_bars=20.0,1.439,0.44385931106257276,291,0.6385406387279076,2.0,17.0,20.0,False,True,19,6.4,9.2,3.1,False,1.2000000000000002,0.4
atr_factor=2.5|atr_period=17.0|max_setup_hold_bars=3.0,0.544,2.1393049246325697,26,1.1646106875504536,2.5,17.0,3.0,False,True,6,5.6000000000000005,8.5,2.4000000000000004,False,2.1,0.04
atr_factor=2.5|atr_period=17.0|max_setup_hold_bars=5.0,0.917,0.9748581645538523,47,0.8937891629430325,2.5,17.0,5.0,False,True,23,7.800000000000001,9.299999999999999,1.6,False,1.7000000000000002,0.22
atr_factor=2.5|atr_period=17.0|max_setup_hold_bars=7.0,1.094,0.8759728041716557,72,0.9581119914329994,2.5,17.0,7.0,False,True,7,6.300000000000001,3.0000000000000004,2.3000000000000003,False,1.4000000000000001,0.09999999999999999
atr_factor=2.5|atr_period=17.0|max_setup_hold_bars=10.0,0.949,0.6260861943762034,109,0.5939325586919936,2.5,17.0,10.0,False,True,7,4.6000000000000005,2.6000000000000005,0.4,True,2.1,0.3
atr_factor=2.5|atr_period=17.0|max_setup_hold_bars=15.0,1.097,0.5808398741606692,167,0.6374128400609993,2.5,17.0,15.0,True,True,25,6.2,9.7,7.7,False,1.4000000000000001,0.34
atr_factor=2.5|atr_period=17.0|max_setup_hold_bars=20.0,1.385,0.4365455746000625,226,0.6045719878219803,2.5,17.0,20.0,True,True,18,7.7,5.4,0.1,False,1.2000000000000002,0.11
atr_factor=3.0|atr_period=17.0|max_setup_hold_bars=3.0,1.245,1.0120604396799782,16,1.2600311619507705,3.0,17.0,3.0,True,True,5,3.5000000000000004,8.799999999999999,1.8000000000000003,False,4.1,0.77
atr_factor=3.0|atr_period=17.0|max_setup_hold_bars=5.0,0.726,1.5328770178113145,31,1.112259545983135,3.0,17.0,5.0,True,True,22,3.9000000000000004,8.799999999999999,5.9,False,0.7000000000000001,0.04
atr_factor=3.0|atr_period=17.0|max_setup_hold_bars=7.0,1.108,0.9856868679918485,48,1.0921422279028925,3.0,17.0,7.0,True,True,10,6.1000000000000005,7.4,0.4,False,0.8,0.12
atr_factor=3.0|atr_period=17.0|max_setup_hold_bars=10.0,1.2,0.7367546856654571,83,0.8842031497804094,3.0,17.0,10.0,False,True,18,7.800000000000001,5.300000000000001,1.2000000000000002,False,0.8,0.060000000000000005
atr_factor=3.0|atr_period=17.0|max_setup_hold_bars=15.0,2.005,0.3496051573532321,131,0.7011320050523236,3.0,17.0,15.0,False,True,14,6.300000000000001,6.2,0.5,False,1.1,0.06999999999999999
atr_factor=3.0|atr_period=17.0|max_setup_hold_bars=20.0,2.701,0.254747064660925,178,0.6880309557510584,3.0,17.0,20.0,False,True,23,7.500000000000001,3.3000000000000003,6.3,False,1.0,0.28
atr_factor=3.5|atr_period=17.0|max_setup_hold_bars=3.0,0.202,5.683470782853429,9,1.1466457672336934,3.5,17.0,3.0,True,True,23,3.7,7.300000000000001,6.9,False,1.5000000000000002,0.12
atr_factor=3.5|atr_period=17.0|max_setup_hold_bars=5.0,0.287,3.1066556998333423,17,0.8929648890752674,3.5,17.0,5.0,False,True,7,2.6000000000000005,4.6000000000000005,5.8,False,4.9,0.26
atr_factor=3.5|atr_period=17.0|max_setup_hold_bars=7.0,0.554,1.9452496753643045,26,1.0774942139492036,3.5,17.0,7.0,False,True,7,6.500000000000001,1.1,5.5,False,1.3000000000000003,0.08
atr_factor=3.5|atr_period=17.0|max_setup_hold_bars=10.0,0.444,1.3131670099455695,57,0.5829699301484688,3.5,17.0,10.0,False,True,9,6.9,4.5,3.2,False,1.2000000000000002,0.01
atr_factor=3.5|atr_period=17.0|max_setup_hold_bars=15.0,0.78,0.8826425936492567,100,0.6881662397964942,3.5,17.0,15.0,True,True,20,7.7,7.4,8.0,False,0.9,0.05
atr_factor=3.5|atr_period=17.0|max_setup_hold_bars=20.0,0.817,0.746088135755691,140,0.6099231358857187,3.5,17.0,20.0,True,True,24,7.7,9.4,4.7,False,1.4000000000000001,0.06999999999999999
atr_factor=3.8|atr_period=17.0|max_setup_hold_bars=5.0,0.335,3.949261159571643,13,1.3218167185870224,3.8,17.0,5.0,True,True,19,7.300000000000001,7.6000000000000005,7.3,False,2.0,0.05
atr_factor=3.8|atr_period=17.0|max_setup_hold_bars=7.0,0.419,2.407552621214015,20,1.0092520570958108,3.8,17.0,7.0,True,True,23,5.4,5.500000000000001,6.1,False,2.0,0.05
atr_factor=3.8|atr_period=17.0|max_setup_hold_bars=10.0,0.442,1.5590608877419285,42,0.6893998759934589,3.8,17.0,10.0,True,True,15,5.500000000000001,7.1000000000000005,1.3000000000000003,False,0.8,0.18000000000000002
atr_factor=3.8|atr_period=17.0|max_setup_hold_bars=15.0,0.698,1.025903520916015,78,0.7159411400638392,3.8,17.0,15.0,False,True,18,5.7,1.9000000000000001,3.1,False,1.0,0.13
atr_factor=3.8|atr_period=17.0|max_setup_hold_bars=20.0,0.916,0.7589254567714555,124,0.6952638478720035,3.8,17.0,20.0,False,True,25,8.0,8.6,4.6,False,1.3000000000000003,0.11
atr_factor=4.0|atr_period=17.0|max_setup_hold_bars=5.0,0.264,3.8092519825062583,10,1.0048657694870824,4.0,17.0,5.0,True,True,7,2.3000000000000003,2.8000000000000003,4.8,False,4.1,0.44
atr_factor=4.0|atr_period=17.0|max_setup_hold_bars=7.0,0.339,3.2174722879601516,17,1.0920907120537606,4.0,17.0,7.0,True,True,18,7.1000000000000005,8.799999999999999,8.0,False,1.0,0.05
atr_factor=4.0|atr_period=17.0|max_setup_hold_bars=10.0,0.397,1.9762332418193236,33,0.7842483547959682,4.0,17.0,10.0,False,True,25,5.800000000000001,2.6000000000000005,0.4,True,1.0,0.04
atr_factor=4.0|atr_period=17.0|max_setup_hold_bars=15.0,0.537,1.0206983860660088,68,0.5478564399571152,4.0,17.0,15.0,False,True,13,7.9,9.6,2.9000000000000004,False,0.8,0.14
atr_factor=4.0|atr_period=17.0|max_setup_hold_bars=20.0,0.664,0.9024591560486855,110,0.599359847381141,4.0,17.0,20.0,False,True,13,5.4,3.2,0.1,False,1.0,0.06999999999999999
atr_factor=4.25|atr_period=17.0|max_setup_hold_bars=5.0,0.266,5.381987336333847,10,1.4289691632297998,4.25,17.0,5.0,True,True,23,4.4,7.2,0.30000000000000004,False,0.8,0.14
atr_factor=4.25|atr_period=17.0|max_setup_hold_bars=7.0,0.356,3.43039631615439,16,1.2224881168997392,4.25,17.0,7.0,True,True,24,4.0,3.6000000000000005,3.2,False,0.8,0.060000000000000005
atr_factor=4.25|atr_period=17.0|max_setup_hold_bars=10.0,0.302,2.0196796492662137,33,0.6106648644240034,4.25,17.0,10.0,False,True,16,4.6000000000000005,5.2,3.7,False,0.9,0.3
atr_factor=4.25|atr_period=17.0|max_setup_hold_bars=15.0,0.567,1.4135146473215865,56,0.8008261459339635,4.25,17.0,15.0,True,True,20,7.500000000000001,5.2,4.3999999999999995,False,1.1,0.05
atr_factor=4.25|atr_period=17.0|max_setup_hold_bars=20.0,0.631,1.104659255676667,101,0.6970002610541794,4.25,17.0,20.0,False,True,25,7.500000000000001,4.9,6.4,False,1.2000000000000002,0.15000000000000002
atr_factor=4.5|atr_period=17.0|max_setup_hold_bars=5.0,0.291,5.283811257399078,10,1.5386487692929747,4.5,17.0,5.0,True,True,24,5.6000000000000005,7.500000000000001,6.6,False,0.9,0.13
atr_factor=4.5|atr_period=17.0|max_setup_hold_bars=7.0,0.38,3.5734276405676604,14,1.358087796812729,4.5,17.0,7.0,False,True,15,5.500000000000001,2.6000000000000005,4.3999999999999995,False,1.4000000000000001,0.04
atr_factor=4.5|atr_period=17.0|max_setup_hold_bars=10.0,0.396,2.0808620061605403,28,0.8246487991403461,4.5,17.0,10.0,False,True,25,3.7,2.2,3.0000000000000004,False,1.6,0.05
atr_factor=4.5|atr_period=17.0|max_setup_hold_bars=15.0,0.625,1.4154011340153376,48,0.883986817918771,4.5,17.0,15.0,False,True,25,7.4,4.800000000000001,0.5,False,0.6,0.01
atr_factor=4.5|atr_period=17.0|max_setup_hold_bars=20.0,0.723,1.1231582673851215,84,0.812369078456923,4.5,17.0,20.0,False,True,21,7.7,6.1000000000000005,0.30000000000000004,True,1.6,0.06999999999999999
atr_factor=5.0|atr_period=17.0|max_setup_hold_bars=5.0,1.507,1.9222159332296314,8,2.896493777326741,5.0,17.0,5.0,False,True,6,1.7,2.7,7.3,False,2.8000000000000003,0.93
atr_factor=5.0|atr_period=17.0|max_setup_hold_bars=7.0,2.417,1.0579594395463507,13,2.55755813937706,5.0,17.0,7.0,True,True,6,2.6000000000000005,9.2,0.5,False,2.9000000000000004,0.81
atr_factor=5.0|atr_period=17.0|max_setup_hold_bars=10.0,0.309,2.8510170200274265,21,0.8803024531753642,5.0,17.0,10.0,False,True,19,7.6000000000000005,2.4000000000000004,7.4,False,1.1,0.08
atr_factor=5.0|atr_period=17.0|max_setup_hold_bars=15.0,0.494,1.9078131216765903,35,0.9427594904593223,5.0,17.0,15.0,True,True,17,7.000000000000001,6.9,1.3000000000000003,False,1.1,0.12
atr_factor=5.0|atr_period=17.0|max_setup_hold_bars=20.0,1.338,0.80521312750844,61,1.0773796524204482,5.0,17.0,20.0,False,True,17,7.7,6.9,7.0,False,1.5000000000000002,0.05
atr_factor=5.5|atr_period=17.0|max_setup_hold_bars=7.0,0.61,3.7691105902025273,10,2.2984630660037846,5.5,17.0,7.0,False,True,6,5.500000000000001,0.6000000000000001,1.2000000000000002,False,2.7,0.68
atr_factor=5.5|atr_period=17.0|max_setup_hold_bars=10.0,0.168,2.870168463537919,15,0.48185118557219003,5.5,17.0,10.0,False,True,22,7.7,1.2,5.5,False,2.0,0.06999999999999999
atr_factor=5.5|atr_period=17.0|max_setup_hold_bars=15.0,0.414,2.19312981379935,27,0.9081122326691276,5.5,17.0,15.0,True,True,6,6.7,4.4,0.8,False,2.4000000000000004,0.05
atr_factor=5.5|atr_period=17.0|max_setup_hold_bars=20.0,1.511,0.4592267364074495,49,0.6940709821723365,5.5,17.0,20.0,True,True,3,3.8000000000000003,10.0,4.9,False,2.6,0.65
atr_factor=2.0|atr_period=20.0|max_setup_hold_bars=3.0,0.95,1.1270343819854014,46,1.0707820127432015,2.0,20.0,3.0,False,True,6,4.7,0.4,5.1,False,2.8000000000000003,0.45
atr_factor=2.0|atr_period=20.0|max_setup_hold_bars=5.0,0.93,1.0795635871832758,87,1.0035000433495442,2.0,20.0,5.0,False,True,25,5.2,7.300000000000001,7.9,False,1.5000000000000002,0.03
atr_factor=2.0|atr_period=20.0|max_setup_hold_bars=7.0,1.05,0.9502641724372549,120,0.9978871916155976,2.0,20.0,7.0,False,True,21,6.300000000000001,4.4,0.8,False,1.4000000000000001,0.01
atr_factor=2.0|atr_period=20.0|max_setup_hold_bars=10.0,1.195,0.6798598238428076,171,0.8122433829752727,2.0,20.0,10.0,False,True,9,6.000000000000001,4.0,1.5000000000000002,False,1.3000000000000003,0.01
atr_factor=2.0|atr_period=20.0|max_setup_hold_bars=15.0,1.245,0.6757439536576999,242,0.8414707857934491,2.0,20.0,15.0,False,True,23,7.2,3.9000000000000004,5.8,False,1.4000000000000001,0.060000000000000005
atr_factor=2.0|atr_period=20.0|max_setup_hold_bars=20.0,1.589,0.487129129937386,296,0.7741569059556354,2.0,20.0,20.0,False,True,16,7.6000000000000005,9.7,5.4,False,0.8,0.01
atr_factor=2.5|atr_period=20.0|max_setup_hold_bars=3.0,0.54,1.9704488545338246,23,1.0649634552181415,2.5,20.0,3.0,False,True,23,6.500000000000001,3.3000000000000003,6.8,False,1.6,0.16
atr_factor=2.5|atr_period=20.0|max_setup_hold_bars=5.0,1.118,0.8968159577755391,46,1.0030352854837346,2.5,20.0,5.0,False,True,25,5.800000000000001,2.8000000000000003,2.8000000000000003,False,1.5000000000000002,0.01
atr_factor=2.5|atr_period=20.0|max_setup_hold_bars=7.0,1.611,0.6370985578587676,74,1.0263176587095093,2.5,20.0,7.0,False,True,8,4.6000000000000005,8.9,1.8000000000000003,False,1.3000000000000003,0.11
atr_factor=2.5|atr_period=20.0|max_setup_hold_bars=10.0,1.374,0.42603985606032024,109,0.5854521090087462,2.5,20.0,10.0,False,True,5,6.7,8.4,0.2,True,4.5,0.17
atr_factor=2.5|atr_period=20.0|max_setup_hold_bars=15.0,1.559,0.4143958358960215,169,0.6458750727635207,2.5,20.0,15.0,True,True,22,3.9000000000000004,4.2,6.8,False,1.1,0.09
atr_factor=2.5|atr_period=20.0|max_setup_hold_bars=20.0,1.705,0.34933008931308945,226,0.5955237098928822,2.5,20.0,20.0,False,True,9,7.7,3.4000000000000004,2.6,False,1.4000000000000001,0.11
atr_factor=3.0|atr_period=20.0|max_setup_hold_bars=3.0,0.322,3.5436345300694367,14,1.141514782065894,3.0,20.0,3.0,False,True,16,6.6000000000000005,0.9000000000000001,6.7,False,1.5000000000000002,0.08
atr_factor=3.0|atr_period=20.0|max_setup_hold_bars=5.0,0.654,1.7422644304216557,29,1.1399124905662499,3.0,20.0,5.0,False,True,24,3.7,0.7,7.6,False,1.3000000000000003,0.04
atr_factor=3.0|atr_period=20.0|max_setup_hold_bars=7.0,0.968,1.1105225402570957,50,1.0751278274255256,3.0,20.0,7.0,False,True,24,5.2,5.1000000000000005,4.6,False,1.3000000000000003,0.25
atr_factor=3.0|atr_period=20.0|max_setup_hold_bars=10.0,0.999,0.7208013807891883,80,0.7200948068479343,3.0,20.0,10.0,True,True,19,4.7,4.300000000000001,6.3,False,0.8,0.01
atr_factor=3.0|atr_period=20.0|max_setup_hold_bars=15.0,1.443,0.5021692950326354,130,0.724774013529459,3.0,20.0,15.0,True,True,23,5.800000000000001,10.0,0.2,False,1.1,0.060000000000000005
atr_factor=3.0|atr_period=20.0|max_setup_hold_bars=20.0,2.06,0.3118152406097456,179,0.6423451030966335,3.0,20.0,20.0,False,True,25,6.9,3.3000000000000003,0.8,False,1.0,0.25
atr_factor=3.5|atr_period=20.0|max_setup_hold_bars=3.0,0.178,5.678874101804671,9,1.0101427035118458,3.5,20.0,3.0,False,True,21,7.7,5.7,6.0,False,1.4000000000000001,0.21000000000000002
atr_factor=3.5|atr_period=20.0|max_setup_hold_bars=5.0,0.359,2.4401641777114094,17,0.8758873979026626,3.5,20.0,5.0,True,True,5,7.7,9.9,5.9,False,4.0,0.53
atr_factor=3.5|atr_period=20.0|max_setup_hold_bars=7.0,0.59,1.8723721157198692,29,1.1041787528628586,3.5,20.0,7.0,True,True,18,7.300000000000001,5.2,2.1,False,1.1,0.06999999999999999
atr_factor=3.5|atr_period=20.0|max_setup_hold_bars=10.0,0.654,1.2143538119604842,62,0.7944987917974939,3.5,20.0,10.0,True,True,22,5.6000000000000005,6.800000000000001,3.2,False,0.8,0.03
atr_factor=3.5|atr_period=20.0|max_setup_hold_bars=15.0,0.914,0.8740558338423318,102,0.7989766733661238,3.5,20.0,15.0,False,True,23,8.0,1.8,3.5000000000000004,False,1.6,0.11
atr_factor=3.5|atr_period=20.0|max_setup_hold_bars=20.0,1.04,0.5404293938536037,149,0.5621195416592308,3.5,20.0,20.0,True,True,18,7.800000000000001,9.8,6.5,False,1.1,0.43
atr_factor=3.8|atr_period=20.0|max_setup_hold_bars=5.0,0.213,4.176588508981954,13,0.8903925930722354,3.8,20.0,5.0,True,True,18,5.300000000000001,8.1,5.7,False,1.5000000000000002,0.03
atr_factor=3.8|atr_period=20.0|max_setup_hold_bars=7.0,0.343,2.5624083036477656,21,0.8795521587819167,3.8,20.0,7.0,False,True,7,6.9,0.6000000000000001,0.8,True,1.3000000000000003,0.19
atr_factor=3.8|atr_period=20.0|max_setup_hold_bars=10.0,0.464,1.6296894236245767,42,0.7557321408045398,3.8,20.0,10.0,True,True,23,4.9,8.6,6.5,False,1.1,0.09999999999999999
atr_factor=3.8|atr_period=20.0|max_setup_hold_bars=15.0,0.619,0.7198206453756386,79,0.4458921293791341,3.8,20.0,15.0,False,True,21,5.6000000000000005,3.8000000000000003,5.4,False,1.1,0.61
atr_factor=3.8|atr_period=20.0|max_setup_hold_bars=20.0,0.776,0.7790894401541238,125,0.6044152001830089,3.8,20.0,20.0,False,True,19,5.800000000000001,2.0,5.5,False,1.1,0.15000000000000002
atr_factor=4.0|atr_period=20.0|max_setup_hold_bars=5.0,0.159,5.395669305709721,10,0.8578958644893192,4.0,20.0,5.0,True,True,7,6.000000000000001,2.6000000000000005,7.6,False,3.5000000000000004,0.37
atr_factor=4.0|atr_period=20.0|max_setup_hold_bars=7.0,0.346,3.1358767793618814,17,1.0842188804029584,4.0,20.0,7.0,False,True,22,3.6000000000000005,4.9,0.4,True,0.9,0.11
atr_factor=4.0|atr_period=20.0|max_setup_hold_bars=10.0,0.352,1.6925631584419893,36,0.5957170479125349,4.0,20.0,10.0,False,True,8,5.500000000000001,7.1000000000000005,0.5,True,1.2000000000000002,0.38
atr_factor=4.0|atr_period=20.0|max_setup_hold_bars=15.0,0.659,0.932271230382333,72,0.6144196469991782,4.0,20.0,15.0,False,True,18,3.0000000000000004,8.799999999999999,2.1,False,1.1,0.13
atr_factor=4.0|atr_period=20.0|max_setup_hold_bars=20.0,0.391,0.5665429746953407,106,0.22125904290723064,4.0,20.0,20.0,False,True,24,7.7,0.2,1.9000000000000001,False,3.1,0.54
atr_factor=4.25|atr_period=20.0|max_setup_hold_bars=5.0,0.266,4.857641540456482,11,1.292081063222404,4.25,20.0,5.0,False,True,23,6.9,6.7,1.1,False,0.9,0.14
atr_factor=4.25|atr_period=20.0|max_setup_hold_bars=7.0,0.314,3.3087863217465747,16,1.0403445128211977,4.25,20.0,7.0,True,True,19,6.4,4.6000000000000005,1.0,True,0.9,0.02
atr_factor=4.25|atr_period=20.0|max_setup_hold_bars=10.0,0.309,2.0064291742558886,33,0.6206383855083347,4.25,20.0,10.0,False,True,22,4.6000000000000005,3.0000000000000004,0.6,False,0.9,0.06999999999999999
atr_factor=4.25|atr_period=20.0|max_setup_hold_bars=15.0,0.502,1.2996404661557708,60,0.6517848430266485,4.25,20.0,15.0,False,True,22,7.1000000000000005,1.2,1.4000000000000001,False,1.1,0.09999999999999999
atr_factor=4.25|atr_period=20.0|max_setup_hold_bars=20.0,0.54,0.9300407376158205,102,0.5024205861386227,4.25,20.0,20.0,False,True,22,7.7,4.7,0.2,False,1.1,0.43
atr_factor=4.5|atr_period=20.0|max_setup_hold_bars=5.0,0.25,5.59012206469307,10,1.398818221934813,4.5,20.0,5.0,True,True,23,7.2,8.9,2.1,True,1.0,0.13
atr_factor=4.5|atr_period=20.0|max_setup_hold_bars=7.0,0.397,3.3065179282572035,16,1.3129392699811606,4.5,20.0,7.0,False,True,20,7.300000000000001,6.800000000000001,3.5000000000000004,False,0.9,0.060000000000000005
atr_factor=4.5|atr_period=20.0|max_setup_hold_bars=10.0,0.232,1.9743720096083741,31,0.4586737123769117,4.5,20.0,10.0,True,True,6,4.0,9.8,5.5,False,2.0,0.08
atr_factor=4.5|atr_period=20.0|max_setup_hold_bars=15.0,0.677,1.3368290745667375,51,0.9056893136817651,4.5,20.0,15.0,True,True,15,3.8000000000000003,4.5,7.2,False,0.9,0.04
atr_factor=4.5|atr_period=20.0|max_setup_hold_bars=20.0,0.646,1.01799936554525,93,0.6576275382489661,4.5,20.0,20.0,True,True,20,5.4,8.2,1.0,False,1.1,0.43
atr_factor=5.0|atr_period=20.0|max_setup_hold_bars=7.0,0.466,4.105456074710798,12,1.912732197230239,5.0,20.0,7.0,True,True,6,4.7,7.9,6.4,False,3.2,0.19
atr_factor=5.0|atr_period=20.0|max_setup_hold_bars=10.0,0.475,2.4162922498777726,20,1.147820833354169,5.0,20.0,10.0,True,True,25,5.2,4.7,3.7,False,0.7000000000000001,0.060000000000000005
atr_factor=5.0|atr_period=20.0|max_setup_hold_bars=15.0,0.813,1.6127018935691875,36,1.3108440774316443,5.0,20.0,15.0,True,True,22,6.4,4.5,4.9,False,0.8,0.01
atr_factor=5.0|atr_period=20.0|max_setup_hold_bars=20.0,1.079,1.0566002608700849,66,1.1399508374714409,5.0,20.0,20.0,False,True,24,3.8000000000000003,6.6000000000000005,7.7,False,0.8,0.12
atr_factor=5.5|atr_period=20.0|max_setup_hold_bars=7.0,0.537,5.064382659225101,10,2.719663308443018,5.5,20.0,7.0,True,True,21,5.7,9.4,2.7,False,1.3000000000000003,0.04
atr_factor=5.5|atr_period=20.0|max_setup_hold_bars=10.0,0.344,1.6787457681549491,15,0.57746317702977,5.5,20.0,10.0,False,True,20,8.0,5.9,3.4000000000000004,False,2.5000000000000004,0.51
atr_factor=5.5|atr_period=20.0|max_setup_hold_bars=15.0,0.357,2.433806440995907,24,0.8679336558889312,5.5,20.0,15.0,False,True,12,4.4,9.9,1.1,False,1.9000000000000001,0.14
atr_factor=5.5|atr_period=20.0|max_setup_hold_bars=20.0,1.039,1.1799882355473863,51,1.225815589339228,5.5,20.0,20.0,False,True,22,7.4,4.9,0.8,False,1.1,0.05
atr_factor=2.0|atr_period=25.0|max_setup_hold_bars=3.0,0.792,1.4657421941065556,44,1.1611879528479663,2.0,25.0,3.0,False,True,11,6.800000000000001,5.1000000000000005,5.3,False,1.7000000000000002,0.16
atr_factor=2.0|atr_period=25.0|max_setup_hold_bars=5.0,1.496,0.6008129694310284,94,0.8989906707631556,2.0,25.0,5.0,False,True,6,6.2,2.8000000000000003,1.2000000000000002,False,2.8000000000000003,0.59
atr_factor=2.0|atr_period=25.0|max_setup_hold_bars=7.0,1.08,0.9688666768237998,122,1.0459693766930909,2.0,25.0,7.0,False,True,16,7.4,0.7,5.0,False,0.8,0.01
atr_factor=2.0|atr_period=25.0|max_setup_hold_bars=10.0,1.302,0.721580317778133,168,0.9394188979195699,2.0,25.0,10.0,False,True,23,7.500000000000001,6.4,3.0000000000000004,False,1.7000000000000002,0.01
atr_factor=2.0|atr_period=25.0|max_setup_hold_bars=15.0,1.486,0.4748420221478458,245,0.7057552733524691,2.0,25.0,15.0,True,True,12,4.7,7.6000000000000005,2.8000000000000003,False,1.1,0.2
atr_factor=2.0|atr_period=25.0|max_setup_hold_bars=20.0,1.282,0.6391042012316556,290,0.8195931131091736,2.0,25.0,20.0,True,True,24,7.7,9.0,5.7,False,1.2000000000000002,0.09
atr_factor=2.5|atr_period=25.0|max_setup_hold_bars=3.0,0.574,1.915741717320881,27,1.0988897879376698,2.5,25.0,3.0,False,True,6,5.9,1.5,5.6,False,2.8000000000000003,0.21000000000000002
atr_factor=2.5|atr_period=25.0|max_setup_hold_bars=5.0,1.067,0.9402459625320839,53,1.0036940628135804,2.5,25.0,5.0,False,True,6,7.6000000000000005,4.0,0.5,True,3.0000000000000004,0.4
atr_factor=2.5|atr_period=25.0|max_setup_hold_bars=7.0,1.705,0.6671119707210713,77,1.137340310745843,2.5,25.0,7.0,False,True,7,4.7,5.1000000000000005,7.6,False,1.6,0.05
atr_factor=2.5|atr_period=25.0|max_setup_hold_bars=10.0,1.445,0.553229214122216,109,0.7996839480747382,2.5,25.0,10.0,False,True,7,6.7,9.1,2.3000000000000003,False,1.5000000000000002,0.06999999999999999
atr_factor=2.5|atr_period=25.0|max_setup_hold_bars=15.0,1.687,0.45506922280971945,173,0.7677966207622793,2.5,25.0,15.0,False,True,12,7.7,0.8,0.7000000000000001,True,1.1,0.01
atr_factor=2.5|atr_period=25.0|max_setup_hold_bars=20.0,3.153,0.15113294851851425,232,0.4765789077116228,2.5,25.0,20.0,True,True,6,7.4,9.6,4.5,False,3.9000000000000004,0.67
atr_factor=3.0|atr_period=25.0|max_setup_hold_bars=3.0,0.382,2.99736501173263,14,1.145366580545685,3.0,25.0,3.0,False,True,21,7.7,4.7,3.8000000000000003,False,1.9000000000000001,0.06999999999999999
atr_factor=3.0|atr_period=25.0|max_setup_hold_bars=5.0,0.675,1.4982230906863327,31,1.011992163657335,3.0,25.0,5.0,False,True,12,7.4,8.0,3.7,False,1.4000000000000001,0.08
atr_factor=3.0|atr_period=25.0|max_setup_hold_bars=7.0,1.124,0.993333912052359,47,1.1165438744570904,3.0,25.0,7.0,False,True,23,6.1000000000000005,8.9,3.3000000000000003,False,1.4000000000000001,0.060000000000000005
atr_factor=3.0|atr_period=25.0|max_setup_hold_bars=10.0,1.46,0.3263553029131219,76,0.47662042592854115,3.0,25.0,10.0,False,True,15,7.4,1.7,7.3,False,1.5000000000000002,0.59
atr_factor=3.0|atr_period=25.0|max_setup_hold_bars=15.0,1.479,0.4459531356406489,131,0.6594411656345621,3.0,25.0,15.0,True,True,23,7.300000000000001,4.7,1.3000000000000003,False,1.4000000000000001,0.01
atr_factor=3.0|atr_period=25.0|max_setup_hold_bars=20.0,2.204,0.2492789080323896,180,0.5493643122248283,3.0,25.0,20.0,False,True,14,7.1000000000000005,9.8,0.5,False,1.1,0.02
atr_factor=3.5|atr_period=25.0|max_setup_hold_bars=5.0,0.265,3.857818364395461,14,1.0208359946375496,3.5,25.0,5.0,False,True,25,7.300000000000001,3.3000000000000003,7.0,False,1.4000000000000001,0.12
atr_factor=3.5|atr_period=25.0|max_setup_hold_bars=7.0,0.522,1.5463246232302632,26,0.8065446973946677,3.5,25.0,7.0,True,True,18,7.300000000000001,6.300000000000001,0.2,False,1.8000000000000003,0.060000000000000005
atr_factor=3.5|atr_period=25.0|max_setup_hold_bars=10.0,0.518,1.2420697637780784,55,0.6435398303807582,3.5,25.0,10.0,True,True,23,6.300000000000001,7.2,4.3,False,1.1,0.06999999999999999
atr_factor=3.5|atr_period=25.0|max_setup_hold_bars=15.0,0.745,0.8794753565526235,98,0.6550371390388977,3.5,25.0,15.0,False,True,22,6.300000000000001,8.1,7.3,False,1.4000000000000001,0.02
atr_factor=3.5|atr_period=25.0|max_setup_hold_bars=20.0,0.769,0.6391305094075487,148,0.4912545805093948,3.5,25.0,20.0,False,True,14,6.6000000000000005,7.800000000000001,0.4,False,1.4000000000000001,0.09
atr_factor=3.8|atr_period=25.0|max_setup_hold_bars=5.0,0.24,4.783550934857554,11,1.1465349595348282,3.8,25.0,5.0,False,True,15,5.2,0.6000000000000001,0.1,False,1.4000000000000001,0.28
atr_factor=3.8|atr_period=25.0|max_setup_hold_bars=7.0,0.386,2.5140932751830505,20,0.9703051592649463,3.8,25.0,7.0,False,True,20,4.1000000000000005,8.6,0.5,True,1.1,0.17
atr_factor=3.8|atr_period=25.0|max_setup_hold_bars=10.0,0.461,1.5007670950654894,46,0.6918341679731382,3.8,25.0,10.0,True,True,16,5.7,7.300000000000001,3.3000000000000003,False,1.4000000000000001,0.29000000000000004
atr_factor=3.8|atr_period=25.0|max_setup_hold_bars=15.0,0.723,1.1758640465632038,81,0.8501237706148194,3.8,25.0,15.0,False,True,24,8.0,6.1000000000000005,5.2,False,1.4000000000000001,0.01
atr_factor=3.8|atr_period=25.0|max_setup_hold_bars=20.0,0.852,0.8095480954175064,126,0.6896446575663046,3.8,25.0,20.0,False,True,25,6.6000000000000005,10.0,3.8000000000000003,False,1.0,0.01
atr_factor=4.0|atr_period=25.0|max_setup_hold_bars=5.0,0.226,5.560979634418948,9,1.255208038264875,4.0,25.0,5.0,False,True,7,7.6000000000000005,1.6,5.9,False,1.6,0.2
atr_factor=4.0|atr_period=25.0|max_setup_hold_bars=7.0,0.355,3.120055791213762,17,1.1079334945326407,4.0,25.0,7.0,True,True,25,5.4,6.800000000000001,2.9000000000000004,False,1.4000000000000001,0.060000000000000005
atr_factor=4.0|atr_period=25.0|max_setup_hold_bars=10.0,0.178,1.3509902981147242,38,0.24015187537353835,4.0,25.0,10.0,True,True,7,6.000000000000001,5.500000000000001,1.7000000000000002,False,4.5,0.53
atr_factor=4.0|atr_period=25.0|max_setup_hold_bars=15.0,0.564,1.3115488567139804,70,0.7402690566949882,4.0,25.0,15.0,False,True,23,8.0,6.6000000000000005,6.1,False,1.4000000000000001,0.05
atr_factor=4.0|atr_period=25.0|max_setup_hold_bars=20.0,0.745,0.8594253951855692,116,0.6401947002776436,4.0,25.0,20.0,True,True,21,7.7,8.1,5.4,False,1.0,0.02
atr_factor=4.25|atr_period=25.0|max_setup_hold_bars=5.0,0.209,4.860306074847005,10,1.0174590914110748,4.25,25.0,5.0,False,True,20,4.300000000000001,4.4,6.4,False,1.0,0.38
atr_factor=4.25|atr_period=25.0|max_setup_hold_bars=7.0,0.379,3.252772591043666,15,1.233232908578003,4.25,25.0,7.0,False,True,7,5.6000000000000005,0.2,3.4000000000000004,False,1.0,0.49
atr_factor=4.25|atr_period=25.0|max_setup_hold_bars=10.0,0.364,2.0964781627877884,30,0.7634549031424257,4.25,25.0,10.0,True,True,24,3.8000000000000003,7.500000000000001,0.8,False,0.9,0.08
atr_factor=4.25|atr_period=25.0|max_setup_hold_bars=15.0,0.683,1.1439982647645466,58,0.7808806995076218,4.25,25.0,15.0,True,True,23,3.8000000000000003,6.6000000000000005,1.9000000000000001,False,1.2000000000000002,0.09
atr_factor=4.25|atr_period=25.0|max_setup_hold_bars=20.0,0.679,1.013162530077187,102,0.6877445626385608,4.25,25.0,20.0,False,True,16,6.500000000000001,8.299999999999999,4.3,False,1.3000000000000003,0.09999999999999999
atr_factor=4.5|atr_period=25.0|max_setup_hold_bars=5.0,0.231,5.65640538497609,9,1.3092934420930105,4.5,25.0,5.0,False,True,17,5.2,7.1000000000000005,6.3,False,1.1,0.09999999999999999
atr_factor=4.5|atr_period=25.0|max_setup_hold_bars=7.0,0.386,3.5186533424397815,14,1.35648760891519,4.5,25.0,7.0,False,True,22,4.1000000000000005,7.000000000000001,2.1,False,1.1,0.17
atr_factor=4.5|atr_period=25.0|max_setup_hold_bars=10.0,0.323,2.3347022865815608,28,0.7533115258909495,4.5,25.0,10.0,True,True,21,7.000000000000001,6.9,5.0,False,1.0,0.01
atr_factor=4.5|atr_period=25.0|max_setup_hold_bars=15.0,0.643,1.433080442664697,50,0.9216577287019474,4.5,25.0,15.0,False,True,18,7.300000000000001,4.9,4.9,False,1.0,0.04
atr_factor=4.5|atr_period=25.0|max_setup_hold_bars=20.0,0.822,1.0737235860722705,89,0.8824365103777917,4.5,25.0,20.0,False,True,21,7.800000000000001,9.5,1.0,False,1.0,0.08
atr_factor=5.0|atr_period=25.0|max_setup_hold_bars=5.0,0.295,6.380595616508369,8,1.8792399420166126,5.0,25.0,5.0,True,True,20,5.7,7.300000000000001,3.9000000000000004,False,1.3000000000000003,0.04
atr_factor=5.0|atr_period=25.0|max_setup_hold_bars=7.0,0.449,3.865957124589535,11,1.7354110987557585,5.0,25.0,7.0,True,True,25,7.7,6.000000000000001,0.6,True,2.1,0.13
atr_factor=5.0|atr_period=25.0|max_setup_hold_bars=10.0,0.296,2.703306358669593,22,0.8011463687628444,5.0,25.0,10.0,True,True,21,4.9,8.299999999999999,0.6,False,1.5000000000000002,0.09999999999999999
atr_factor=5.0|atr_period=25.0|max_setup_hold_bars=15.0,0.584,1.7883292133123312,38,1.0450068791628284,5.0,25.0,15.0,False,True,14,8.0,1.7,5.5,False,1.2000000000000002,0.15000000000000002
atr_factor=5.0|atr_period=25.0|max_setup_hold_bars=20.0,0.923,1.1357689088130476,64,1.0488152117093779,5.0,25.0,20.0,False,True,23,8.0,9.0,3.9000000000000004,False,1.0,0.11
atr_factor=5.5|atr_period=25.0|max_setup_hold_bars=7.0,0.51,5.014415192912997,10,2.5578238377470184,5.5,25.0,7.0,False,True,18,3.7,9.1,5.8,False,1.2000000000000002,0.13
atr_factor=5.5|atr_period=25.0|max_setup_hold_bars=10.0,0.524,2.9278918131777014,16,1.5351946005611277,5.5,25.0,10.0,False,True,4,8.0,9.1,0.4,False,2.6,0.3
atr_factor=5.5|atr_period=25.0|max_setup_hold_bars=15.0,0.729,1.783619458475142,28,1.3007132046733532,5.5,25.0,15.0,True,True,9,4.4,4.0,2.3000000000000003,False,2.2,0.06999999999999999
atr_factor=5.5|atr_period=25.0|max_setup_hold_bars=20.0,1.637,0.746875428951239,46,1.2222902968985074,5.5,25.0,20.0,True,True,24,5.800000000000001,4.9,0.7000000000000001,False,2.2,0.11
