entry_key,metrics_overfit_ratio,metrics_return_per_bar,metrics_test_trade_count,metrics_train_return_per_bar,numeric_entry_params_max_setup_hold_bars,numeric_entry_params_threshold_pct,tbm_params_active_trail_sl,tbm_params_exit_on_close,tbm_params_max_holding_bars,tbm_params_sl_mult,tbm_params_sl_trail_mult,tbm_params_time_decay_mult,tbm_params_time_decay_sl,tbm_params_tp_mult,tbm_params_tp_trail_mult
max_setup_hold_bars=3.0|threshold_pct=0.02,1.28,0.7679944717669278,395,0.9831550345002048,3.0,0.02,False,True,17,5.800000000000001,1.0,6.9,False,1.1,0.060000000000000005
max_setup_hold_bars=5.0|threshold_pct=0.02,1.254,0.7516504739034495,484,0.9428542712719877,5.0,0.02,False,True,24,6.800000000000001,6.000000000000001,3.0000000000000004,False,1.1,0.21000000000000002
max_setup_hold_bars=7.0|threshold_pct=0.02,1.297,0.7482521838547119,506,0.9706946502888341,7.0,0.02,True,True,25,5.800000000000001,7.300000000000001,4.9,False,1.4000000000000001,0.060000000000000005
max_setup_hold_bars=9.0|threshold_pct=0.02,1.308,0.721716075441599,543,0.9439400131142187,9.0,0.02,False,True,20,6.9,3.1000000000000005,4.7,False,1.1,0.11
max_setup_hold_bars=11.0|threshold_pct=0.02,1.355,0.7165205614174794,574,0.970876357848519,11.0,0.02,True,True,21,6.1000000000000005,8.4,7.7,False,1.0,0.01
max_setup_hold_bars=14.0|threshold_pct=0.02,1.336,0.615514156278308,597,0.8223806477487763,14.0,0.02,True,True,22,6.800000000000001,8.0,0.4,True,1.0,0.29000000000000004
max_setup_hold_bars=18.0|threshold_pct=0.02,1.316,0.6429858600619651,626,0.8459028003270305,18.0,0.02,False,True,14,7.500000000000001,9.9,1.1,False,1.1,0.11
max_setup_hold_bars=22.0|threshold_pct=0.02,1.36,0.6381145999958872,627,0.8678964731243232,22.0,0.02,True,True,24,5.500000000000001,9.299999999999999,7.6,False,1.0,0.2
max_setup_hold_bars=28.0|threshold_pct=0.02,1.426,0.5969991334327615,641,0.8513689845626969,28.0,0.02,True,True,15,7.000000000000001,6.500000000000001,1.1,False,1.4000000000000001,0.13
max_setup_hold_bars=35.0|threshold_pct=0.02,1.465,0.42275699781065895,664,0.6192700687444194,35.0,0.02,False,True,10,6.9,1.1,7.3,False,1.4000000000000001,0.51
max_setup_hold_bars=3.0|threshold_pct=0.03,1.175,0.8600373542174934,269,1.0106193089506808,3.0,0.03,True,True,16,6.7,8.799999999999999,6.5,False,1.3000000000000003,0.15000000000000002
max_setup_hold_bars=5.0|threshold_pct=0.03,1.121,0.9128622184875634,380,1.0230816276433596,5.0,0.03,False,True,25,7.000000000000001,8.0,6.4,False,1.0,0.09
max_setup_hold_bars=7.0|threshold_pct=0.03,1.164,0.8428156955056586,418,0.9808277347690051,7.0,0.03,True,True,25,7.800000000000001,9.8,5.5,False,1.0,0.15000000000000002
max_setup_hold_bars=9.0|threshold_pct=0.03,1.206,0.8091615035442352,436,0.9758164634887292,9.0,0.03,False,True,25,6.300000000000001,7.9,0.8,False,1.3000000000000003,0.01
max_setup_hold_bars=11.0|threshold_pct=0.03,1.222,0.7658459825659862,469,0.9360171672691994,11.0,0.03,False,True,22,7.000000000000001,2.3000000000000003,2.8000000000000003,False,1.1,0.08
max_setup_hold_bars=14.0|threshold_pct=0.03,1.219,0.7007663616060129,512,0.8542324125423427,14.0,0.03,False,True,14,6.500000000000001,2.6000000000000005,1.1,False,0.9,0.060000000000000005
max_setup_hold_bars=18.0|threshold_pct=0.03,1.202,0.72033267240676,536,0.8659976834019212,18.0,0.03,True,True,21,5.300000000000001,6.300000000000001,2.6,False,1.0,0.060000000000000005
max_setup_hold_bars=22.0|threshold_pct=0.03,1.271,0.5899984134655972,547,0.7500590368035774,22.0,0.03,True,True,16,4.300000000000001,8.6,2.4000000000000004,False,1.3000000000000003,0.26
max_setup_hold_bars=28.0|threshold_pct=0.03,1.245,0.7297938380863332,578,0.9083769226523198,28.0,0.03,True,True,24,7.7,10.0,3.5000000000000004,False,0.9,0.05
max_setup_hold_bars=35.0|threshold_pct=0.03,1.269,0.6397434427423401,581,0.8115766184623451,35.0,0.03,True,True,25,5.300000000000001,6.800000000000001,2.5000000000000004,False,1.3000000000000003,0.22
max_setup_hold_bars=3.0|threshold_pct=0.04,1.137,1.0473370332584593,202,1.1910562133124734,3.0,0.04,False,True,21,7.000000000000001,3.8000000000000003,2.8000000000000003,False,1.4000000000000001,0.05
max_setup_hold_bars=5.0|threshold_pct=0.04,1.014,1.0161200691564116,310,1.0301114977942658,5.0,0.04,False,True,15,6.7,7.500000000000001,3.1,False,1.1,0.060000000000000005
max_setup_hold_bars=7.0|threshold_pct=0.04,1.112,0.7967349515295955,351,0.8856304805525298,7.0,0.04,False,True,24,4.300000000000001,0.8,0.7000000000000001,True,1.4000000000000001,0.09999999999999999
max_setup_hold_bars=9.0|threshold_pct=0.04,1.115,0.9378256165241128,372,1.0456247479020147,9.0,0.04,False,True,25,6.7,2.2,3.6,False,1.2000000000000002,0.01
max_setup_hold_bars=11.0|threshold_pct=0.04,1.114,0.8076840315193667,414,0.9000272463013845,11.0,0.04,False,True,22,5.4,2.7,2.3000000000000003,False,1.2000000000000002,0.14
max_setup_hold_bars=14.0|threshold_pct=0.04,1.12,0.8126686704399071,450,0.9101200183222663,14.0,0.04,True,True,24,7.000000000000001,5.2,3.7,False,1.2000000000000002,0.04
max_setup_hold_bars=18.0|threshold_pct=0.04,1.264,0.7140843961945204,479,0.9028033049554279,18.0,0.04,True,True,22,7.6000000000000005,7.4,3.0000000000000004,False,1.4000000000000001,0.09
max_setup_hold_bars=22.0|threshold_pct=0.04,1.329,0.6567114326358849,510,0.872525866954323,22.0,0.04,True,True,14,6.1000000000000005,8.799999999999999,4.3999999999999995,False,1.2000000000000002,0.04
max_setup_hold_bars=28.0|threshold_pct=0.04,1.442,0.5663182064757821,544,0.8166267187201436,28.0,0.04,False,True,9,6.800000000000001,4.0,5.5,False,1.0,0.08
max_setup_hold_bars=35.0|threshold_pct=0.04,1.342,0.6745050443853389,544,0.9051157912229505,35.0,0.04,True,True,25,7.500000000000001,8.9,4.9,False,1.1,0.16
max_setup_hold_bars=3.0|threshold_pct=0.05,1.131,1.112128202863023,147,1.2575869878915975,3.0,0.05,False,True,21,7.7,0.2,8.0,False,1.5000000000000002,0.04
max_setup_hold_bars=5.0|threshold_pct=0.05,1.003,1.1295895134000622,232,1.1327422703054857,5.0,0.05,False,True,16,7.7,1.2,0.5,True,1.3000000000000003,0.09999999999999999
max_setup_hold_bars=7.0|threshold_pct=0.05,1.065,1.0301869432404387,265,1.0969248782493446,7.0,0.05,False,True,24,6.500000000000001,7.500000000000001,6.2,False,1.5000000000000002,0.05
max_setup_hold_bars=9.0|threshold_pct=0.05,1.091,0.9355829194548964,300,1.0211280435931482,9.0,0.05,True,True,23,7.7,5.800000000000001,6.9,False,1.2000000000000002,0.11
max_setup_hold_bars=11.0|threshold_pct=0.05,1.134,0.8284722116170068,339,0.939620678421023,11.0,0.05,True,True,24,6.500000000000001,5.000000000000001,7.8,False,1.3000000000000003,0.22
max_setup_hold_bars=14.0|threshold_pct=0.05,1.159,0.8272314015138178,379,0.9591067874356587,14.0,0.05,False,True,22,6.300000000000001,8.4,6.7,False,1.2000000000000002,0.14
max_setup_hold_bars=18.0|threshold_pct=0.05,1.274,0.7302221089838058,411,0.9303830037325398,18.0,0.05,True,True,24,6.000000000000001,7.4,4.7,False,1.4000000000000001,0.08
max_setup_hold_bars=22.0|threshold_pct=0.05,1.315,0.6686362680604218,437,0.8793441945963546,22.0,0.05,False,True,19,5.300000000000001,2.0,1.0,False,1.3000000000000003,0.060000000000000005
max_setup_hold_bars=28.0|threshold_pct=0.05,1.278,0.6148999237520527,467,0.7857328608410596,28.0,0.05,False,True,17,6.300000000000001,1.4000000000000001,0.1,False,0.8,0.12
max_setup_hold_bars=35.0|threshold_pct=0.05,1.419,0.6428365737701146,481,0.9122766885000693,35.0,0.05,True,True,25,6.800000000000001,6.300000000000001,3.2,False,1.3000000000000003,0.16
max_setup_hold_bars=3.0|threshold_pct=0.06,1.065,1.2543057949222243,110,1.335772881511414,3.0,0.06,True,True,12,7.000000000000001,8.9,6.9,False,1.5000000000000002,0.060000000000000005
max_setup_hold_bars=5.0|threshold_pct=0.06,1.139,1.088882464199027,178,1.2398453523509108,5.0,0.06,False,True,23,6.000000000000001,6.1000000000000005,0.9,True,1.6,0.01
max_setup_hold_bars=7.0|threshold_pct=0.06,1.165,1.1145892059571094,207,1.2989678029032494,7.0,0.06,False,True,23,6.2,2.1,0.9,False,1.4000000000000001,0.03
max_setup_hold_bars=9.0|threshold_pct=0.06,1.175,1.0379691376771036,250,1.2197740855249175,9.0,0.06,False,True,22,8.0,6.000000000000001,2.5000000000000004,False,1.0,0.01
max_setup_hold_bars=11.0|threshold_pct=0.06,1.383,0.808975065181938,279,1.1190322662951935,11.0,0.06,True,True,25,4.300000000000001,4.4,3.5000000000000004,False,1.2000000000000002,0.01
max_setup_hold_bars=14.0|threshold_pct=0.06,1.445,0.7024357855650527,329,1.0149493761128956,14.0,0.06,False,True,9,6.7,8.2,1.1,False,1.3000000000000003,0.05
max_setup_hold_bars=18.0|threshold_pct=0.06,1.238,0.8219511049471213,357,1.0174067347856774,18.0,0.06,False,True,22,6.300000000000001,0.2,3.2,False,1.3000000000000003,0.12
max_setup_hold_bars=22.0|threshold_pct=0.06,1.227,0.7186658064902319,403,0.8814811060208664,22.0,0.06,True,True,11,5.1000000000000005,9.5,4.3999999999999995,False,1.0,0.06999999999999999
max_setup_hold_bars=28.0|threshold_pct=0.06,1.2,0.7502949190349147,422,0.9006465967777364,28.0,0.06,False,True,15,6.6000000000000005,1.7,1.0,False,1.1,0.06999999999999999
max_setup_hold_bars=35.0|threshold_pct=0.06,1.211,0.7185271933244668,444,0.8701215707119773,35.0,0.06,False,True,16,7.500000000000001,8.7,1.5000000000000002,False,1.3000000000000003,0.18000000000000002
max_setup_hold_bars=3.0|threshold_pct=0.07,1.387,0.769364216326758,80,1.0671026186610142,3.0,0.07,True,True,9,4.300000000000001,9.5,3.3000000000000003,False,1.8000000000000003,0.5
max_setup_hold_bars=5.0|threshold_pct=0.07,1.197,1.1242170410681385,133,1.3455555455545798,5.0,0.07,False,True,8,7.000000000000001,2.8000000000000003,6.5,False,1.6,0.02
max_setup_hold_bars=7.0|threshold_pct=0.07,1.234,1.1733447783985698,161,1.4474227886567288,7.0,0.07,True,True,23,5.2,6.6000000000000005,6.7,False,1.3000000000000003,0.01
max_setup_hold_bars=9.0|threshold_pct=0.07,1.311,0.9349644600694731,189,1.2253265224761685,9.0,0.07,False,True,18,4.7,5.2,1.6,False,1.3000000000000003,0.09999999999999999
max_setup_hold_bars=11.0|threshold_pct=0.07,1.281,0.9277907086794966,224,1.188132077393634,11.0,0.07,True,True,22,5.4,9.7,4.5,False,1.0,0.13
max_setup_hold_bars=14.0|threshold_pct=0.07,1.671,0.6073791983236115,271,1.0147751594550212,14.0,0.07,False,True,9,6.800000000000001,2.0,5.7,False,1.0,0.16
max_setup_hold_bars=18.0|threshold_pct=0.07,1.462,0.7603127834407452,308,1.1112432117214108,18.0,0.07,True,True,23,7.4,10.0,1.1,False,1.0,0.01
max_setup_hold_bars=22.0|threshold_pct=0.07,1.489,0.6193952102293074,336,0.9224962988261033,22.0,0.07,False,True,15,5.2,1.8,1.3000000000000003,False,1.4000000000000001,0.12
max_setup_hold_bars=28.0|threshold_pct=0.07,1.425,0.7111194224167987,370,1.0134313253566034,28.0,0.07,False,True,24,8.0,3.1000000000000005,2.8000000000000003,False,0.9,0.01
max_setup_hold_bars=35.0|threshold_pct=0.07,1.448,0.6666713673879547,392,0.9656460454749245,35.0,0.07,False,True,23,6.1000000000000005,5.500000000000001,4.8,False,1.4000000000000001,0.060000000000000005
max_setup_hold_bars=3.0|threshold_pct=0.08,0.86,1.8616653628886763,61,1.600123692488244,3.0,0.08,False,True,25,6.800000000000001,9.5,7.4,False,1.3000000000000003,0.04
max_setup_hold_bars=5.0|threshold_pct=0.08,1.079,1.3581058689384433,106,1.4653401899544585,5.0,0.08,True,True,17,7.6000000000000005,5.500000000000001,5.2,False,1.3000000000000003,0.11
max_setup_hold_bars=7.0|threshold_pct=0.08,1.224,1.2359266513286133,129,1.5131566364109124,7.0,0.08,False,True,25,7.800000000000001,5.7,1.9000000000000001,False,1.5000000000000002,0.01
max_setup_hold_bars=9.0|threshold_pct=0.08,1.271,1.011126947432449,168,1.2849825226415543,9.0,0.08,True,True,9,4.7,4.6000000000000005,2.9000000000000004,False,1.1,0.01
max_setup_hold_bars=11.0|threshold_pct=0.08,1.254,1.0087677135723283,192,1.264856180215435,11.0,0.08,False,True,12,7.300000000000001,4.4,7.4,False,1.0,0.060000000000000005
max_setup_hold_bars=14.0|threshold_pct=0.08,1.462,0.8306136726888226,224,1.214665880020307,14.0,0.08,True,True,18,5.000000000000001,6.000000000000001,5.3,False,1.3000000000000003,0.14
max_setup_hold_bars=18.0|threshold_pct=0.08,1.502,0.7465111114019511,272,1.121496234674029,18.0,0.08,False,True,15,6.2,3.3000000000000003,3.0000000000000004,False,1.1,0.01
max_setup_hold_bars=22.0|threshold_pct=0.08,1.39,0.7815752353648794,308,1.0860753364339686,22.0,0.08,False,True,21,5.9,6.800000000000001,6.0,False,1.0,0.05
max_setup_hold_bars=28.0|threshold_pct=0.08,1.423,0.7703648647120739,331,1.0958767996900627,28.0,0.08,False,True,21,7.300000000000001,9.6,6.7,False,1.0,0.01
max_setup_hold_bars=35.0|threshold_pct=0.08,1.486,0.6035468925954277,364,0.8969692268411956,35.0,0.08,True,True,22,4.9,8.9,2.6,False,0.9,0.17
max_setup_hold_bars=3.0|threshold_pct=0.1,0.631,2.4202288935683423,34,1.5274267856405612,3.0,0.1,False,True,15,7.800000000000001,6.000000000000001,5.1,False,1.6,0.06999999999999999
max_setup_hold_bars=5.0|threshold_pct=0.1,1.005,1.0172138595765017,68,1.0227254614523817,5.0,0.1,True,True,6,4.6000000000000005,9.4,5.3,False,5.0,0.4
max_setup_hold_bars=7.0|threshold_pct=0.1,1.147,1.1315067750203043,85,1.2983544066572525,7.0,0.1,False,True,12,7.4,5.000000000000001,6.7,False,1.5000000000000002,0.35000000000000003
max_setup_hold_bars=9.0|threshold_pct=0.1,1.105,1.3009997823022523,104,1.4372866216471556,9.0,0.1,False,True,24,5.9,4.1000000000000005,8.0,False,1.1,0.18000000000000002
max_setup_hold_bars=11.0|threshold_pct=0.1,1.145,1.235999815093122,128,1.4149330817241124,11.0,0.1,True,True,21,7.7,7.4,2.5000000000000004,False,1.3000000000000003,0.09999999999999999
max_setup_hold_bars=14.0|threshold_pct=0.1,1.429,0.8728709428624817,167,1.2470213710133753,14.0,0.1,True,True,12,7.9,9.299999999999999,5.7,False,1.2000000000000002,0.16
max_setup_hold_bars=18.0|threshold_pct=0.1,1.256,0.9480221493225222,209,1.1906861141011233,18.0,0.1,True,True,21,8.0,9.6,3.7,False,1.5000000000000002,0.01
max_setup_hold_bars=22.0|threshold_pct=0.1,1.308,0.8858806993180062,244,1.158447730239172,22.0,0.1,False,True,25,7.500000000000001,1.4000000000000001,2.2,False,1.1,0.17
max_setup_hold_bars=28.0|threshold_pct=0.1,1.328,0.820378549556114,273,1.0896932355988735,28.0,0.1,True,True,16,6.300000000000001,6.4,4.9,False,1.2000000000000002,0.01
max_setup_hold_bars=35.0|threshold_pct=0.1,1.323,0.7469868752497486,300,0.9878985084786276,35.0,0.1,True,True,20,4.7,6.4,0.2,False,1.1,0.09999999999999999
max_setup_hold_bars=3.0|threshold_pct=0.12,0.464,3.775431438771923,22,1.7504513428584867,3.0,0.12,False,True,18,6.1000000000000005,6.300000000000001,7.9,False,1.3000000000000003,0.08
max_setup_hold_bars=5.0|threshold_pct=0.12,0.65,2.1754987173819957,40,1.4132319102194648,5.0,0.12,False,True,11,7.4,2.4000000000000004,3.3000000000000003,False,1.4000000000000001,0.37
max_setup_hold_bars=7.0|threshold_pct=0.12,0.775,1.8805388659626225,52,1.4582608708356863,7.0,0.12,False,True,10,7.1000000000000005,3.1000000000000005,0.4,True,1.3000000000000003,0.19
max_setup_hold_bars=9.0|threshold_pct=0.12,1.481,0.8800845689345661,70,1.3037506993124373,9.0,0.12,False,True,6,6.500000000000001,2.6000000000000005,1.4000000000000001,False,1.5000000000000002,0.48000000000000004
max_setup_hold_bars=11.0|threshold_pct=0.12,1.115,1.5081045919004492,82,1.6818866039371783,11.0,0.12,False,True,24,6.9,4.7,8.0,False,1.3000000000000003,0.05
max_setup_hold_bars=14.0|threshold_pct=0.12,1.488,0.9178105916139098,117,1.3659441901851068,14.0,0.12,True,True,9,5.1000000000000005,8.299999999999999,4.8,False,1.3000000000000003,0.06999999999999999
max_setup_hold_bars=18.0|threshold_pct=0.12,1.278,0.9263083817965855,156,1.1841368023550132,18.0,0.12,False,True,21,5.1000000000000005,1.8,1.7000000000000002,False,1.3000000000000003,0.35000000000000003
max_setup_hold_bars=22.0|threshold_pct=0.12,1.545,0.7722508867507499,192,1.1929730244645302,22.0,0.12,True,True,11,7.300000000000001,9.299999999999999,6.7,False,0.9,0.01
max_setup_hold_bars=28.0|threshold_pct=0.12,1.534,0.7776722368773256,216,1.1925811503117658,28.0,0.12,True,True,15,4.9,7.7,0.5,False,1.3000000000000003,0.05
max_setup_hold_bars=35.0|threshold_pct=0.12,1.481,0.8025428189378898,247,1.1887342301179689,35.0,0.12,True,True,23,6.6000000000000005,4.5,3.2,False,1.1,0.01
max_setup_hold_bars=3.0|threshold_pct=0.14,0.515,3.8619670107654103,16,1.9908186741539007,3.0,0.14,False,True,24,5.7,2.1,0.8,True,1.4000000000000001,0.01
max_setup_hold_bars=5.0|threshold_pct=0.14,0.902,1.6550255397540075,29,1.492691840439617,5.0,0.14,False,True,6,3.7,1.6,7.1,False,3.1,0.06999999999999999
max_setup_hold_bars=7.0|threshold_pct=0.14,0.939,1.9474492190976394,38,1.8292597551664547,7.0,0.14,True,True,25,4.2,5.000000000000001,3.1,False,1.4000000000000001,0.08
max_setup_hold_bars=9.0|threshold_pct=0.14,1.178,1.5878752673600882,51,1.8709924388916441,9.0,0.14,False,True,18,7.1000000000000005,7.7,0.5,False,1.4000000000000001,0.01
max_setup_hold_bars=11.0|threshold_pct=0.14,1.24,1.348154070245885,63,1.6718361624983118,11.0,0.14,False,True,21,4.4,9.9,1.2000000000000002,False,1.3000000000000003,0.09
max_setup_hold_bars=14.0|threshold_pct=0.14,1.441,1.1702385550770489,86,1.6862540349912623,14.0,0.14,False,True,16,6.2,2.2,1.5000000000000002,False,1.3000000000000003,0.060000000000000005
max_setup_hold_bars=18.0|threshold_pct=0.14,1.373,1.0293164113999993,122,1.413503412720053,18.0,0.14,False,True,16,5.800000000000001,3.2,5.8,False,1.4000000000000001,0.14
max_setup_hold_bars=22.0|threshold_pct=0.14,1.394,1.0475141354247415,149,1.4606390341031432,22.0,0.14,False,True,25,7.4,9.0,4.3999999999999995,False,1.4000000000000001,0.01
max_setup_hold_bars=28.0|threshold_pct=0.14,1.513,0.9401341367326468,178,1.4226846396698987,28.0,0.14,False,True,24,7.1000000000000005,0.30000000000000004,3.4000000000000004,False,1.4000000000000001,0.05
max_setup_hold_bars=35.0|threshold_pct=0.14,1.609,0.8471556931671667,203,1.3632047239336018,35.0,0.14,True,True,20,7.2,7.000000000000001,3.5000000000000004,False,1.3000000000000003,0.03
max_setup_hold_bars=3.0|threshold_pct=0.16,0.543,4.345221034466502,14,2.3591647502339765,3.0,0.16,False,True,15,4.4,3.0000000000000004,0.30000000000000004,True,1.5000000000000002,0.02
max_setup_hold_bars=5.0|threshold_pct=0.16,1.031,1.7270770801049462,20,1.7806541302039656,5.0,0.16,False,True,6,4.800000000000001,4.300000000000001,5.2,False,2.5000000000000004,0.41000000000000003
max_setup_hold_bars=7.0|threshold_pct=0.16,1.041,2.0046251279988576,29,2.0876930554189244,7.0,0.16,False,True,9,7.800000000000001,4.6000000000000005,4.7,False,1.6,0.09999999999999999
max_setup_hold_bars=9.0|threshold_pct=0.16,1.23,1.7028267178928937,38,2.093889307658983,9.0,0.16,False,True,23,8.0,2.4000000000000004,4.5,False,1.7000000000000002,0.01
max_setup_hold_bars=11.0|threshold_pct=0.16,1.191,1.6426689333438687,45,1.956881698033545,11.0,0.16,False,True,19,7.500000000000001,5.9,4.2,False,1.3000000000000003,0.060000000000000005
max_setup_hold_bars=14.0|threshold_pct=0.16,1.472,1.1702302857175606,69,1.722343798519478,14.0,0.16,True,True,15,3.4000000000000004,6.000000000000001,5.5,False,1.3000000000000003,0.060000000000000005
max_setup_hold_bars=18.0|threshold_pct=0.16,2.583,0.6352890378226128,104,1.6407114720309648,18.0,0.16,True,True,17,7.6000000000000005,8.9,2.3000000000000003,False,0.7000000000000001,0.01
max_setup_hold_bars=22.0|threshold_pct=0.16,2.119,0.7685237358121666,126,1.6286518834565809,22.0,0.16,False,True,25,6.4,1.1,6.7,False,1.3000000000000003,0.12
max_setup_hold_bars=28.0|threshold_pct=0.16,2.514,0.5400636909169518,157,1.3579632036610287,28.0,0.16,False,True,10,4.300000000000001,0.2,4.1,False,1.1,0.01
max_setup_hold_bars=35.0|threshold_pct=0.16,2.069,0.6752811675691692,172,1.3970356806845927,35.0,0.16,False,True,18,7.1000000000000005,6.7,0.1,True,1.3000000000000003,0.09999999999999999
max_setup_hold_bars=3.0|threshold_pct=0.18,0.532,4.314357000897431,12,2.293901859185228,3.0,0.18,False,True,8,7.4,6.800000000000001,4.6,False,1.3000000000000003,0.11
max_setup_hold_bars=5.0|threshold_pct=0.18,0.617,3.5846286341218643,15,2.2129750558161727,5.0,0.18,False,True,15,5.2,3.5000000000000004,6.2,False,1.4000000000000001,0.05
max_setup_hold_bars=7.0|threshold_pct=0.18,1.335,1.4277453628407655,23,1.9059989535276465,7.0,0.18,True,True,5,7.4,9.2,4.7,False,4.3999999999999995,0.56
max_setup_hold_bars=9.0|threshold_pct=0.18,1.105,1.9157466068379074,30,2.1175540383798404,9.0,0.18,False,True,21,6.300000000000001,8.7,3.2,False,1.7000000000000002,0.09999999999999999
max_setup_hold_bars=11.0|threshold_pct=0.18,1.227,1.490989127012945,37,1.8294159817469973,11.0,0.18,False,True,9,5.300000000000001,3.1000000000000005,5.3,False,1.3000000000000003,0.01
max_setup_hold_bars=14.0|threshold_pct=0.18,1.275,1.1373399890822689,50,1.450128921478514,14.0,0.18,True,True,5,6.000000000000001,8.2,5.5,False,3.4000000000000004,0.01
max_setup_hold_bars=18.0|threshold_pct=0.18,1.289,1.2834373941699233,80,1.6540183286324543,18.0,0.18,True,True,12,4.2,3.7,1.8000000000000003,False,1.1,0.01
max_setup_hold_bars=22.0|threshold_pct=0.18,1.569,0.9330939892165756,108,1.4642721225807216,22.0,0.18,False,True,11,7.2,9.6,7.3,False,1.7000000000000002,0.01
max_setup_hold_bars=28.0|threshold_pct=0.18,1.346,1.0333626254576787,130,1.3907512864707876,28.0,0.18,False,True,21,4.300000000000001,5.4,6.6,False,1.1,0.060000000000000005
max_setup_hold_bars=35.0|threshold_pct=0.18,1.285,1.0034283597651588,149,1.289043941925856,35.0,0.18,False,True,19,5.9,0.7,7.5,False,1.2000000000000002,0.11
max_setup_hold_bars=3.0|threshold_pct=0.2,0.605,3.8429918451687777,10,2.3232963045347046,3.0,0.2,False,True,15,5.500000000000001,1.8,0.7000000000000001,False,1.6,0.46
max_setup_hold_bars=5.0|threshold_pct=0.2,0.485,5.104079060423923,10,2.4737932044773974,5.0,0.2,False,True,8,4.7,7.4,7.0,False,1.7000000000000002,0.01
max_setup_hold_bars=7.0|threshold_pct=0.2,0.608,3.8892317390394564,14,2.365633597696207,7.0,0.2,True,True,15,5.500000000000001,8.5,4.3999999999999995,False,1.4000000000000001,0.05
max_setup_hold_bars=9.0|threshold_pct=0.2,0.888,2.6113641095388105,24,2.31846427686972,9.0,0.2,True,True,23,6.800000000000001,8.9,6.0,False,1.6,0.18000000000000002
max_setup_hold_bars=11.0|threshold_pct=0.2,0.853,2.2468810175119085,29,1.9170669965744478,11.0,0.2,True,True,16,7.300000000000001,9.1,4.3,False,1.3000000000000003,0.01
max_setup_hold_bars=14.0|threshold_pct=0.2,2.188,0.5905318533950564,40,1.2920182535254687,14.0,0.2,False,True,5,6.2,7.2,0.9,False,4.2,0.85
max_setup_hold_bars=18.0|threshold_pct=0.2,1.153,1.5627117085914615,65,1.8015459706514274,18.0,0.2,False,True,16,7.6000000000000005,0.30000000000000004,5.9,False,1.0,0.04
max_setup_hold_bars=22.0|threshold_pct=0.2,1.465,0.8784239144034238,89,1.2871126906017545,22.0,0.2,False,True,6,4.800000000000001,8.0,6.3,False,1.6,0.22
max_setup_hold_bars=28.0|threshold_pct=0.2,1.135,1.0783038694092761,99,1.2241633610751335,28.0,0.2,True,True,20,3.4000000000000004,6.6000000000000005,0.1,True,1.2000000000000002,0.01
max_setup_hold_bars=35.0|threshold_pct=0.2,1.205,1.1044462905836427,121,1.3309074044480975,35.0,0.2,True,True,23,6.1000000000000005,6.9,0.30000000000000004,True,1.4000000000000001,0.01
max_setup_hold_bars=3.0|threshold_pct=0.22,0.506,5.104079060423922,10,2.582101320841537,3.0,0.22,True,True,8,5.6000000000000005,4.7,4.0,False,2.1,0.09999999999999999
max_setup_hold_bars=5.0|threshold_pct=0.22,0.604,3.7446468896466243,11,2.260279541923384,5.0,0.22,False,True,5,8.0,2.6000000000000005,5.6,False,2.8000000000000003,0.55
max_setup_hold_bars=7.0|threshold_pct=0.22,0.683,3.957068850624626,14,2.701181471346492,7.0,0.22,False,True,25,7.4,7.7,6.1,False,1.5000000000000002,0.01
max_setup_hold_bars=9.0|threshold_pct=0.22,0.819,3.0585991659844582,19,2.5044385147738164,9.0,0.22,False,True,7,6.4,4.7,5.2,False,1.6,0.18000000000000002
max_setup_hold_bars=11.0|threshold_pct=0.22,0.831,2.519632965173565,24,2.093119285218018,11.0,0.22,False,True,25,5.4,4.9,7.7,False,0.6,0.05
max_setup_hold_bars=14.0|threshold_pct=0.22,1.045,1.7808313179990243,33,1.8611287577619773,14.0,0.22,False,True,13,5.9,5.4,0.1,True,1.3000000000000003,0.060000000000000005
max_setup_hold_bars=18.0|threshold_pct=0.22,1.073,1.7336781408733806,48,1.8605371899997494,18.0,0.22,False,True,18,7.300000000000001,8.7,6.6,False,1.3000000000000003,0.01
max_setup_hold_bars=22.0|threshold_pct=0.22,1.28,1.3436528006568573,68,1.720430391806359,22.0,0.22,False,True,23,7.7,4.0,2.9000000000000004,False,1.3000000000000003,0.01
max_setup_hold_bars=28.0|threshold_pct=0.22,1.184,1.315719824035306,82,1.557962540221065,28.0,0.22,False,True,23,7.500000000000001,3.7,2.4000000000000004,False,1.3000000000000003,0.05
max_setup_hold_bars=35.0|threshold_pct=0.22,1.049,1.1557428521617517,101,1.2120671306787456,35.0,0.22,False,True,24,6.7,6.500000000000001,5.1,False,1.7000000000000002,0.01
max_setup_hold_bars=7.0|threshold_pct=0.25,0.497,6.169357234011896,9,3.0682007745858506,7.0,0.25,True,True,18,3.9000000000000004,4.5,6.9,False,1.5000000000000002,0.15000000000000002
max_setup_hold_bars=9.0|threshold_pct=0.25,0.781,3.254446255891391,11,2.5407857581774924,9.0,0.25,False,True,5,7.9,9.5,2.2,False,4.2,0.63
max_setup_hold_bars=11.0|threshold_pct=0.25,0.495,4.28007947492729,14,2.1191856749934335,11.0,0.25,False,True,7,5.800000000000001,0.5,3.4000000000000004,False,1.6,0.26
max_setup_hold_bars=14.0|threshold_pct=0.25,0.804,2.099173670570389,22,1.6870449165243466,14.0,0.25,False,True,4,7.800000000000001,1.6,1.9000000000000001,False,4.1,0.11
max_setup_hold_bars=18.0|threshold_pct=0.25,0.828,2.516692915235274,32,2.083098256422172,18.0,0.25,True,True,25,7.9,10.0,7.9,False,1.4000000000000001,0.04
max_setup_hold_bars=22.0|threshold_pct=0.25,0.821,2.0183984802574493,49,1.6566775036152448,22.0,0.25,True,True,18,6.000000000000001,6.7,0.2,True,0.8,0.04
max_setup_hold_bars=28.0|threshold_pct=0.25,0.855,1.751825923554025,57,1.4974931310260926,28.0,0.25,False,True,18,8.0,6.9,4.8,False,0.8,0.01
max_setup_hold_bars=35.0|threshold_pct=0.25,0.856,1.2554822058913877,72,1.0742560482671595,35.0,0.25,False,True,25,6.800000000000001,1.8,4.0,False,1.8000000000000003,0.17
max_setup_hold_bars=7.0|threshold_pct=0.28,0.474,6.841946342012046,8,3.240138107505431,7.0,0.28,False,True,7,5.1000000000000005,4.4,6.5,False,1.8000000000000003,0.13
max_setup_hold_bars=9.0|threshold_pct=0.28,0.499,6.147098992574869,9,3.0671034026360484,9.0,0.28,True,True,7,6.000000000000001,4.2,4.9,False,1.3000000000000003,0.05
max_setup_hold_bars=11.0|threshold_pct=0.28,0.424,5.762401879924418,10,2.444503059748687,11.0,0.28,True,True,24,4.2,9.4,3.2,False,0.8,0.11
max_setup_hold_bars=14.0|threshold_pct=0.28,0.536,4.1464273675404355,14,2.2214719370875207,14.0,0.28,False,True,21,5.300000000000001,5.300000000000001,1.7000000000000002,False,0.8,0.15000000000000002
max_setup_hold_bars=18.0|threshold_pct=0.28,0.546,3.4751738335831495,22,1.8987817030381131,18.0,0.28,True,True,24,7.000000000000001,7.000000000000001,0.4,True,0.8,0.06999999999999999
max_setup_hold_bars=22.0|threshold_pct=0.28,0.714,2.225285180376235,36,1.5897580744744184,22.0,0.28,True,True,7,5.9,4.5,0.2,False,1.5000000000000002,0.25
max_setup_hold_bars=28.0|threshold_pct=0.28,0.821,2.0502245633341665,47,1.6832194008878767,28.0,0.28,True,True,25,6.7,6.1000000000000005,5.0,False,1.0,0.060000000000000005
max_setup_hold_bars=35.0|threshold_pct=0.28,0.898,1.532666894696578,59,1.376113511559714,35.0,0.28,False,True,24,7.1000000000000005,9.7,8.0,False,1.3000000000000003,0.21000000000000002
max_setup_hold_bars=9.0|threshold_pct=0.32,0.478,7.499395750350109,8,3.5848920391172436,9.0,0.32,False,True,23,6.9,9.5,7.1,False,0.8,0.01
max_setup_hold_bars=11.0|threshold_pct=0.32,0.351,7.750362225156778,8,2.720817260577179,11.0,0.32,True,True,22,5.000000000000001,9.299999999999999,5.9,False,0.9,0.11
max_setup_hold_bars=14.0|threshold_pct=0.32,0.371,7.53143650005918,9,2.7924583374418157,14.0,0.32,False,True,11,2.7,5.2,4.3999999999999995,False,0.8,0.05
max_setup_hold_bars=18.0|threshold_pct=0.32,0.403,5.348810239036921,15,2.1555553008499,18.0,0.32,False,True,23,6.500000000000001,1.7,2.6,False,0.9,0.09
max_setup_hold_bars=22.0|threshold_pct=0.32,0.567,3.6155616145800114,25,2.051661572654512,22.0,0.32,True,True,23,6.1000000000000005,5.9,3.5000000000000004,False,0.8,0.08
max_setup_hold_bars=28.0|threshold_pct=0.32,0.615,2.773900221907399,32,1.7050912886978058,28.0,0.32,True,True,23,7.1000000000000005,6.800000000000001,6.8,False,0.8,0.26
max_setup_hold_bars=35.0|threshold_pct=0.32,0.73,2.0940990411517277,40,1.5281579062262298,35.0,0.32,False,True,20,7.6000000000000005,7.2,5.6,False,1.3000000000000003,0.01
max_setup_hold_bars=18.0|threshold_pct=0.36,0.326,5.5599423276931,10,1.8128427865449117,18.0,0.36,False,True,20,5.6000000000000005,4.5,3.3000000000000003,False,1.5000000000000002,0.09999999999999999
max_setup_hold_bars=22.0|threshold_pct=0.36,0.546,3.419576851788699,17,1.8670067516464457,22.0,0.36,False,True,25,6.6000000000000005,8.299999999999999,1.5000000000000002,False,1.3000000000000003,0.06999999999999999
max_setup_hold_bars=28.0|threshold_pct=0.36,0.545,3.366844447947898,20,1.8346095152826025,28.0,0.36,True,True,24,6.9,8.4,0.6,True,1.1,0.03
max_setup_hold_bars=35.0|threshold_pct=0.36,0.707,2.3243952682254787,23,1.6422017965697167,35.0,0.36,False,True,21,6.000000000000001,6.6000000000000005,7.7,False,1.5000000000000002,0.09999999999999999
max_setup_hold_bars=18.0|threshold_pct=0.4,1.438,1.6171245312855251,10,2.3258111593117325,18.0,0.4,False,True,8,2.6000000000000005,7.300000000000001,4.3999999999999995,False,1.2000000000000002,0.8200000000000001
max_setup_hold_bars=22.0|threshold_pct=0.4,0.516,4.895590278537687,12,2.5270156620511606,22.0,0.4,False,True,25,5.9,9.0,2.7,False,1.4000000000000001,0.09999999999999999
max_setup_hold_bars=28.0|threshold_pct=0.4,0.378,4.887013404942277,12,1.849374116013171,28.0,0.4,False,True,20,8.0,2.1,3.8000000000000003,False,1.4000000000000001,0.11
max_setup_hold_bars=35.0|threshold_pct=0.4,0.49,3.2425126170800014,17,1.5896347005059586,35.0,0.4,False,True,24,7.4,3.3000000000000003,0.6,False,1.5000000000000002,0.29000000000000004
max_setup_hold_bars=1.0|threshold_pct=0.02,1.517,0.7350650236486412,224,1.1150071897446134,1.0,0.02,True,True,19,7.800000000000001,8.7,0.1,False,1.0,0.060000000000000005
max_setup_hold_bars=2.0|threshold_pct=0.02,1.562,0.6576505724301249,307,1.0272855777619265,2.0,0.02,False,True,18,6.4,3.7,2.1,False,1.0,0.01
max_setup_hold_bars=4.0|threshold_pct=0.02,1.295,0.7465813267152752,439,0.9666936740047393,4.0,0.02,True,True,25,7.300000000000001,7.7,4.8,False,1.1,0.2
