entry_key,metrics_overfit_ratio,metrics_return_per_bar,metrics_test_trade_count,metrics_train_return_per_bar,numeric_entry_params_bb_period,numeric_entry_params_bb_std,numeric_entry_params_max_setup_hold_bars,tbm_params_active_trail_sl,tbm_params_exit_on_close,tbm_params_max_holding_bars,tbm_params_sl_mult,tbm_params_sl_trail_mult,tbm_params_time_decay_mult,tbm_params_time_decay_sl,tbm_params_tp_mult,tbm_params_tp_trail_mult
bb_period=5.0|bb_std=1.5|max_setup_hold_bars=3.0,1.148,0.6704128248220573,350,0.7698107590262657,5.0,1.5,3.0,True,True,18,4.5,4.800000000000001,7.2,False,1.5000000000000002,0.04
bb_period=5.0|bb_std=1.5|max_setup_hold_bars=5.0,0.931,0.8118343189858258,523,0.755508268786531,5.0,1.5,5.0,True,True,23,6.9,9.7,7.0,False,1.2000000000000002,0.05
bb_period=5.0|bb_std=1.5|max_setup_hold_bars=7.0,0.991,0.7370542708060434,598,0.7300989521754923,5.0,1.5,7.0,False,True,22,8.0,3.3000000000000003,3.7,False,1.1,0.14
bb_period=5.0|bb_std=1.5|max_setup_hold_bars=10.0,1.232,0.4283046845369411,686,0.5278236861448792,5.0,1.5,10.0,False,True,12,6.7,7.300000000000001,3.7,False,1.9000000000000001,0.060000000000000005
bb_period=5.0|bb_std=1.5|max_setup_hold_bars=15.0,1.146,0.5406279966560225,745,0.6195411318900855,5.0,1.5,15.0,False,True,19,5.300000000000001,7.000000000000001,0.4,False,0.7000000000000001,0.2
bb_period=5.0|bb_std=1.5|max_setup_hold_bars=20.0,1.14,0.6357266139882072,770,0.7246206937156883,5.0,1.5,20.0,False,True,25,6.6000000000000005,9.7,7.4,False,0.8,0.05
bb_period=5.0|bb_std=1.8|max_setup_hold_bars=3.0,1.027,0.8168697751905588,285,0.838606282564682,5.0,1.8,3.0,False,True,13,7.300000000000001,4.0,6.6,False,1.3000000000000003,0.03
bb_period=5.0|bb_std=1.8|max_setup_hold_bars=5.0,0.914,0.7805063220532928,446,0.7136441299572216,5.0,1.8,5.0,False,True,22,6.9,9.0,1.6,False,1.5000000000000002,0.14
bb_period=5.0|bb_std=1.8|max_setup_hold_bars=7.0,0.924,0.6658922570564938,529,0.6153300533421312,5.0,1.8,7.0,False,True,17,7.000000000000001,2.4000000000000004,1.6,False,1.5000000000000002,0.09999999999999999
bb_period=5.0|bb_std=1.8|max_setup_hold_bars=10.0,0.971,0.524044888605671,635,0.5086604132997935,5.0,1.8,10.0,True,True,13,6.7,6.7,5.0,False,1.7000000000000002,0.2
bb_period=5.0|bb_std=1.8|max_setup_hold_bars=15.0,0.99,0.65389870538316,709,0.6474037338938896,5.0,1.8,15.0,False,True,22,5.300000000000001,8.799999999999999,5.0,False,0.9,0.05
bb_period=5.0|bb_std=1.8|max_setup_hold_bars=20.0,0.985,0.66109060963726,740,0.6510599920430373,5.0,1.8,20.0,True,True,15,6.9,7.7,0.9,False,0.9,0.06999999999999999
bb_period=5.0|bb_std=2.0|max_setup_hold_bars=3.0,1.031,0.4871862212215346,239,0.5022634713684372,5.0,2.0,3.0,True,True,6,7.4,3.9000000000000004,2.1,False,3.5000000000000004,1.0
bb_period=5.0|bb_std=2.0|max_setup_hold_bars=5.0,0.685,0.7087757530831279,394,0.4854943545724975,5.0,2.0,5.0,False,True,9,4.5,2.5000000000000004,0.30000000000000004,True,0.9,0.14
bb_period=5.0|bb_std=2.0|max_setup_hold_bars=7.0,0.884,0.6664162337548493,479,0.5894210779456979,5.0,2.0,7.0,True,True,13,7.2,9.7,1.1,False,0.7000000000000001,0.06999999999999999
bb_period=5.0|bb_std=2.0|max_setup_hold_bars=10.0,0.977,0.6263828965266005,584,0.6120683157232195,5.0,2.0,10.0,False,True,13,7.6000000000000005,3.5000000000000004,7.5,False,0.8,0.08
bb_period=5.0|bb_std=2.0|max_setup_hold_bars=15.0,1.034,0.6280267183894468,660,0.6493786164383593,5.0,2.0,15.0,True,True,19,6.6000000000000005,6.9,5.0,False,1.0,0.05
bb_period=5.0|bb_std=2.0|max_setup_hold_bars=20.0,1.09,0.3608236504366604,699,0.39342362421601723,5.0,2.0,20.0,True,True,25,2.5000000000000004,4.7,1.1,False,1.3000000000000003,0.08
bb_period=5.0|bb_std=2.2|max_setup_hold_bars=3.0,0.791,0.48973980397840433,174,0.38718314018920347,5.0,2.2,3.0,False,True,8,6.2,9.5,0.30000000000000004,False,1.1,0.75
bb_period=5.0|bb_std=2.2|max_setup_hold_bars=5.0,0.766,0.8711581850235809,298,0.667661430498839,5.0,2.2,5.0,True,True,24,5.4,7.2,2.9000000000000004,False,1.0,0.04
bb_period=5.0|bb_std=2.2|max_setup_hold_bars=7.0,0.856,0.6892520986941059,358,0.5902658489048997,5.0,2.2,7.0,False,True,25,6.7,9.8,3.3000000000000003,False,1.3000000000000003,0.01
bb_period=5.0|bb_std=2.2|max_setup_hold_bars=10.0,1.131,0.46824288730143676,477,0.5293755398359713,5.0,2.2,10.0,True,True,20,3.8000000000000003,4.9,5.5,False,0.7000000000000001,0.01
bb_period=5.0|bb_std=2.2|max_setup_hold_bars=15.0,0.95,0.2175193643974822,605,0.20668550757932577,5.0,2.2,15.0,False,True,6,6.4,1.0,5.8,False,4.2,0.08
bb_period=5.0|bb_std=2.2|max_setup_hold_bars=20.0,1.102,0.4431817300953013,659,0.48829321165405587,5.0,2.2,20.0,False,True,11,5.9,2.1,6.4,False,1.3000000000000003,0.02
bb_period=5.0|bb_std=2.5|max_setup_hold_bars=3.0,0.534,0.6957054765317304,122,0.3714911547535514,5.0,2.5,3.0,True,True,13,6.9,6.800000000000001,8.0,False,1.2000000000000002,0.23
bb_period=5.0|bb_std=2.5|max_setup_hold_bars=5.0,0.432,0.5590799544269747,208,0.24173910121293793,5.0,2.5,5.0,False,True,12,7.6000000000000005,6.7,6.5,False,2.4000000000000004,0.01
bb_period=5.0|bb_std=2.5|max_setup_hold_bars=7.0,0.806,0.680373175090531,249,0.5484929759864436,5.0,2.5,7.0,True,True,19,6.6000000000000005,7.300000000000001,6.3,False,1.0,0.03
bb_period=5.0|bb_std=2.5|max_setup_hold_bars=10.0,0.897,0.5499127392203353,338,0.49301132862959396,5.0,2.5,10.0,True,True,19,5.7,9.5,5.0,False,1.1,0.02
bb_period=5.0|bb_std=2.5|max_setup_hold_bars=15.0,0.938,0.4691241917019571,473,0.4400447874439423,5.0,2.5,15.0,False,True,18,4.6000000000000005,4.800000000000001,7.4,False,0.7000000000000001,0.03
bb_period=5.0|bb_std=2.5|max_setup_hold_bars=20.0,0.907,0.2776717073753623,521,0.2517271906488162,5.0,2.5,20.0,False,True,25,6.500000000000001,4.6000000000000005,3.9000000000000004,False,1.6,0.77
bb_period=5.0|bb_std=2.8|max_setup_hold_bars=3.0,0.76,0.33911023289942693,78,0.25778288632152896,5.0,2.8,3.0,True,True,20,3.7,9.8,0.30000000000000004,False,2.0,0.7000000000000001
bb_period=5.0|bb_std=2.8|max_setup_hold_bars=5.0,0.579,0.6135676895622088,150,0.35518159831462465,5.0,2.8,5.0,True,True,11,6.500000000000001,6.9,7.9,False,1.1,0.44
bb_period=5.0|bb_std=2.8|max_setup_hold_bars=7.0,0.877,0.5243255127530654,188,0.46002381504369744,5.0,2.8,7.0,True,True,20,7.500000000000001,8.2,1.7000000000000002,True,0.7000000000000001,0.06999999999999999
bb_period=5.0|bb_std=2.8|max_setup_hold_bars=10.0,0.937,0.4304447758018839,249,0.40314963657051334,5.0,2.8,10.0,True,True,20,5.7,8.2,0.1,True,1.1,0.42000000000000004
bb_period=5.0|bb_std=2.8|max_setup_hold_bars=15.0,0.666,0.4647072068235069,368,0.30972217211315073,5.0,2.8,15.0,False,True,15,7.9,6.2,7.0,False,2.1,0.01
bb_period=5.0|bb_std=2.8|max_setup_hold_bars=20.0,1.236,0.3363067413506991,429,0.4155544093428284,5.0,2.8,20.0,False,True,24,5.2,4.0,0.9,False,1.8000000000000003,0.05
bb_period=5.0|bb_std=3.2|max_setup_hold_bars=3.0,1.021,0.6700083750651371,54,0.684063319675015,5.0,3.2,3.0,False,True,17,5.500000000000001,0.2,0.2,True,0.7000000000000001,0.05
bb_period=5.0|bb_std=3.2|max_setup_hold_bars=5.0,0.695,0.6664372344349954,100,0.46313837068883984,5.0,3.2,5.0,False,True,22,3.6000000000000005,6.7,6.7,False,0.6,0.14
bb_period=5.0|bb_std=3.2|max_setup_hold_bars=7.0,1.043,0.27257776706344533,114,0.28422005892609103,5.0,3.2,7.0,True,True,22,7.7,10.0,3.8000000000000003,False,3.6,0.01
bb_period=5.0|bb_std=3.2|max_setup_hold_bars=10.0,1.027,0.37892813932813224,168,0.3892724267096494,5.0,3.2,10.0,False,True,10,5.000000000000001,2.1,8.0,False,1.3000000000000003,0.13
bb_period=5.0|bb_std=3.2|max_setup_hold_bars=15.0,1.118,0.12782895877061196,296,0.14287433237172664,5.0,3.2,15.0,False,True,4,6.800000000000001,3.4000000000000004,6.9,False,4.5,0.8400000000000001
bb_period=5.0|bb_std=3.5|max_setup_hold_bars=3.0,0.743,0.6320816505051569,38,0.4694662821187586,5.0,3.5,3.0,False,True,17,6.800000000000001,3.6000000000000005,0.1,False,1.7000000000000002,0.17
bb_period=5.0|bb_std=3.5|max_setup_hold_bars=5.0,0.752,0.7374299268176073,83,0.5542816964518235,5.0,3.5,5.0,True,True,12,6.500000000000001,3.3000000000000003,4.5,False,0.9,0.04
bb_period=5.0|bb_std=3.5|max_setup_hold_bars=7.0,0.902,0.6821057866212631,101,0.6153567032676684,5.0,3.5,7.0,False,True,25,4.300000000000001,2.1,7.3,False,1.0,0.16
bb_period=5.0|bb_std=3.5|max_setup_hold_bars=10.0,1.376,0.2941229360347255,136,0.40475179602389516,5.0,3.5,10.0,False,True,6,7.2,0.9000000000000001,4.2,False,4.1,0.34
bb_period=5.0|bb_std=3.5|max_setup_hold_bars=15.0,0.98,0.43649025728604174,221,0.4277261283088359,5.0,3.5,15.0,False,True,18,6.7,6.6000000000000005,2.7,False,1.2000000000000002,0.27
bb_period=5.0|bb_std=3.5|max_setup_hold_bars=20.0,2.492,0.21371011201892562,271,0.5326711666446562,5.0,3.5,20.0,True,True,22,6.300000000000001,8.6,1.2000000000000002,False,0.7000000000000001,0.33
bb_period=7.0|bb_std=1.5|max_setup_hold_bars=3.0,1.224,0.6585368806687016,219,0.8061195116593317,7.0,1.5,3.0,True,True,20,6.7,9.7,7.8,False,2.0,0.21000000000000002
bb_period=7.0|bb_std=1.5|max_setup_hold_bars=5.0,0.945,0.7846920859875312,396,0.7412278709216151,7.0,1.5,5.0,False,True,15,6.800000000000001,4.1000000000000005,4.8,False,1.8000000000000003,0.13
bb_period=7.0|bb_std=1.5|max_setup_hold_bars=7.0,1.054,0.5284502422054583,499,0.5567940599043341,7.0,1.5,7.0,False,True,10,7.300000000000001,6.1000000000000005,4.2,False,1.9000000000000001,0.4
bb_period=7.0|bb_std=1.5|max_setup_hold_bars=10.0,1.106,0.5238755051437052,600,0.5793070232607627,7.0,1.5,10.0,False,True,22,4.2,3.8000000000000003,1.2000000000000002,False,1.0,0.39
bb_period=7.0|bb_std=1.5|max_setup_hold_bars=15.0,1.054,0.665512003535396,693,0.7012586351601292,7.0,1.5,15.0,False,True,13,7.9,10.0,0.2,False,1.2000000000000002,0.02
bb_period=7.0|bb_std=1.5|max_setup_hold_bars=20.0,1.151,0.3358331950838752,751,0.38657451677920096,7.0,1.5,20.0,True,True,7,6.4,8.2,6.0,False,1.2000000000000002,0.56
bb_period=7.0|bb_std=1.8|max_setup_hold_bars=3.0,1.011,0.697570528518048,179,0.7054319999165717,7.0,1.8,3.0,True,True,13,8.0,6.800000000000001,1.4000000000000001,True,1.4000000000000001,0.21000000000000002
bb_period=7.0|bb_std=1.8|max_setup_hold_bars=5.0,0.857,0.9567789181269009,335,0.8199660893819708,7.0,1.8,5.0,True,True,22,6.7,8.4,7.0,False,0.6,0.01
bb_period=7.0|bb_std=1.8|max_setup_hold_bars=7.0,0.934,0.5465221132994799,414,0.5102644699876023,7.0,1.8,7.0,True,True,15,6.6000000000000005,5.7,5.5,False,1.9000000000000001,0.48000000000000004
bb_period=7.0|bb_std=1.8|max_setup_hold_bars=10.0,1.195,0.4610600878101526,531,0.5507926328943139,7.0,1.8,10.0,True,True,7,4.6000000000000005,8.5,3.6,False,1.6,0.17
bb_period=7.0|bb_std=1.8|max_setup_hold_bars=15.0,1.631,0.24316869844452144,642,0.39662566858714166,7.0,1.8,15.0,False,True,6,6.6000000000000005,9.5,6.8,False,1.7000000000000002,0.91
bb_period=7.0|bb_std=1.8|max_setup_hold_bars=20.0,1.26,0.5136503865206927,699,0.6471824879269299,7.0,1.8,20.0,False,True,11,6.2,6.9,0.1,False,1.0,0.12
bb_period=7.0|bb_std=2.0|max_setup_hold_bars=3.0,0.978,0.8527971786403209,137,0.8337920936323502,7.0,2.0,3.0,False,True,25,5.800000000000001,8.1,5.2,False,1.6,0.01
bb_period=7.0|bb_std=2.0|max_setup_hold_bars=5.0,0.668,0.9184739589316971,283,0.6139600375488765,7.0,2.0,5.0,True,True,17,4.7,3.8000000000000003,6.9,False,1.3000000000000003,0.21000000000000002
bb_period=7.0|bb_std=2.0|max_setup_hold_bars=7.0,0.739,0.8607255297114206,355,0.636076759214002,7.0,2.0,7.0,True,True,24,4.0,4.9,6.9,False,1.2000000000000002,0.01
bb_period=7.0|bb_std=2.0|max_setup_hold_bars=10.0,0.976,0.6559729005289505,462,0.640154474423635,7.0,2.0,10.0,True,True,9,5.000000000000001,6.4,6.2,False,1.1,0.02
bb_period=7.0|bb_std=2.0|max_setup_hold_bars=15.0,0.829,0.44509577219315627,579,0.36897636930340505,7.0,2.0,15.0,False,True,8,8.0,6.500000000000001,0.1,False,1.7000000000000002,0.21000000000000002
bb_period=7.0|bb_std=2.0|max_setup_hold_bars=20.0,1.073,0.401455190278231,658,0.4307279739607962,7.0,2.0,20.0,True,True,17,5.1000000000000005,7.000000000000001,1.4000000000000001,True,0.9,0.19
bb_period=7.0|bb_std=2.2|max_setup_hold_bars=3.0,1.036,0.4815003829395112,114,0.49873163465137493,7.0,2.2,3.0,True,True,6,5.2,10.0,4.2,False,1.3000000000000003,0.85
bb_period=7.0|bb_std=2.2|max_setup_hold_bars=5.0,0.718,0.8607852364772929,215,0.6180791003374542,7.0,2.2,5.0,True,True,25,5.2,7.1000000000000005,0.5,False,2.2,0.04
bb_period=7.0|bb_std=2.2|max_setup_hold_bars=7.0,0.934,0.3792907013298285,285,0.35442913164437784,7.0,2.2,7.0,True,True,7,5.800000000000001,7.800000000000001,2.5000000000000004,False,4.0,0.9600000000000001
bb_period=7.0|bb_std=2.2|max_setup_hold_bars=10.0,0.786,0.49176845464087376,388,0.38666681038433937,7.0,2.2,10.0,False,True,5,5.2,4.800000000000001,6.1,False,1.6,0.31
bb_period=7.0|bb_std=2.2|max_setup_hold_bars=15.0,0.904,0.5247204856909031,506,0.47418199185831683,7.0,2.2,15.0,True,True,8,7.9,7.4,3.2,False,1.0,0.15000000000000002
bb_period=7.0|bb_std=2.2|max_setup_hold_bars=20.0,0.987,0.4361564041047626,581,0.43059480148484536,7.0,2.2,20.0,False,True,10,7.000000000000001,6.300000000000001,5.6,False,0.9,0.33
bb_period=7.0|bb_std=2.5|max_setup_hold_bars=3.0,1.018,0.5153389977232731,59,0.5248558771159533,7.0,2.5,3.0,False,True,19,3.8000000000000003,5.4,7.9,False,1.2000000000000002,0.48000000000000004
bb_period=7.0|bb_std=2.5|max_setup_hold_bars=5.0,0.851,0.5393830150366069,132,0.45904394307029617,7.0,2.5,5.0,True,True,21,3.1000000000000005,7.500000000000001,0.6,False,1.6,0.52
bb_period=7.0|bb_std=2.5|max_setup_hold_bars=7.0,0.981,0.42274916760461484,166,0.4146353258420464,7.0,2.5,7.0,True,True,5,4.300000000000001,3.8000000000000003,2.1,False,4.9,0.64
bb_period=7.0|bb_std=2.5|max_setup_hold_bars=10.0,0.725,0.6328859816604355,221,0.4589271651114495,7.0,2.5,10.0,False,True,22,6.4,2.5000000000000004,3.2,False,0.9,0.34
bb_period=7.0|bb_std=2.5|max_setup_hold_bars=15.0,0.785,0.4213485993470385,351,0.3306220922258349,7.0,2.5,15.0,False,True,9,6.9,10.0,1.1,False,1.4000000000000001,0.02
bb_period=7.0|bb_std=2.5|max_setup_hold_bars=20.0,1.189,0.46392276713266195,431,0.5516429132139664,7.0,2.5,20.0,False,True,17,8.0,5.2,2.9000000000000004,False,1.3000000000000003,0.01
bb_period=7.0|bb_std=2.8|max_setup_hold_bars=3.0,0.91,0.7543482512365517,34,0.6863906928429915,7.0,2.8,3.0,True,True,11,4.2,3.4000000000000004,3.6,False,1.2000000000000002,0.02
bb_period=7.0|bb_std=2.8|max_setup_hold_bars=5.0,0.616,0.8305442057067163,68,0.5114573074748097,7.0,2.8,5.0,False,True,12,4.800000000000001,7.1000000000000005,4.7,False,1.8000000000000003,0.01
bb_period=7.0|bb_std=2.8|max_setup_hold_bars=7.0,1.078,0.7469404438905868,93,0.8050709421363359,7.0,2.8,7.0,True,True,11,6.9,3.7,2.0,False,0.8,0.02
bb_period=7.0|bb_std=2.8|max_setup_hold_bars=10.0,1.206,0.41464861530631086,127,0.4999276377509704,7.0,2.8,10.0,False,True,7,3.8000000000000003,5.800000000000001,5.7,False,0.8,0.01
bb_period=7.0|bb_std=2.8|max_setup_hold_bars=15.0,1.806,0.1546542246873916,225,0.2792663262250747,7.0,2.8,15.0,False,True,5,4.5,3.0000000000000004,0.4,True,1.7000000000000002,0.35000000000000003
bb_period=7.0|bb_std=3.2|max_setup_hold_bars=3.0,1.209,0.27052439643886617,16,0.32702795836978993,7.0,3.2,3.0,False,True,21,4.4,3.6000000000000005,1.0,False,2.2,0.18000000000000002
bb_period=7.0|bb_std=3.2|max_setup_hold_bars=5.0,1.102,0.35041382558103695,32,0.38600035043364544,7.0,3.2,5.0,True,True,16,3.4000000000000004,4.7,4.2,False,1.6,0.03
bb_period=7.0|bb_std=3.2|max_setup_hold_bars=7.0,0.542,0.6649084284291549,41,0.3601189140483691,7.0,3.2,7.0,True,True,17,7.000000000000001,5.6000000000000005,0.8,False,1.5000000000000002,0.38
bb_period=7.0|bb_std=3.2|max_setup_hold_bars=10.0,0.601,0.49512519938971583,59,0.2975757550337789,7.0,3.2,10.0,True,True,11,7.7,9.7,0.2,False,1.3000000000000003,0.39
bb_period=7.0|bb_std=3.2|max_setup_hold_bars=15.0,0.939,0.3556308762284141,121,0.3338358353958385,7.0,3.2,15.0,True,True,16,5.1000000000000005,4.2,3.5000000000000004,False,0.8,0.17
bb_period=7.0|bb_std=3.2|max_setup_hold_bars=20.0,1.76,0.22408550295533025,169,0.39433219566604416,7.0,3.2,20.0,False,True,11,6.800000000000001,9.9,3.0000000000000004,False,1.0,0.12
bb_period=7.0|bb_std=3.5|max_setup_hold_bars=3.0,0.714,0.5286075570387117,13,0.37759687636717326,7.0,3.5,3.0,True,True,11,4.2,5.500000000000001,4.3999999999999995,False,1.2000000000000002,0.32
bb_period=7.0|bb_std=3.5|max_setup_hold_bars=5.0,1.281,0.457349863883064,23,0.5857942560109068,7.0,3.5,5.0,False,True,5,5.9,8.1,2.2,False,3.8000000000000003,0.78
bb_period=7.0|bb_std=3.5|max_setup_hold_bars=7.0,1.15,0.4992951020742503,32,0.5741013676622772,7.0,3.5,7.0,True,True,9,4.2,4.4,6.8,False,0.7000000000000001,0.19
bb_period=7.0|bb_std=3.5|max_setup_hold_bars=10.0,1.437,0.2907271125616149,43,0.4177989594889678,7.0,3.5,10.0,False,True,5,4.800000000000001,8.7,4.2,False,2.9000000000000004,0.42000000000000004
bb_period=7.0|bb_std=3.5|max_setup_hold_bars=15.0,1.316,0.2293674753070026,86,0.3019622336521368,7.0,3.5,15.0,True,True,16,6.9,5.7,2.6,True,0.8,0.22
bb_period=7.0|bb_std=3.5|max_setup_hold_bars=20.0,3.002,0.15904496146193337,114,0.4774599979722111,7.0,3.5,20.0,False,True,21,7.000000000000001,7.6000000000000005,3.6,False,1.6,0.17
bb_period=10.0|bb_std=1.5|max_setup_hold_bars=3.0,0.747,0.7949275998756896,188,0.5935076420093656,10.0,1.5,3.0,False,True,20,6.9,9.0,0.7000000000000001,False,1.0,0.42000000000000004
bb_period=10.0|bb_std=1.5|max_setup_hold_bars=5.0,1.008,0.8101248428447254,271,0.8168733821760905,10.0,1.5,5.0,False,True,17,6.7,5.7,1.2000000000000002,False,1.2000000000000002,0.18000000000000002
bb_period=10.0|bb_std=1.5|max_setup_hold_bars=7.0,1.047,0.7059580375344597,338,0.7393486832670183,10.0,1.5,7.0,False,True,25,5.500000000000001,2.0,1.0,False,1.1,0.25
bb_period=10.0|bb_std=1.5|max_setup_hold_bars=10.0,1.339,0.5434019345294246,441,0.7275882789779624,10.0,1.5,10.0,True,True,19,7.2,6.1000000000000005,0.9,False,1.5000000000000002,0.24000000000000002
bb_period=10.0|bb_std=1.5|max_setup_hold_bars=15.0,1.45,0.3570965431322267,595,0.5178829429844797,10.0,1.5,15.0,False,True,6,7.500000000000001,8.5,1.0,False,1.1,0.01
bb_period=10.0|bb_std=1.5|max_setup_hold_bars=20.0,1.556,0.3819067996756638,666,0.594388285119263,10.0,1.5,20.0,True,True,11,6.500000000000001,4.5,0.9,True,1.4000000000000001,0.01
bb_period=10.0|bb_std=1.8|max_setup_hold_bars=3.0,0.62,0.6575348278842439,134,0.40795395850263527,10.0,1.8,3.0,True,True,9,5.9,7.300000000000001,2.1,False,2.8000000000000003,0.09
bb_period=10.0|bb_std=1.8|max_setup_hold_bars=5.0,0.844,0.7437759233897601,202,0.6275102777502858,10.0,1.8,5.0,False,True,17,5.800000000000001,0.4,7.3,False,1.2000000000000002,0.39
bb_period=10.0|bb_std=1.8|max_setup_hold_bars=7.0,0.723,0.6242105871700829,272,0.4511220857180855,10.0,1.8,7.0,False,True,13,6.7,6.7,1.8000000000000003,True,1.0,0.25
bb_period=10.0|bb_std=1.8|max_setup_hold_bars=10.0,1.234,0.46976160805369266,381,0.5797082561808182,10.0,1.8,10.0,False,True,10,7.9,9.8,8.0,False,1.7000000000000002,0.11
bb_period=10.0|bb_std=1.8|max_setup_hold_bars=15.0,1.278,0.5296941257671708,511,0.6771990811439713,10.0,1.8,15.0,True,True,25,5.9,8.1,1.9000000000000001,False,1.0,0.14
bb_period=10.0|bb_std=1.8|max_setup_hold_bars=20.0,1.148,0.4934541787079905,600,0.5662546884737988,10.0,1.8,20.0,False,True,19,5.7,4.300000000000001,1.1,False,1.1,0.18000000000000002
bb_period=10.0|bb_std=2.0|max_setup_hold_bars=3.0,0.584,1.0232930759030765,96,0.5972836929631258,10.0,2.0,3.0,True,True,20,4.9,8.5,3.9000000000000004,False,1.9000000000000001,0.33
bb_period=10.0|bb_std=2.0|max_setup_hold_bars=5.0,0.777,0.8034296444401497,163,0.6245237971700804,10.0,2.0,5.0,True,True,19,5.6000000000000005,5.1000000000000005,0.1,False,1.9000000000000001,0.18000000000000002
bb_period=10.0|bb_std=2.0|max_setup_hold_bars=7.0,0.819,0.9208616466011295,216,0.7539989304242969,10.0,2.0,7.0,False,True,22,6.500000000000001,6.6000000000000005,5.7,False,1.0,0.19
bb_period=10.0|bb_std=2.0|max_setup_hold_bars=10.0,0.82,0.6481715486720449,306,0.5316104655318918,10.0,2.0,10.0,False,True,18,6.2,4.300000000000001,6.1,False,1.6,0.3
bb_period=10.0|bb_std=2.0|max_setup_hold_bars=15.0,1.163,0.2058678729411445,456,0.23946328276210307,10.0,2.0,15.0,False,True,10,5.9,9.5,6.4,False,2.1,0.56
bb_period=10.0|bb_std=2.0|max_setup_hold_bars=20.0,0.946,0.5133051615788933,540,0.48573992627368806,10.0,2.0,20.0,False,True,17,5.6000000000000005,1.4000000000000001,5.4,False,1.3000000000000003,0.19
bb_period=10.0|bb_std=2.2|max_setup_hold_bars=3.0,0.472,1.3984577972910428,76,0.6600963838188862,10.0,2.2,3.0,False,True,16,7.300000000000001,2.9000000000000004,4.0,False,1.2000000000000002,0.02
bb_period=10.0|bb_std=2.2|max_setup_hold_bars=5.0,0.654,0.9957653725835449,129,0.6509640835404754,10.0,2.2,5.0,False,True,17,6.2,6.500000000000001,7.9,False,0.5,0.02
bb_period=10.0|bb_std=2.2|max_setup_hold_bars=7.0,1.004,0.7546154682019929,175,0.757588974697024,10.0,2.2,7.0,False,True,9,5.2,2.7,2.7,False,1.3000000000000003,0.01
bb_period=10.0|bb_std=2.2|max_setup_hold_bars=10.0,0.954,0.6633908989179477,244,0.6331100962312718,10.0,2.2,10.0,False,True,22,5.4,5.800000000000001,2.5000000000000004,False,1.5000000000000002,0.06999999999999999
bb_period=10.0|bb_std=2.2|max_setup_hold_bars=15.0,1.019,0.6271403180444061,367,0.6391453700190989,10.0,2.2,15.0,False,True,25,6.500000000000001,7.500000000000001,3.6,False,1.2000000000000002,0.02
bb_period=10.0|bb_std=2.2|max_setup_hold_bars=20.0,1.725,0.1847745882114652,479,0.31865409997175653,10.0,2.2,20.0,False,True,11,5.800000000000001,4.4,7.3,False,1.7000000000000002,0.48000000000000004
bb_period=10.0|bb_std=2.5|max_setup_hold_bars=3.0,0.257,2.0415739978728182,50,0.5251662492759598,10.0,2.5,3.0,False,True,21,4.800000000000001,8.7,3.1,False,1.0,0.16
bb_period=10.0|bb_std=2.5|max_setup_hold_bars=5.0,0.36,1.1280782408244578,90,0.40565956381270957,10.0,2.5,5.0,True,True,11,5.300000000000001,9.0,2.6,False,1.8000000000000003,0.04
bb_period=10.0|bb_std=2.5|max_setup_hold_bars=7.0,0.497,1.0229184965592593,112,0.5084875461833283,10.0,2.5,7.0,False,True,21,3.4000000000000004,4.800000000000001,5.9,False,1.0,0.18000000000000002
bb_period=10.0|bb_std=2.5|max_setup_hold_bars=10.0,0.44,0.2140120367622063,147,0.0942696539531518,10.0,2.5,10.0,False,True,25,6.000000000000001,6.6000000000000005,1.8000000000000003,False,3.8000000000000003,0.73
bb_period=10.0|bb_std=2.5|max_setup_hold_bars=15.0,0.677,0.4015985981258677,273,0.27195558870741265,10.0,2.5,15.0,True,True,20,4.4,6.6000000000000005,7.3,False,0.8,0.46
bb_period=10.0|bb_std=2.5|max_setup_hold_bars=20.0,0.568,0.5317101164712292,361,0.3019071811073026,10.0,2.5,20.0,False,True,18,7.7,2.0,4.8,False,1.4000000000000001,0.41000000000000003
bb_period=10.0|bb_std=2.8|max_setup_hold_bars=3.0,0.097,2.5478387213980285,34,0.24633449032702143,10.0,2.8,3.0,False,True,19,4.4,9.0,2.2,False,0.7000000000000001,0.24000000000000002
bb_period=10.0|bb_std=2.8|max_setup_hold_bars=5.0,0.18,1.0763673001984841,55,0.19408378380074193,10.0,2.8,5.0,False,True,7,7.9,8.4,3.0000000000000004,False,3.4000000000000004,0.4
bb_period=10.0|bb_std=2.8|max_setup_hold_bars=7.0,0.284,1.3933507974010735,65,0.3958124344676779,10.0,2.8,7.0,True,True,23,7.000000000000001,7.500000000000001,5.3,False,1.6,0.18000000000000002
bb_period=10.0|bb_std=2.8|max_setup_hold_bars=10.0,0.11,1.1098060143014787,95,0.12249330626891627,10.0,2.8,10.0,True,True,13,8.0,4.4,0.9,True,1.0,0.16
bb_period=10.0|bb_std=2.8|max_setup_hold_bars=15.0,0.309,0.6425326360753679,160,0.19865319344938998,10.0,2.8,15.0,True,True,21,6.7,7.500000000000001,5.2,False,1.3000000000000003,0.6
bb_period=10.0|bb_std=2.8|max_setup_hold_bars=20.0,0.644,0.46239051169891304,227,0.2976380513877337,10.0,2.8,20.0,True,True,25,8.0,7.300000000000001,3.6,False,2.1,0.4
bb_period=10.0|bb_std=3.2|max_setup_hold_bars=3.0,0.053,1.242573904311635,11,0.06587438340830594,10.0,3.2,3.0,True,True,17,7.6000000000000005,3.8000000000000003,2.5000000000000004,False,1.1,0.44
bb_period=10.0|bb_std=3.2|max_setup_hold_bars=5.0,0.447,0.7214522419415603,20,0.3226865329753781,10.0,3.2,5.0,True,True,11,8.0,6.7,4.9,False,0.6,0.01
bb_period=10.0|bb_std=3.2|max_setup_hold_bars=7.0,0.25,0.28795375553492647,25,0.07192123933305586,10.0,3.2,7.0,False,True,20,6.000000000000001,7.500000000000001,6.8,False,1.7000000000000002,0.74
bb_period=10.0|bb_std=3.2|max_setup_hold_bars=10.0,0.244,0.3963880683136239,38,0.09684636123130692,10.0,3.2,10.0,False,True,20,6.7,4.6000000000000005,1.5000000000000002,False,0.8,0.4
bb_period=10.0|bb_std=3.5|max_setup_hold_bars=5.0,0.455,0.4709960591981787,12,0.21452498311637588,10.0,3.5,5.0,False,True,11,5.800000000000001,2.0,1.6,False,0.7000000000000001,0.43
bb_period=10.0|bb_std=3.5|max_setup_hold_bars=7.0,0.857,0.48116053257054137,16,0.41251358439268243,10.0,3.5,7.0,False,True,21,4.5,9.1,3.5000000000000004,False,0.8,0.25
bb_period=10.0|bb_std=3.5|max_setup_hold_bars=10.0,0.17,0.14639881006841202,24,0.02483178964568203,10.0,3.5,10.0,False,True,16,6.6000000000000005,4.300000000000001,0.1,True,4.9,0.17
bb_period=10.0|bb_std=3.5|max_setup_hold_bars=15.0,0.297,0.381578261140867,46,0.11346768648579326,10.0,3.5,15.0,False,True,15,7.000000000000001,2.8000000000000003,4.0,False,1.5000000000000002,0.44
bb_period=14.0|bb_std=1.5|max_setup_hold_bars=3.0,0.926,0.8701583823943697,194,0.8059895289897062,14.0,1.5,3.0,False,True,14,8.0,7.6000000000000005,0.6,False,1.3000000000000003,0.12
bb_period=14.0|bb_std=1.5|max_setup_hold_bars=5.0,0.955,0.8088843690910245,252,0.7728323834390269,14.0,1.5,5.0,True,True,13,7.800000000000001,9.8,0.2,False,1.4000000000000001,0.23
bb_period=14.0|bb_std=1.5|max_setup_hold_bars=7.0,1.118,0.7063962069095595,296,0.7898205030659147,14.0,1.5,7.0,False,True,16,6.9,3.3000000000000003,2.1,False,1.7000000000000002,0.14
bb_period=14.0|bb_std=1.5|max_setup_hold_bars=10.0,1.227,0.6139416865238918,357,0.7530820783409284,14.0,1.5,10.0,True,True,23,7.2,4.6000000000000005,1.3000000000000003,True,1.2000000000000002,0.15000000000000002
bb_period=14.0|bb_std=1.5|max_setup_hold_bars=15.0,1.141,0.38263749197502933,468,0.43670177600254767,14.0,1.5,15.0,False,True,16,7.300000000000001,0.30000000000000004,6.1,False,2.1,0.31
bb_period=14.0|bb_std=1.5|max_setup_hold_bars=20.0,1.525,0.45469777417352303,571,0.6933276720196329,14.0,1.5,20.0,False,True,16,6.800000000000001,3.3000000000000003,0.30000000000000004,False,0.8,0.01
bb_period=14.0|bb_std=1.8|max_setup_hold_bars=3.0,0.735,0.8475025763896994,118,0.6230261536000596,14.0,1.8,3.0,False,True,21,5.6000000000000005,0.2,0.1,True,1.3000000000000003,0.45
bb_period=14.0|bb_std=1.8|max_setup_hold_bars=5.0,1.028,0.7347629752741331,167,0.7551112107386639,14.0,1.8,5.0,False,True,23,5.2,3.7,2.2,False,2.0,0.01
bb_period=14.0|bb_std=1.8|max_setup_hold_bars=7.0,1.532,0.33723457608929036,228,0.5166759731813921,14.0,1.8,7.0,False,True,6,5.1000000000000005,6.7,4.5,False,3.2,0.42000000000000004
bb_period=14.0|bb_std=1.8|max_setup_hold_bars=10.0,1.089,0.633244715748418,278,0.6895684993396237,14.0,1.8,10.0,True,True,20,6.4,8.1,5.6,False,1.2000000000000002,0.35000000000000003
bb_period=14.0|bb_std=1.8|max_setup_hold_bars=15.0,1.788,0.1549844665466793,423,0.2771547303344928,14.0,1.8,15.0,True,True,6,6.300000000000001,4.300000000000001,6.9,False,0.30000000000000004,0.03
bb_period=14.0|bb_std=1.8|max_setup_hold_bars=20.0,1.192,0.485571283567076,499,0.5788571009109889,14.0,1.8,20.0,True,True,15,5.6000000000000005,6.500000000000001,5.7,False,1.1,0.01
bb_period=14.0|bb_std=2.0|max_setup_hold_bars=3.0,0.493,1.2450698764706094,85,0.6136558837251911,14.0,2.0,3.0,False,True,25,6.1000000000000005,6.4,7.7,False,1.5000000000000002,0.02
bb_period=14.0|bb_std=2.0|max_setup_hold_bars=5.0,0.592,0.5583162112373772,132,0.33052198484333095,14.0,2.0,5.0,False,True,23,5.000000000000001,6.800000000000001,1.0,True,2.0,0.54
bb_period=14.0|bb_std=2.0|max_setup_hold_bars=7.0,0.96,0.732328296305544,171,0.7032593611992229,14.0,2.0,7.0,False,True,17,7.7,7.6000000000000005,3.1,False,1.5000000000000002,0.19
bb_period=14.0|bb_std=2.0|max_setup_hold_bars=10.0,0.998,0.5405664075380696,225,0.5395487491043788,14.0,2.0,10.0,False,True,25,8.0,0.30000000000000004,0.5,False,2.0,0.5
bb_period=14.0|bb_std=2.0|max_setup_hold_bars=15.0,0.745,0.4404212850052534,344,0.3281343112239161,14.0,2.0,15.0,True,True,22,6.800000000000001,5.800000000000001,2.9000000000000004,False,2.1,0.37
bb_period=14.0|bb_std=2.0|max_setup_hold_bars=20.0,1.149,0.30876721768883897,452,0.3547221977804868,14.0,2.0,20.0,False,True,20,6.6000000000000005,5.000000000000001,1.3000000000000003,True,1.1,0.16
bb_period=14.0|bb_std=2.2|max_setup_hold_bars=3.0,0.499,0.9832964059848341,60,0.4902945108383353,14.0,2.2,3.0,False,True,25,8.0,8.2,1.8000000000000003,False,1.9000000000000001,0.59
bb_period=14.0|bb_std=2.2|max_setup_hold_bars=5.0,0.319,1.0871565764663247,100,0.34672791185739454,14.0,2.2,5.0,True,True,11,7.9,9.9,5.5,False,0.6,0.01
bb_period=14.0|bb_std=2.2|max_setup_hold_bars=7.0,1.101,0.5783721805283804,125,0.6369399837730887,14.0,2.2,7.0,False,True,21,8.0,3.3000000000000003,0.1,True,2.5000000000000004,0.03
bb_period=14.0|bb_std=2.2|max_setup_hold_bars=10.0,1.236,0.46855272937247816,174,0.5791596010011905,14.0,2.2,10.0,True,True,22,6.800000000000001,6.9,3.2,False,2.4000000000000004,0.23
bb_period=14.0|bb_std=2.2|max_setup_hold_bars=15.0,0.925,0.6185746494600102,290,0.5719166145435913,14.0,2.2,15.0,False,True,18,7.800000000000001,0.30000000000000004,0.1,True,1.0,0.17
bb_period=14.0|bb_std=2.2|max_setup_hold_bars=20.0,1.247,0.3638339404287485,383,0.45367840332360637,14.0,2.2,20.0,False,True,14,7.9,0.30000000000000004,6.8,False,0.9,0.22
bb_period=14.0|bb_std=2.5|max_setup_hold_bars=3.0,0.419,1.5542621357581157,43,0.6507996665715001,14.0,2.5,3.0,True,True,14,6.4,9.4,5.4,False,1.9000000000000001,0.16
bb_period=14.0|bb_std=2.5|max_setup_hold_bars=5.0,0.612,1.230277298214142,59,0.7532251269992127,14.0,2.5,5.0,False,True,20,7.9,6.4,6.4,False,1.6,0.02
bb_period=14.0|bb_std=2.5|max_setup_hold_bars=7.0,0.881,1.0029224266035213,74,0.8838485385254692,14.0,2.5,7.0,False,True,23,7.9,9.8,7.4,False,1.4000000000000001,0.02
bb_period=14.0|bb_std=2.5|max_setup_hold_bars=10.0,0.751,0.8008038281994254,108,0.6017185179170121,14.0,2.5,10.0,False,True,22,7.9,1.7,2.3000000000000003,False,1.9000000000000001,0.2
bb_period=14.0|bb_std=2.5|max_setup_hold_bars=15.0,0.809,0.6863148757926713,198,0.5550717592076821,14.0,2.5,15.0,False,True,22,6.9,9.8,6.0,False,1.4000000000000001,0.12
bb_period=14.0|bb_std=2.5|max_setup_hold_bars=20.0,0.829,0.5988877776986382,282,0.49665168205879495,14.0,2.5,20.0,True,True,23,6.300000000000001,8.7,3.5000000000000004,False,1.7000000000000002,0.02
bb_period=14.0|bb_std=2.8|max_setup_hold_bars=3.0,0.302,1.3730498575440924,26,0.4150820395600873,14.0,2.8,3.0,True,True,18,7.9,5.300000000000001,3.5000000000000004,False,3.3000000000000003,0.51
bb_period=14.0|bb_std=2.8|max_setup_hold_bars=5.0,0.287,1.8910294282267732,39,0.5430228180093144,14.0,2.8,5.0,True,True,25,7.4,6.500000000000001,1.1,False,1.7000000000000002,0.25
bb_period=14.0|bb_std=2.8|max_setup_hold_bars=7.0,0.301,1.5025297467050533,47,0.4526656055870621,14.0,2.8,7.0,False,True,21,6.2,4.4,3.9000000000000004,False,1.9000000000000001,0.21000000000000002
bb_period=14.0|bb_std=2.8|max_setup_hold_bars=10.0,0.197,0.9991002776987769,66,0.1966317630379782,14.0,2.8,10.0,False,True,25,6.1000000000000005,9.7,5.4,False,2.8000000000000003,0.04
bb_period=14.0|bb_std=2.8|max_setup_hold_bars=15.0,0.647,0.558690497475518,150,0.3612576092122691,14.0,2.8,15.0,True,True,14,8.0,6.1000000000000005,2.8000000000000003,False,0.6,0.22
bb_period=14.0|bb_std=2.8|max_setup_hold_bars=20.0,0.702,0.5802167170232269,206,0.40749862642579754,14.0,2.8,20.0,False,True,19,7.9,8.5,1.9000000000000001,False,1.9000000000000001,0.21000000000000002
bb_period=14.0|bb_std=3.2|max_setup_hold_bars=3.0,0.132,3.225909997568128,19,0.4243955049714166,14.0,3.2,3.0,False,True,13,5.9,6.6000000000000005,3.0000000000000004,False,0.5,0.16
bb_period=14.0|bb_std=3.2|max_setup_hold_bars=5.0,0.156,2.8874952586523595,25,0.45105435733694693,14.0,3.2,5.0,True,True,21,8.0,6.800000000000001,5.8,False,0.9,0.21000000000000002
bb_period=14.0|bb_std=3.2|max_setup_hold_bars=7.0,0.22,1.6857305715699045,28,0.37161003667103554,14.0,3.2,7.0,True,True,13,2.7,3.1000000000000005,5.7,False,0.9,0.44
bb_period=14.0|bb_std=3.2|max_setup_hold_bars=10.0,0.309,0.23485867800242352,43,0.07246092989291868,14.0,3.2,10.0,False,True,7,6.800000000000001,2.0,1.0,True,4.9,0.74
bb_period=14.0|bb_std=3.2|max_setup_hold_bars=15.0,0.525,0.3975496410633531,78,0.20888169862243722,14.0,3.2,15.0,False,True,21,7.9,3.7,3.3000000000000003,False,1.6,0.86
bb_period=14.0|bb_std=3.2|max_setup_hold_bars=20.0,0.799,0.4839829388942393,112,0.3865964758528369,14.0,3.2,20.0,False,True,13,4.800000000000001,1.9000000000000001,2.7,False,1.2000000000000002,0.24000000000000002
bb_period=14.0|bb_std=3.5|max_setup_hold_bars=5.0,1.788,0.3257240487211875,12,0.5824239433016518,14.0,3.5,5.0,True,True,23,1.3,6.300000000000001,0.6,False,0.30000000000000004,0.03
bb_period=14.0|bb_std=3.5|max_setup_hold_bars=7.0,1.555,0.30536522291749324,13,0.4747198341263084,14.0,3.5,7.0,True,True,12,6.300000000000001,2.4000000000000004,2.4000000000000004,False,0.9,0.22
bb_period=14.0|bb_std=3.5|max_setup_hold_bars=15.0,1.054,0.14412138798311913,46,0.15184727025761743,14.0,3.5,15.0,False,True,22,5.2,9.6,5.1,False,0.9,0.39
bb_period=20.0|bb_std=1.5|max_setup_hold_bars=3.0,1.176,0.7266896919177938,222,0.8544538640436656,20.0,1.5,3.0,False,True,10,6.2,7.300000000000001,0.1,False,1.4000000000000001,0.03
bb_period=20.0|bb_std=1.5|max_setup_hold_bars=5.0,1.03,0.678623081890492,263,0.6990218547520335,20.0,1.5,5.0,False,True,13,5.4,8.9,0.1,True,1.7000000000000002,0.34
bb_period=20.0|bb_std=1.5|max_setup_hold_bars=7.0,1.326,0.5049099214670331,292,0.6696627671937184,20.0,1.5,7.0,True,True,20,5.2,9.9,6.2,False,1.7000000000000002,0.5800000000000001
bb_period=20.0|bb_std=1.5|max_setup_hold_bars=10.0,1.407,0.3836062356982483,349,0.5396706725105823,20.0,1.5,10.0,False,True,9,6.000000000000001,6.800000000000001,5.1,False,1.1,0.6900000000000001
bb_period=20.0|bb_std=1.5|max_setup_hold_bars=15.0,1.193,0.4061455697198608,399,0.48432897619984194,20.0,1.5,15.0,False,True,23,6.7,4.2,6.6,False,2.5000000000000004,0.38
bb_period=20.0|bb_std=1.5|max_setup_hold_bars=20.0,1.207,0.567304294821316,484,0.6849304477693436,20.0,1.5,20.0,False,True,17,5.2,5.000000000000001,0.4,False,1.3000000000000003,0.26
bb_period=20.0|bb_std=1.8|max_setup_hold_bars=3.0,0.817,0.9413419039021361,136,0.7688301194819167,20.0,1.8,3.0,True,True,11,7.500000000000001,10.0,7.6,False,2.0,0.21000000000000002
bb_period=20.0|bb_std=1.8|max_setup_hold_bars=5.0,0.945,0.8235250558860233,176,0.7779896897298633,20.0,1.8,5.0,False,True,15,7.7,0.30000000000000004,7.7,False,1.5000000000000002,0.4
bb_period=20.0|bb_std=1.8|max_setup_hold_bars=7.0,1.125,0.8610179049417817,202,0.968966151743419,20.0,1.8,7.0,True,True,23,6.6000000000000005,8.1,5.1,False,1.6,0.01
bb_period=20.0|bb_std=1.8|max_setup_hold_bars=10.0,1.118,0.7533749600225541,247,0.842092473154689,20.0,1.8,10.0,True,True,25,6.2,6.300000000000001,4.0,False,1.7000000000000002,0.02
bb_period=20.0|bb_std=1.8|max_setup_hold_bars=15.0,1.141,0.3283418879761284,347,0.37455185779194883,20.0,1.8,15.0,True,True,21,2.5000000000000004,8.4,0.1,False,1.4000000000000001,0.09
bb_period=20.0|bb_std=1.8|max_setup_hold_bars=20.0,1.053,0.49849642910298225,419,0.5250359600633269,20.0,1.8,20.0,False,True,16,6.300000000000001,2.9000000000000004,0.2,False,1.2000000000000002,0.46
bb_period=20.0|bb_std=2.0|max_setup_hold_bars=3.0,0.727,1.0446435689034532,94,0.7594068305968913,20.0,2.0,3.0,False,True,9,6.9,3.4000000000000004,0.4,False,1.5000000000000002,0.36000000000000004
bb_period=20.0|bb_std=2.0|max_setup_hold_bars=5.0,0.829,0.986291777596139,124,0.8178632969991432,20.0,2.0,5.0,True,True,25,5.1000000000000005,5.6000000000000005,8.0,False,1.7000000000000002,0.16
bb_period=20.0|bb_std=2.0|max_setup_hold_bars=7.0,0.926,0.8164302619361501,150,0.7562365277625533,20.0,2.0,7.0,True,True,16,4.0,9.4,0.30000000000000004,False,1.4000000000000001,0.36000000000000004
bb_period=20.0|bb_std=2.0|max_setup_hold_bars=10.0,0.762,0.6205107349994666,195,0.4728446829353245,20.0,2.0,10.0,False,True,15,6.9,1.6,7.2,False,1.7000000000000002,0.55
bb_period=20.0|bb_std=2.0|max_setup_hold_bars=15.0,0.875,0.35993843643981444,291,0.31499896891245344,20.0,2.0,15.0,True,True,12,7.2,5.500000000000001,0.7000000000000001,False,2.1,0.38
bb_period=20.0|bb_std=2.0|max_setup_hold_bars=20.0,0.848,0.5983005187759423,374,0.5073161852863041,20.0,2.0,20.0,True,True,21,6.300000000000001,7.9,1.4000000000000001,False,1.0,0.32
bb_period=20.0|bb_std=2.2|max_setup_hold_bars=3.0,0.276,1.6262618118543397,59,0.4485417518985748,20.0,2.2,3.0,False,True,17,4.300000000000001,9.2,1.4000000000000001,False,1.0,0.21000000000000002
bb_period=20.0|bb_std=2.2|max_setup_hold_bars=5.0,0.887,0.6835294211034936,86,0.6065472624622117,20.0,2.2,5.0,True,True,19,3.5000000000000004,6.2,2.0,False,1.7000000000000002,0.39
bb_period=20.0|bb_std=2.2|max_setup_hold_bars=7.0,0.699,0.5433330883701952,105,0.3798295222141032,20.0,2.2,7.0,False,True,9,8.0,5.6000000000000005,6.1,False,3.8000000000000003,0.23
bb_period=20.0|bb_std=2.2|max_setup_hold_bars=10.0,0.715,0.5726376065387534,151,0.4095011960292573,20.0,2.2,10.0,True,True,21,4.300000000000001,6.1000000000000005,6.0,False,2.0,0.49
bb_period=20.0|bb_std=2.2|max_setup_hold_bars=15.0,0.577,0.39923371337488595,236,0.23051217464230653,20.0,2.2,15.0,True,True,11,6.300000000000001,3.1000000000000005,0.9,True,1.2000000000000002,0.09
bb_period=20.0|bb_std=2.2|max_setup_hold_bars=20.0,1.953,0.1327190254866881,311,0.2591984775340503,20.0,2.2,20.0,False,True,14,7.300000000000001,0.30000000000000004,3.1,False,1.9000000000000001,0.81
bb_period=20.0|bb_std=2.5|max_setup_hold_bars=3.0,0.531,1.0119904338850318,38,0.5373814848911055,20.0,2.5,3.0,False,True,19,5.300000000000001,9.0,0.7000000000000001,True,3.1,0.44
bb_period=20.0|bb_std=2.5|max_setup_hold_bars=5.0,0.46,1.1936035899414235,56,0.5491310384929525,20.0,2.5,5.0,False,True,17,5.2,9.9,6.0,False,2.4000000000000004,0.31
bb_period=20.0|bb_std=2.5|max_setup_hold_bars=7.0,0.47,1.303878386409667,66,0.6128624444765429,20.0,2.5,7.0,False,True,15,6.000000000000001,9.2,0.9,False,1.4000000000000001,0.22
bb_period=20.0|bb_std=2.5|max_setup_hold_bars=10.0,0.457,0.6705341240830771,97,0.3065182007627809,20.0,2.5,10.0,False,True,22,6.300000000000001,10.0,5.3,False,2.2,0.5700000000000001
bb_period=20.0|bb_std=2.5|max_setup_hold_bars=15.0,0.636,0.8549759388561714,175,0.543767835458046,20.0,2.5,15.0,True,True,23,6.4,7.000000000000001,1.2000000000000002,False,1.4000000000000001,0.2
bb_period=20.0|bb_std=2.5|max_setup_hold_bars=20.0,1.499,0.15165464127235936,233,0.22727222942182562,20.0,2.5,20.0,False,True,18,5.4,6.300000000000001,3.6,False,1.4000000000000001,0.8200000000000001
bb_period=20.0|bb_std=2.8|max_setup_hold_bars=3.0,0.23,2.333136298441873,23,0.5371807019740594,20.0,2.8,3.0,False,True,18,5.9,8.5,3.5000000000000004,False,1.8000000000000003,0.09999999999999999
bb_period=20.0|bb_std=2.8|max_setup_hold_bars=5.0,0.364,1.6476729507367993,35,0.5991088516545675,20.0,2.8,5.0,False,True,21,5.9,1.4000000000000001,1.6,False,1.8000000000000003,0.18000000000000002
bb_period=20.0|bb_std=2.8|max_setup_hold_bars=7.0,0.338,1.4955905249201604,41,0.5059396723099656,20.0,2.8,7.0,True,True,14,8.0,10.0,1.8000000000000003,False,1.6,0.38
bb_period=20.0|bb_std=2.8|max_setup_hold_bars=10.0,0.875,0.32552046475838997,61,0.2847349119651,20.0,2.8,10.0,False,True,7,5.4,6.6000000000000005,1.9000000000000001,False,4.1,0.86
bb_period=20.0|bb_std=2.8|max_setup_hold_bars=15.0,0.704,0.7245558545393852,127,0.5097798732468878,20.0,2.8,15.0,True,True,25,7.9,6.6000000000000005,1.7000000000000002,False,0.8,0.16
bb_period=20.0|bb_std=2.8|max_setup_hold_bars=20.0,0.46,0.5734001680179753,170,0.26402281360670915,20.0,2.8,20.0,False,True,18,7.800000000000001,6.4,0.5,False,1.9000000000000001,0.7100000000000001
bb_period=20.0|bb_std=3.2|max_setup_hold_bars=3.0,0.135,3.8904079765420434,14,0.5270819218972101,20.0,3.2,3.0,False,True,18,5.6000000000000005,0.6000000000000001,0.1,True,1.3000000000000003,0.03
bb_period=20.0|bb_std=3.2|max_setup_hold_bars=5.0,0.102,2.9998428964498682,19,0.30623469344895493,20.0,3.2,5.0,True,True,7,6.500000000000001,5.6000000000000005,6.7,False,1.2000000000000002,0.38
bb_period=20.0|bb_std=3.2|max_setup_hold_bars=7.0,0.115,2.5079625537004033,22,0.2891897048368927,20.0,3.2,7.0,True,True,25,2.8000000000000003,6.7,4.3,False,1.2000000000000002,0.29000000000000004
bb_period=20.0|bb_std=3.2|max_setup_hold_bars=10.0,0.124,2.0193132947961896,30,0.2509728716408996,20.0,3.2,10.0,False,True,25,4.2,9.299999999999999,2.4000000000000004,False,0.9,0.12
bb_period=20.0|bb_std=3.2|max_setup_hold_bars=15.0,0.27,0.5400738083847108,68,0.14581675106954253,20.0,3.2,15.0,False,True,25,7.500000000000001,0.2,2.2,False,1.9000000000000001,0.9
bb_period=20.0|bb_std=3.2|max_setup_hold_bars=20.0,0.558,0.8958347541693475,107,0.499712579146179,20.0,3.2,20.0,False,True,22,7.9,6.9,5.7,False,1.1,0.17
bb_period=20.0|bb_std=3.5|max_setup_hold_bars=5.0,0.154,2.657360957617437,18,0.40903581544240547,20.0,3.5,5.0,True,True,5,4.300000000000001,6.300000000000001,3.8000000000000003,False,3.0000000000000004,0.59
bb_period=20.0|bb_std=3.5|max_setup_hold_bars=7.0,0.135,1.8106953453887409,19,0.2445432464695058,20.0,3.5,7.0,False,True,25,5.2,10.0,2.6,False,3.0000000000000004,0.7000000000000001
bb_period=20.0|bb_std=3.5|max_setup_hold_bars=15.0,0.134,0.4826476039495825,50,0.06464267368404139,20.0,3.5,15.0,True,True,19,6.800000000000001,7.500000000000001,5.1,False,2.0,0.78
bb_period=20.0|bb_std=3.5|max_setup_hold_bars=20.0,0.28,0.8148477818715089,80,0.22817298553750512,20.0,3.5,20.0,True,True,4,5.300000000000001,6.4,0.30000000000000004,False,3.0000000000000004,0.6900000000000001
bb_period=30.0|bb_std=1.5|max_setup_hold_bars=3.0,1.624,0.5299578823283977,320,0.8608366358287414,30.0,1.5,3.0,False,True,12,5.300000000000001,8.5,1.6,False,1.3000000000000003,0.5800000000000001
bb_period=30.0|bb_std=1.5|max_setup_hold_bars=5.0,1.429,0.7116698491560757,371,1.0172231200959387,30.0,1.5,5.0,True,True,12,4.6000000000000005,6.800000000000001,1.7000000000000002,False,1.2000000000000002,0.18000000000000002
