threshold_pct,max_setup_hold_bars,ctx_dist_ema200,ctx_ema50_slope,ctx_supertrend,ctx_vol_z,ctx_bb_width_ratio,ctx_atr_pct,ctx_rsi,ctx_cmo,ctx_williams_r,ctx_vol_ratio,ctx_vol_sig,ctx_setup_bars,entry_threshold_pct,trades,win_rate,avg_return,avg_hold_bars,return_per_bar,tp_mult,sl_mult,tp_trail_mult,sl_trail_mult,max_holding_bars,active_trail_sl,time_decay_sl
0.02,1,-0.422506,-0.051139,0.0,2.061184,0.401473,0.077587,36.536515,-22.893886,-69.418039,1.056061,0.265979,1.0,0.02,485,71.96,3.5907,11.98,1.102422,1.4,5.0,0.01,5.5,20,True,False
0.02,2,-0.398373,-0.048095,0.0,1.902026,0.376602,0.072112,36.263566,-24.058551,-70.130264,1.057829,0.269492,1.177966,0.02,590,73.9,2.854,10.17,0.97043,1.1,4.75,0.09999999999999999,5.5,20,True,False
0.02,3,-0.387508,-0.046135,0.0,1.861651,0.369091,0.070403,36.383553,-23.953366,-69.743244,1.058971,0.261654,1.383459,0.02,665,74.89,2.8686,9.85,0.977339,1.1,4.75,0.01,4.75,20,True,False
0.02,4,-0.387397,-0.045277,0.0,1.841343,0.364009,0.069778,36.378821,-24.232803,-69.772739,1.054687,0.260623,1.535411,0.02,706,75.64,2.8304,9.42,1.010055,1.0,4.75,0.01,6.0,20,True,False
0.02,5,-0.381338,-0.044414,0.0,1.819994,0.358071,0.068865,36.424121,-24.391929,-69.856109,1.056925,0.260929,1.65847,0.02,732,73.77,2.682,9.91,0.978777,1.1,4.75,0.01,5.75,20,True,False
0.02,6,-0.377809,-0.043995,0.0,1.80587,0.355103,0.068894,36.420821,-24.609972,-69.951006,1.058425,0.264706,1.751337,0.02,748,72.06,2.8887,9.14,0.96787,1.1,5.0,0.03,5.75,17,True,False
0.02,7,-0.380697,-0.043914,0.0,1.790143,0.353234,0.068691,36.47806,-24.537892,-69.802267,1.057283,0.263364,1.881356,0.02,767,71.32,2.7897,8.89,0.902614,1.1,4.25,0.06999999999999999,5.25,16,True,False
0.02,8,-0.379986,-0.043416,0.0,1.748154,0.349027,0.06833,36.515093,-24.758078,-69.939933,1.05347,0.257614,2.044416,0.02,788,70.94,2.6586,8.96,0.911081,1.1,5.0,0.06999999999999999,5.25,16,True,False
0.02,9,-0.377359,-0.042994,0.0,1.741224,0.348068,0.068074,36.563257,-24.811734,-69.879152,1.056241,0.259724,2.122961,0.02,797,71.39,2.3165,9.1,0.919196,1.0,5.0,0.02,5.75,18,True,False
0.02,11,-0.374635,-0.0424,0.0,1.717632,0.343493,0.067496,36.623295,-24.962338,-69.934334,1.054001,0.259214,2.298526,0.02,814,72.73,2.3697,9.95,0.914842,1.1,4.75,0.02,5.75,20,True,False
0.02,10,-0.376451,-0.042702,0.0,1.727274,0.346163,0.067798,36.625582,-24.805875,-69.750905,1.056145,0.26087,2.201242,0.02,805,68.57,2.7592,8.96,0.855782,1.3,5.0,0.06999999999999999,6.0,13,True,False
0.02,12,-0.372948,-0.042116,0.0,1.715879,0.341831,0.067236,36.615025,-25.145767,-70.075931,1.058486,0.25944,2.381242,0.02,821,70.89,2.5001,8.86,0.892143,1.1,4.5,0.01,5.25,16,True,False
0.03,1,-0.477073,-0.056165,0.0,2.326197,0.43951,0.085359,36.114441,-24.524185,-71.16523,1.102844,0.297376,1.0,0.03,343,72.01,4.2535,10.8,1.129582,1.4,4.5,0.12,4.75,17,True,False
0.03,2,-0.43919,-0.052171,0.0,2.150929,0.409739,0.079269,35.74763,-26.184261,-71.658599,1.100081,0.310185,1.206019,0.03,432,73.61,3.6805,11.99,0.981508,1.4,4.25,0.15000000000000002,5.75,20,True,False
0.02,13,-0.374178,-0.041949,0.0,1.711781,0.340805,0.067097,36.612132,-25.331803,-70.239067,1.058594,0.259976,2.458283,0.02,827,70.62,2.461,8.93,0.891854,1.1,5.0,0.03,5.5,16,True,False
0.03,3,-0.426708,-0.049576,0.0,2.037115,0.392333,0.075965,35.772294,-26.517644,-71.514051,1.109723,0.298872,1.543233,0.03,532,73.87,3.3584,10.99,1.030742,1.3,5.0,0.03,5.5,19,True,False
0.02,14,-0.372653,-0.041727,0.0,1.701761,0.339481,0.066929,36.634716,-25.426694,-70.394518,1.057662,0.259304,2.541417,0.02,833,73.23,2.2313,9.51,0.912948,1.0,5.0,0.01,5.5,20,True,False
0.02,15,-0.371498,-0.041431,0.0,1.693742,0.336951,0.066618,36.621529,-25.684634,-70.627016,1.063561,0.260973,2.689205,0.02,843,68.09,2.3395,7.67,0.83795,1.1,4.75,0.01,6.0,12,True,False
0.03,4,-0.421345,-0.047693,0.0,1.961976,0.381005,0.073929,35.71849,-27.043883,-71.680079,1.098711,0.293718,1.780985,0.03,589,73.17,3.3119,8.5,1.024162,1.1,4.75,0.03,5.25,15,True,False
0.03,5,-0.412931,-0.046022,0.0,1.910366,0.370236,0.072304,35.919014,-27.001041,-71.391575,1.091241,0.288217,1.980892,0.03,628,73.09,3.048,8.39,0.93247,1.0,4.5,0.01,4.0,16,True,False
0.03,6,-0.405504,-0.045209,0.0,1.896817,0.363856,0.071907,35.956457,-27.234704,-71.665977,1.100973,0.290769,2.116923,0.03,650,73.38,2.8447,8.78,0.938894,1.0,5.0,0.01,4.5,18,True,False
0.03,7,-0.406235,-0.044917,0.0,1.866941,0.360869,0.071389,36.008297,-27.273488,-71.612408,1.103878,0.294643,2.276786,0.03,672,72.62,2.3028,7.61,0.868639,0.8,4.25,0.02,5.0,18,True,False
0.03,8,-0.401111,-0.044034,0.0,1.825026,0.355527,0.070551,36.083723,-27.474376,-71.60584,1.104973,0.292507,2.458213,0.03,694,70.17,2.806,10.75,0.915656,1.3,5.0,0.01,6.0,18,True,False
0.03,9,-0.397528,-0.043532,0.0,1.809139,0.35323,0.0701,36.12494,-27.517569,-71.576268,1.105032,0.293201,2.569405,0.03,706,73.37,2.41,9.39,0.890838,1.0,4.25,0.03,5.75,20,True,False
0.03,10,-0.395241,-0.043176,0.0,1.797957,0.350652,0.069737,36.143112,-27.656126,-71.594743,1.102423,0.291492,2.683403,0.03,717,73.08,2.3568,9.44,0.913166,1.0,4.75,0.01,5.75,20,True,False
0.03,11,-0.393594,-0.042799,0.0,1.787333,0.347034,0.069348,36.109887,-27.958494,-71.894389,1.101364,0.290411,2.831507,0.03,730,72.88,2.3284,9.33,0.886433,1.0,4.5,0.02,5.0,20,True,False
0.04,1,-0.539591,-0.063052,0.0,2.557525,0.485741,0.094368,35.79246,-25.764855,-71.917287,1.123767,0.3125,1.0,0.04,240,70.0,4.4163,7.11,1.265152,1.3,4.5,0.06999999999999999,5.25,9,True,False
0.03,12,-0.390615,-0.042386,0.0,1.779917,0.344241,0.068896,36.08613,-28.202087,-72.039338,1.108507,0.291892,2.955405,0.03,740,71.35,2.3862,8.94,0.845187,1.0,4.25,0.08,6.0,18,True,False
0.03,13,-0.391802,-0.042222,0.0,1.775235,0.343376,0.068784,36.0972,-28.332325,-72.200887,1.108591,0.292617,3.022819,0.03,745,70.2,2.659,7.96,0.851316,1.1,4.5,0.03,5.0,13,True,False
0.03,14,-0.389045,-0.041899,0.0,1.761873,0.340788,0.068384,36.103609,-28.522791,-72.382082,1.107133,0.292165,3.139442,0.03,753,70.92,2.4405,9.12,0.882953,1.1,4.75,0.01,5.5,17,True,False
0.04,2,-0.476349,-0.056605,0.0,2.34196,0.437464,0.08478,35.259409,-28.111757,-72.743951,1.138507,0.331269,1.256966,0.04,323,74.3,4.0287,11.85,1.192783,1.4,5.0,0.01,6.0,20,True,False
0.03,15,-0.386932,-0.041446,0.0,1.744816,0.337173,0.067951,36.107917,-28.824962,-72.671462,1.113138,0.294654,3.355932,0.03,767,70.66,2.3296,11.27,0.844635,1.3,4.75,0.02,5.75,20,True,False
0.04,3,-0.460914,-0.053201,0.0,2.182902,0.41413,0.080774,35.376953,-28.524336,-72.712357,1.146866,0.320482,1.643373,0.04,415,70.36,3.8063,8.46,1.098635,1.3,5.0,0.01,6.0,12,True,False
0.04,4,-0.448848,-0.050408,0.0,2.095167,0.39744,0.077873,35.261207,-29.331047,-72.793221,1.147154,0.313808,1.953975,0.04,478,74.69,3.7808,10.88,1.096338,1.3,4.75,0.09,5.75,19,True,False
0.04,5,-0.439138,-0.048386,0.0,2.019512,0.382419,0.075861,35.442727,-29.333265,-72.648504,1.134596,0.302682,2.210728,0.04,522,72.03,3.8475,11.18,1.080621,1.4,5.0,0.01,5.5,19,True,False
0.04,6,-0.429648,-0.047061,0.0,1.987466,0.373472,0.07499,35.56523,-29.443158,-72.746739,1.130359,0.301818,2.403636,0.04,550,71.64,3.4415,9.9,1.023363,1.3,4.75,0.01,6.0,16,True,False
0.04,7,-0.429141,-0.0465,0.0,1.947768,0.367691,0.074152,35.572956,-29.68366,-72.753331,1.135043,0.307427,2.633851,0.04,579,72.88,3.1211,9.01,0.992238,1.1,5.0,0.01,5.25,17,True,False
0.04,8,-0.424439,-0.045884,0.0,1.926527,0.365304,0.07336,35.553048,-29.996142,-72.969105,1.140285,0.306533,2.795645,0.04,597,69.68,3.4707,10.22,0.931536,1.4,5.0,0.04,5.25,16,True,False
0.04,9,-0.420216,-0.04498,0.0,1.88603,0.360885,0.072769,35.635105,-30.243795,-72.871943,1.141563,0.306947,3.016155,0.04,619,69.63,2.9542,9.92,0.906824,1.3,4.5,0.03,5.25,16,True,False
0.04,10,-0.417222,-0.04455,0.0,1.875952,0.357216,0.072297,35.669928,-30.32167,-72.883576,1.139673,0.306349,3.138095,0.04,630,70.63,2.9414,7.59,0.887095,1.1,4.75,0.01,5.0,12,True,False
0.04,11,-0.416099,-0.044223,0.0,1.868295,0.353825,0.071931,35.64774,-30.56717,-73.0908,1.137765,0.304212,3.273011,0.04,641,70.05,2.886,7.58,0.879451,1.1,4.5,0.01,6.0,12,True,False
0.05,1,-0.592463,-0.069805,0.0,2.783226,0.532752,0.102663,34.94432,-28.162761,-73.505495,1.196577,0.351955,1.0,0.05,179,77.09,5.2975,11.03,1.468189,1.3,4.75,0.17,6.0,19,True,False
0.04,12,-0.411139,-0.043542,0.0,1.841107,0.34883,0.071119,35.632105,-30.894609,-73.314373,1.143557,0.305936,3.48554,0.04,657,71.69,2.9629,11.28,0.912246,1.3,5.0,0.06999999999999999,6.0,20,True,False
0.04,13,-0.41147,-0.043267,0.0,1.833989,0.347045,0.07085,35.627011,-31.124045,-73.54619,1.144922,0.308735,3.585843,0.04,664,68.83,2.8579,10.29,0.908882,1.3,5.0,0.01,5.75,17,True,False
0.05,2,-0.525213,-0.061289,0.0,2.501412,0.471932,0.091253,35.116034,-28.633509,-72.556823,1.196564,0.353414,1.281124,0.05,249,69.08,3.9092,9.58,1.164261,1.4,5.0,0.13,5.5,14,True,False
0.04,14,-0.407859,-0.042901,0.0,1.825051,0.344169,0.070416,35.64801,-31.259436,-73.705147,1.147517,0.311012,3.709821,0.04,672,71.28,2.5402,9.39,0.903679,1.1,5.0,0.02,5.75,18,True,False
0.05,3,-0.513746,-0.058216,0.0,2.298196,0.448205,0.087534,35.061692,-29.630383,-73.082594,1.193722,0.329305,1.706949,0.05,331,71.9,4.2323,10.72,1.237039,1.4,5.0,0.03,5.5,18,True,False
0.04,15,-0.404595,-0.04237,0.0,1.80871,0.33994,0.069855,35.632291,-31.632829,-74.061793,1.151904,0.313411,3.940233,0.04,686,68.8,2.603,7.64,0.827398,1.1,4.5,0.03,5.25,12,True,False
0.05,4,-0.492629,-0.054385,0.0,2.246273,0.42512,0.083262,34.893586,-30.745144,-72.931478,1.214046,0.331646,2.078481,0.05,395,71.39,4.5191,8.78,1.142447,1.4,4.5,0.09,5.25,13,True,False
0.05,5,-0.471523,-0.051648,0.0,2.171404,0.403767,0.080152,34.940892,-31.303676,-73.18115,1.208754,0.331066,2.38322,0.05,441,73.47,4.2373,10.94,1.124953,1.4,4.75,0.14,6.0,19,True,False
0.05,6,-0.459627,-0.050054,0.0,2.136256,0.392306,0.079016,35.045022,-31.553519,-73.392343,1.196532,0.326226,2.599147,0.05,469,74.84,3.8408,10.86,1.10805,1.3,5.0,0.04,6.0,20,True,False
0.05,7,-0.45574,-0.048681,0.0,2.074015,0.38135,0.077476,35.143735,-31.635363,-73.411705,1.195364,0.326693,2.888446,0.05,502,73.11,3.3354,7.62,1.007016,1.0,4.75,0.01,6.0,14,True,False
0.05,8,-0.448777,-0.047816,0.0,2.041915,0.378779,0.07645,35.139196,-32.066371,-73.744487,1.194761,0.32381,3.112381,0.05,525,71.05,3.8984,9.83,1.023,1.4,4.75,0.03,5.25,16,True,False
0.05,9,-0.445735,-0.046967,0.0,2.007199,0.374932,0.075875,35.169519,-32.329418,-73.766982,1.194602,0.325967,3.307551,0.05,543,69.24,3.5722,10.01,0.993145,1.4,5.0,0.02,5.75,16,True,False
0.05,10,-0.442759,-0.04656,0.0,2.001054,0.370606,0.075426,35.181279,-32.456176,-73.868445,1.191921,0.32852,3.440433,0.05,554,68.77,3.1747,7.2,0.886034,1.2000000000000002,4.5,0.03,4.75,10,True,False
0.05,11,-0.441075,-0.046236,0.0,1.994701,0.367078,0.074975,35.148605,-32.67982,-74.118633,1.190568,0.326821,3.561279,0.05,563,72.47,2.7845,10.04,0.918222,1.2000000000000002,4.5,0.04,5.5,19,True,False
0.05,12,-0.43721,-0.045597,0.0,1.973155,0.362442,0.074269,35.122179,-33.015026,-74.305479,1.200104,0.328125,3.751736,0.05,576,71.01,2.8893,9.14,0.906856,1.2000000000000002,4.5,0.03,4.75,16,True,False
0.06,1,-0.674539,-0.077812,0.0,2.974583,0.584687,0.112491,34.540897,-28.416028,-73.827328,1.248847,0.380597,1.0,0.06,134,71.64,5.9528,8.91,1.74149,1.3,5.0,0.08,4.75,14,True,False
0.06,2,-0.58613,-0.068345,0.0,2.703495,0.516995,0.100601,34.772604,-29.460566,-73.670694,1.28252,0.375661,1.291005,0.06,189,76.72,5.0805,11.14,1.358477,1.4,3.5,0.03,6.0,20,True,False
0.05,13,-0.433323,-0.045028,0.0,1.94223,0.357751,0.073612,35.1464,-33.187244,-74.60438,1.200245,0.329372,3.955857,0.05,589,68.93,2.968,6.84,0.88549,1.1,5.0,0.03,6.0,10,True,False
0.05,14,-0.429735,-0.044612,0.0,1.929626,0.354008,0.073034,35.159024,-33.316502,-74.785866,1.202415,0.332776,4.107023,0.05,598,71.07,2.7775,10.89,0.926796,1.3,4.75,0.02,5.5,20,True,False
0.06,3,-0.56128,-0.06417,0.0,2.493978,0.483805,0.095052,34.383737,-31.959227,-74.80757,1.290879,0.365759,1.743191,0.06,257,77.82,5.4848,10.97,1.48861,1.4,5.0,0.02,6.0,20,True,False
0.05,15,-0.426356,-0.044037,0.0,1.904092,0.347537,0.072193,35.130035,-33.850699,-75.37134,1.206234,0.333874,4.442464,0.05,617,70.83,2.2924,9.3,0.890823,1.1,5.0,0.02,6.0,18,True,False
0.06,4,-0.556577,-0.060744,0.0,2.42002,0.460328,0.090603,33.97297,-33.798027,-75.047257,1.312955,0.375817,2.104575,0.06,306,76.47,4.427,9.75,1.338911,1.2000000000000002,4.25,0.03,5.25,19,True,False
0.06,5,-0.52035,-0.056377,0.0,2.317311,0.431163,0.086301,34.299755,-33.798113,-74.726592,1.283019,0.371901,2.559229,0.06,363,75.21,4.5944,9.93,1.329036,1.3,4.5,0.03,5.5,18,True,False
0.06,6,-0.506756,-0.054534,0.0,2.254187,0.416842,0.083827,34.242141,-34.338857,-75.062603,1.273457,0.371134,2.780928,0.06,388,71.65,4.9656,7.01,1.244876,1.4,4.25,0.02,5.0,9,True,False
0.06,7,-0.498698,-0.05216,0.0,2.175453,0.399138,0.081267,34.446364,-34.363569,-75.187445,1.26415,0.366822,3.175234,0.06,428,73.36,4.5846,9.22,1.217891,1.4,4.5,0.01,5.0,15,True,False
0.06,8,-0.49906,-0.051769,0.0,2.158196,0.397725,0.080536,34.371325,-34.773668,-75.531892,1.259247,0.366292,3.359551,0.06,445,76.18,4.3926,10.14,1.215518,1.3,4.75,0.08,5.25,19,True,False
0.06,9,-0.489353,-0.050099,0.0,2.105874,0.388029,0.079126,34.358425,-35.456792,-75.909953,1.258215,0.369979,3.693446,0.06,473,76.11,3.4256,8.62,1.140974,1.0,4.25,0.02,4.75,20,True,False
0.06,10,-0.484501,-0.049718,0.0,2.091134,0.38512,0.078767,34.380337,-35.586068,-75.933693,1.252979,0.367983,3.798337,0.06,481,74.64,3.7863,9.91,1.135853,1.2000000000000002,5.0,0.15000000000000002,5.75,19,True,False
0.06,11,-0.478044,-0.048981,0.0,2.073482,0.377539,0.077712,34.304675,-36.080927,-76.343901,1.246888,0.364185,4.030181,0.06,497,75.45,3.7402,10.11,1.153153,1.2000000000000002,5.0,0.09,5.75,20,True,False
0.06,12,-0.473201,-0.04826,0.0,2.068747,0.372046,0.076965,34.28509,-36.344537,-76.576843,1.258298,0.366667,4.233333,0.06,510,75.29,3.572,9.98,1.086372,1.2000000000000002,4.5,0.13,6.0,20,True,False
0.07,1,-0.729156,-0.083019,0.0,3.10941,0.615357,0.115414,33.278012,-32.240513,-76.669036,1.266813,0.40367,1.0,0.07,109,75.23,7.0169,10.02,1.930393,1.3,4.75,0.09999999999999999,5.5,17,True,False
0.06,13,-0.472197,-0.047937,0.0,2.059813,0.369257,0.076589,34.289317,-36.446739,-76.679213,1.258288,0.369439,4.352031,0.06,517,71.76,3.5892,10.19,1.118544,1.3,5.0,0.09,6.0,18,True,False
0.07,2,-0.642584,-0.074288,0.0,2.848223,0.555115,0.105684,33.851227,-31.665422,-75.046374,1.304615,0.386667,1.273333,0.07,150,71.33,5.8418,10.85,1.550143,1.5,4.25,0.02,5.0,17,True,False
0.06,14,-0.466979,-0.047391,0.0,2.041063,0.364505,0.075855,34.27384,-36.710583,-76.93061,1.260116,0.375,4.55303,0.06,528,71.59,3.4944,8.51,1.032048,1.3,5.0,0.06999999999999999,5.0,13,True,False
0.06,15,-0.457639,-0.046436,0.0,2.010744,0.357196,0.074799,34.284256,-37.208697,-77.491047,1.261002,0.375458,4.897436,0.06,546,70.7,3.3609,10.29,1.092713,1.3,5.0,0.02,6.0,18,True,False
0.07,3,-0.598152,-0.068469,0.0,2.65541,0.514656,0.10001,33.623573,-34.149511,-76.021776,1.340748,0.395238,1.766667,0.07,210,73.81,5.7911,9.16,1.561076,1.4,5.0,0.03,6.0,14,True,False
0.07,4,-0.58609,-0.06382,0.0,2.561983,0.480877,0.093993,33.284524,-35.907312,-76.258704,1.346993,0.392996,2.175097,0.07,257,75.88,5.7416,10.38,1.407922,1.4,5.0,0.02,4.0,19,True,False
0.07,5,-0.546005,-0.059351,0.0,2.431667,0.451604,0.089727,33.688974,-35.879751,-75.946659,1.314413,0.396104,2.642857,0.07,308,74.68,4.8768,8.79,1.384564,1.3,4.75,0.04,4.75,14,True,False
0.07,6,-0.529536,-0.057291,0.0,2.381462,0.434417,0.086841,33.568341,-36.688247,-76.539896,1.299611,0.386707,2.876133,0.07,331,75.83,5.0514,10.49,1.384659,1.3,4.75,0.06999999999999999,6.0,19,True,False
0.07,7,-0.522026,-0.055499,0.0,2.342375,0.421843,0.085055,33.616707,-37.100534,-76.736548,1.320638,0.386555,3.176471,0.07,357,75.07,4.7544,9.98,1.380451,1.3,5.0,0.02,5.0,18,True,False
0.07,8,-0.525779,-0.054601,0.0,2.293654,0.412304,0.083501,33.637157,-37.263671,-77.023919,1.305592,0.376963,3.492147,0.07,382,73.56,5.2025,6.39,1.313961,1.4,4.75,0.03,5.75,8,True,False
0.07,9,-0.517637,-0.052778,0.0,2.216476,0.40052,0.081674,33.554724,-38.183554,-77.488244,1.29758,0.37561,3.868293,0.07,410,73.41,3.9149,8.15,1.224515,1.0,5.0,0.05,5.5,17,True,False
0.07,10,-0.509519,-0.051915,0.0,2.181161,0.392896,0.080509,33.553209,-38.400806,-77.799581,1.296397,0.377358,4.070755,0.07,424,74.29,4.3738,10.75,1.254717,1.3,5.0,0.15000000000000002,5.75,20,True,False
0.08,1,-0.797494,-0.0906,0.0,3.280392,0.645364,0.121073,32.6999,-34.005743,-78.142252,1.330162,0.4625,1.0,0.08,80,71.25,6.2582,8.78,1.905183,1.3,5.0,0.11,5.75,14,True,False
0.07,11,-0.502698,-0.050799,0.0,2.159017,0.385266,0.079555,33.598647,-38.769547,-78.091444,1.283284,0.371622,4.382883,0.07,444,73.65,3.5825,8.55,1.148398,1.0,4.5,0.05,6.0,19,True,False
0.07,12,-0.497146,-0.050072,0.0,2.14746,0.38004,0.078735,33.548155,-39.13066,-78.309487,1.293563,0.378022,4.567033,0.07,455,73.19,3.6984,9.03,1.129143,1.1,5.0,0.16,6.0,18,True,False
0.08,2,-0.700848,-0.079806,0.0,3.028909,0.584813,0.112006,33.554617,-32.82477,-75.609018,1.358739,0.414414,1.279279,0.08,111,73.87,5.6868,10.29,1.656272,1.3,4.5,0.05,5.0,18,True,False
0.07,13,-0.497628,-0.049766,0.0,2.129155,0.376505,0.078308,33.537333,-39.231182,-78.473108,1.29478,0.382289,4.712743,0.07,463,71.27,3.7066,8.52,1.142648,1.3,5.0,0.08,6.0,13,True,False
0.07,14,-0.48948,-0.04889,0.0,2.112778,0.369934,0.077263,33.551852,-39.573673,-78.887904,1.30605,0.392034,4.985325,0.07,477,71.28,3.8224,10.27,1.135512,1.3,5.0,0.16,5.75,18,True,False
0.08,3,-0.655555,-0.072111,0.0,2.791006,0.529094,0.105567,33.418576,-35.016956,-76.689034,1.4008,0.422857,1.908571,0.08,175,76.0,6.4366,9.88,1.561903,1.4,4.25,0.060000000000000005,5.25,17,True,False
0.07,15,-0.479735,-0.04788,0.0,2.093592,0.363017,0.076186,33.589447,-39.927475,-79.321343,1.313467,0.398374,5.29065,0.07,492,71.54,3.6857,10.56,1.188034,1.3,5.0,0.01,6.0,19,True,False
0.08,4,-0.636379,-0.067947,0.0,2.680107,0.49748,0.099709,32.969049,-36.882681,-76.726426,1.407011,0.416667,2.305556,0.08,216,75.93,5.6844,10.5,1.473251,1.3,5.0,0.14,4.75,20,True,False
0.08,5,-0.597347,-0.063197,0.0,2.504313,0.467974,0.095037,33.357225,-36.900031,-76.230961,1.348177,0.406844,2.787072,0.08,263,73.38,6.1411,8.96,1.32403,1.5,3.5,0.05,5.75,13,True,False
0.08,6,-0.575514,-0.060882,0.0,2.47413,0.448245,0.091543,33.090318,-38.140937,-77.34531,1.333127,0.397887,3.024648,0.08,284,72.89,5.3754,9.59,1.415602,1.4,4.5,0.01,5.25,16,True,False
0.08,7,-0.567302,-0.059044,0.0,2.408797,0.435047,0.089548,33.199744,-38.40258,-77.560872,1.346086,0.38835,3.346278,0.08,309,75.4,5.9999,8.14,1.384367,1.4,4.0,0.03,5.25,12,True,False
0.08,8,-0.568382,-0.058459,0.0,2.357216,0.427056,0.088045,33.085142,-38.891181,-78.178566,1.339299,0.390244,3.615854,0.08,328,76.52,5.5768,10.03,1.407958,1.4,5.0,0.05,4.75,18,True,False
0.08,9,-0.548972,-0.055979,0.0,2.296633,0.411198,0.085856,33.010796,-39.865044,-78.70838,1.334341,0.391061,4.067039,0.08,358,73.74,4.7794,10.32,1.412517,1.3,4.75,0.01,5.5,20,True,False
0.08,10,-0.544216,-0.054941,0.0,2.252732,0.403012,0.084369,32.938737,-40.298243,-79.074885,1.331511,0.394667,4.336,0.08,375,74.93,4.2572,8.0,1.318727,1.0,5.0,0.02,5.25,16,True,False
0.08,11,-0.533705,-0.053767,0.0,2.239187,0.393385,0.083123,32.965758,-40.687838,-79.40051,1.321753,0.387755,4.625,0.08,392,71.68,4.6138,9.8,1.285977,1.4,4.5,0.01,4.75,17,True,False
0.09,1,-0.852395,-0.08999,0.0,3.416747,0.649739,0.12247,32.70799,-33.491683,-79.329,1.431377,0.507937,1.0,0.09,63,68.25,5.5723,6.92,1.653206,1.3,5.0,0.08,5.0,9,True,False
0.08,12,-0.524371,-0.052619,0.0,2.209031,0.385497,0.081855,32.947474,-41.17824,-79.754237,1.325561,0.390663,4.896806,0.08,407,73.46,4.0816,6.96,1.237449,1.0,4.5,0.03,5.25,12,True,False
0.09,2,-0.750181,-0.080038,0.0,3.204701,0.596646,0.112783,33.367314,-32.788019,-76.519462,1.460481,0.44186,1.267442,0.09,86,74.42,6.5531,10.35,1.498266,1.3,5.0,0.34,5.25,16,True,False
0.08,13,-0.528789,-0.05223,0.0,2.179432,0.381506,0.081416,33.00136,-41.266437,-80.013319,1.32338,0.391827,5.072115,0.08,416,75.0,4.0002,8.26,1.174482,1.0,4.5,0.15000000000000002,5.75,17,True,False
0.08,14,-0.525446,-0.051731,0.0,2.182934,0.378555,0.08094,33.002987,-41.452777,-80.234241,1.332639,0.397163,5.219858,0.08,423,71.16,4.0985,8.41,1.228354,1.3,5.0,0.01,5.75,13,True,False
0.09,3,-0.689205,-0.07359,0.0,2.921287,0.544032,0.109536,33.263759,-35.467254,-76.946073,1.485983,0.450704,1.950704,0.09,142,73.24,6.1858,9.55,1.416977,1.3,4.5,0.15000000000000002,5.0,15,True,False
0.09,4,-0.661108,-0.069058,0.0,2.802713,0.506151,0.102103,32.722995,-37.938184,-77.67941,1.488131,0.446927,2.374302,0.09,179,76.54,6.1949,11.18,1.346617,1.5,4.5,0.09999999999999999,5.0,18,True,False
0.08,15,-0.517947,-0.050737,0.0,2.156129,0.373162,0.08014,33.083987,-41.687856,-80.601188,1.338622,0.408257,5.511468,0.08,436,73.39,3.5853,8.84,1.091727,1.1,4.75,0.16,4.75,17,True,False
0.09,5,-0.627331,-0.065061,0.0,2.652443,0.480372,0.097983,32.861857,-38.386076,-77.269683,1.428295,0.439815,2.824074,0.09,216,74.07,5.5486,8.22,1.310953,1.3,4.75,0.06999999999999999,4.0,12,True,False
0.09,6,-0.600826,-0.062324,0.0,2.584375,0.458396,0.094267,32.746858,-39.350494,-78.058506,1.403922,0.427966,3.09322,0.09,236,72.88,5.3968,9.64,1.274505,1.4,5.0,0.15000000000000002,5.25,15,True,False
0.09,7,-0.600116,-0.060826,0.0,2.50906,0.445432,0.092531,32.809901,-39.707131,-78.383333,1.416321,0.419231,3.453846,0.09,260,77.69,4.9241,8.63,1.357933,1.0,4.5,0.09,5.25,19,True,False
0.09,8,-0.609231,-0.061372,0.0,2.453773,0.441308,0.091684,32.689081,-40.149223,-78.922411,1.399826,0.417266,3.748201,0.09,278,74.82,6.2113,10.53,1.39088,1.5,5.0,0.060000000000000005,5.25,17,True,False
0.09,9,-0.590006,-0.059195,0.0,2.407777,0.42857,0.089772,32.654263,-40.923277,-79.473178,1.389536,0.408027,4.117057,0.09,299,74.92,4.4532,7.82,1.335016,1.0,4.0,0.01,5.0,15,True,False
0.09,10,-0.577946,-0.057637,0.0,2.364772,0.416663,0.08801,32.502958,-41.854191,-80.015294,1.374541,0.410658,4.485893,0.09,319,74.29,4.9677,9.48,1.363476,1.3,4.5,0.01,5.5,17,True,False
0.09,11,-0.562623,-0.055943,0.0,2.328058,0.402413,0.085981,32.435257,-42.654367,-80.530122,1.362184,0.40413,4.870206,0.09,339,72.86,4.2873,10.37,1.338966,1.3,5.0,0.03,6.0,20,True,False
0.1,1,-0.860244,-0.097499,0.0,3.692544,0.686819,0.131142,32.241522,-34.427321,-81.044248,1.479331,0.5,1.0,0.1,46,69.57,7.47,8.78,1.946911,1.3,4.75,0.09,6.0,13,True,False
0.09,12,-0.555346,-0.054934,0.0,2.303803,0.394806,0.084615,32.332126,-43.212374,-80.939745,1.36479,0.401709,5.11396,0.09,351,74.07,4.0404,8.01,1.290695,1.0,5.0,0.01,4.75,16,True,False
0.1,2,-0.794977,-0.083516,0.0,3.323563,0.608248,0.117029,32.864369,-34.267617,-77.492888,1.563712,0.465753,1.369863,0.1,73,69.86,6.5091,9.66,1.509829,1.5,4.75,0.06999999999999999,5.0,14,True,False
0.09,13,-0.552389,-0.05409,0.0,2.250997,0.388977,0.083734,32.485269,-43.186618,-81.195227,1.355563,0.398892,5.33241,0.09,361,71.47,3.9261,10.45,1.293244,1.3,5.0,0.01,5.75,20,True,False
0.1,3,-0.717769,-0.076183,0.0,3.016386,0.5602,0.113045,33.296904,-35.04836,-76.363423,1.559452,0.471074,2.016529,0.1,121,72.73,6.5735,11.05,1.648247,1.4,5.0,0.09999999999999999,5.25,19,True,False
0.09,14,-0.55102,-0.053416,0.0,2.245539,0.382641,0.082874,32.45097,-43.529583,-81.601475,1.360165,0.399464,5.61126,0.09,373,71.31,4.2551,8.11,1.203732,1.3,5.0,0.05,5.75,12,True,False
0.1,4,-0.706679,-0.073268,0.0,2.921264,0.52642,0.106933,32.450578,-38.239903,-77.306768,1.562065,0.477419,2.451613,0.1,155,74.84,5.5672,10.64,1.464649,1.3,5.0,0.14,5.5,19,True,False
0.09,15,-0.54547,-0.052491,0.0,2.21251,0.377565,0.082234,32.559459,-43.669638,-81.911845,1.359658,0.411458,5.880208,0.09,384,72.14,3.9069,9.72,1.157831,1.3,4.75,0.09999999999999999,4.75,17,True,False
0.1,5,-0.663848,-0.068971,0.0,2.770002,0.502782,0.102586,32.517172,-38.986457,-77.121077,1.491105,0.470588,2.887701,0.1,187,77.01,5.7829,9.9,1.51595,1.3,4.5,0.02,4.75,18,True,False
0.1,6,-0.635372,-0.06562,0.0,2.669494,0.475498,0.097942,32.378104,-40.388036,-78.322617,1.450787,0.449761,3.215311,0.1,209,77.03,6.0725,9.81,1.453645,1.3,4.5,0.14,5.25,17,True,False
0.1,7,-0.641969,-0.064791,0.0,2.602936,0.468097,0.096903,32.377551,-40.993896,-79.207832,1.460685,0.437229,3.575758,0.1,231,76.19,6.3997,9.7,1.542803,1.4,5.0,0.04,5.5,17,True,False
0.1,8,-0.644783,-0.064575,0.0,2.547246,0.458616,0.095718,32.349539,-41.295973,-79.613618,1.442108,0.431452,3.879032,0.1,248,78.23,6.1821,9.43,1.569642,1.3,5.0,0.03,5.5,17,True,False
0.1,9,-0.620141,-0.061973,0.0,2.480918,0.442464,0.092875,32.333399,-42.04021,-80.06751,1.425525,0.425926,4.296296,0.1,270,76.67,5.9995,9.53,1.521489,1.3,5.0,0.14,5.5,17,True,False
0.1,10,-0.605549,-0.060182,0.0,2.42925,0.429401,0.090702,32.135262,-43.151226,-80.603762,1.401955,0.42069,4.689655,0.1,290,73.1,4.9074,9.11,1.437628,1.3,4.75,0.04,5.75,16,True,False
0.1,11,-0.588073,-0.058411,0.0,2.393378,0.414559,0.088647,32.106492,-43.762052,-80.918196,1.388717,0.415584,5.058442,0.1,308,76.95,4.7422,8.38,1.267426,1.0,4.25,0.24000000000000002,4.75,18,True,False
0.11,1,-0.887455,-0.10323,0.0,3.932545,0.703007,0.138165,31.689384,-36.422602,-82.900975,1.547602,0.472222,1.0,0.11,36,72.22,9.2239,10.67,2.201144,1.3,5.0,0.12,4.0,18,True,False
0.1,12,-0.580933,-0.05745,0.0,2.391885,0.409015,0.087565,32.048137,-44.118902,-81.098411,1.388046,0.413249,5.255521,0.1,317,71.92,4.7778,8.77,1.26203,1.3,4.75,0.27,5.5,14,True,False
0.11,2,-0.844595,-0.089286,0.0,3.520246,0.615917,0.122311,32.163387,-36.643744,-79.485237,1.704211,0.508475,1.389831,0.11,59,69.49,7.7747,9.41,1.926051,1.4,5.0,0.14,5.75,14,True,False
0.1,13,-0.579264,-0.056451,0.0,2.311111,0.400362,0.086238,32.125046,-44.395306,-81.620197,1.370742,0.40303,5.560606,0.1,330,73.64,4.565,9.52,1.383122,1.3,5.0,0.02,5.5,17,True,False
0.1,14,-0.575183,-0.055618,0.0,2.295306,0.393327,0.085111,32.076507,-44.708627,-81.921682,1.378433,0.407625,5.832845,0.1,341,70.97,4.5058,7.99,1.268088,1.3,4.25,0.05,5.25,12,True,False
0.11,3,-0.759423,-0.078375,0.0,3.112966,0.563581,0.116317,33.133045,-35.839692,-76.872504,1.592268,0.486239,2.12844,0.11,109,75.23,8.3104,10.07,2.008781,1.4,5.0,0.02,5.0,17,True,False
0.11,4,-0.738675,-0.077459,0.0,3.036143,0.543401,0.112245,32.248777,-38.985262,-78.107104,1.615339,0.5,2.477612,0.11,134,76.87,7.273,10.99,1.690545,1.5,4.75,0.03,4.75,18,True,False
0.1,15,-0.574336,-0.055025,0.0,2.267537,0.388404,0.084733,32.20067,-44.703075,-82.194745,1.375922,0.414286,6.068571,0.1,350,71.43,3.921,10.48,1.289315,1.3,5.0,0.08,6.0,20,True,False
0.11,5,-0.698359,-0.072508,0.0,2.803127,0.51104,0.106034,32.06838,-40.553713,-77.937052,1.52054,0.487952,2.963855,0.11,166,66.87,5.64,6.35,1.206122,1.8,4.0,0.18000000000000002,5.0,7,True,False
0.11,6,-0.68134,-0.069746,0.0,2.76104,0.49024,0.102289,31.902134,-41.847961,-79.099173,1.490626,0.480874,3.245902,0.11,183,75.96,6.0391,10.13,1.633564,1.3,4.75,0.04,6.0,19,True,False
0.11,7,-0.673686,-0.067908,0.0,2.696794,0.479381,0.099945,31.898917,-42.479414,-79.927811,1.496463,0.461165,3.665049,0.11,206,77.18,6.3647,9.8,1.601674,1.3,4.5,0.11,5.5,18,True,False
0.11,8,-0.680005,-0.067902,0.0,2.627214,0.47268,0.098868,31.85695,-42.821018,-80.312004,1.477142,0.452055,3.922374,0.11,219,76.71,6.9072,9.7,1.659574,1.4,4.75,0.03,4.75,17,True,False
0.11,9,-0.66709,-0.065993,0.0,2.613882,0.459888,0.09711,31.919074,-43.236254,-80.739272,1.472222,0.450216,4.186147,0.11,231,74.46,5.2819,8.9,1.497813,1.0,5.0,0.14,5.75,20,True,False
0.11,10,-0.649326,-0.063771,0.0,2.531643,0.443081,0.09423,31.645362,-44.647271,-81.537078,1.442371,0.448413,4.670635,0.11,252,75.4,6.2045,9.51,1.505227,1.3,4.5,0.18000000000000002,4.75,17,True,False
0.11,11,-0.627602,-0.061959,0.0,2.467435,0.428415,0.092018,31.562816,-45.243234,-81.920015,1.420455,0.436567,5.048507,0.11,268,74.25,5.259,9.68,1.506829,1.3,5.0,0.05,5.0,18,True,False
0.12,1,-0.910542,-0.102722,0.0,4.079004,0.714944,0.143594,32.189676,-37.109383,-83.832353,1.723456,0.538462,1.0,0.12,26,65.38,8.1838,10.65,1.794968,1.3,3.5,0.14,4.75,16,True,False
0.11,12,-0.617077,-0.060711,0.0,2.450553,0.419509,0.090314,31.441332,-45.857427,-82.212752,1.425168,0.44086,5.322581,0.11,279,73.12,5.0956,9.89,1.474727,1.3,4.0,0.01,4.75,20,True,False
0.12,2,-0.89751,-0.091296,0.0,3.657281,0.617842,0.125057,31.666213,-39.12349,-80.932768,1.902907,0.613636,1.409091,0.12,44,70.45,6.6803,10.32,1.599489,1.3,3.25,0.26,4.75,15,True,False
0.11,13,-0.61414,-0.060117,0.0,2.420745,0.414161,0.089455,31.460173,-45.954094,-82.395083,1.41516,0.437063,5.51049,0.11,286,74.83,5.117,9.54,1.497588,1.3,5.0,0.01,5.5,18,True,False
0.11,14,-0.604451,-0.058268,0.0,2.378417,0.400326,0.087219,31.668104,-45.671252,-82.46576,1.426996,0.445902,6.039344,0.11,305,71.8,4.7422,8.95,1.366696,1.3,4.75,0.06999999999999999,5.25,15,True,False
0.12,3,-0.829335,-0.080888,0.0,3.296454,0.572596,0.120836,32.727383,-37.918925,-78.652264,1.629733,0.488889,2.222222,0.12,90,66.67,7.0259,8.51,1.671983,1.3,4.75,0.05,5.75,12,True,False
0.11,15,-0.60288,-0.057833,0.0,2.349771,0.394302,0.086627,31.661004,-45.915467,-82.777169,1.421517,0.449045,6.296178,0.11,314,71.97,4.513,10.2,1.388481,1.3,4.5,0.060000000000000005,5.25,20,True,False
0.12,4,-0.797086,-0.081508,0.0,3.209877,0.557447,0.119059,32.009191,-40.503154,-79.550876,1.684927,0.517544,2.596491,0.12,114,74.56,7.5091,9.9,1.623435,1.3,4.0,0.01,5.0,17,True,False
0.12,5,-0.749094,-0.076431,0.0,2.984278,0.522,0.112338,31.724872,-42.35085,-79.121608,1.587602,0.503546,3.056738,0.12,141,71.63,7.2611,9.49,1.661528,1.3,4.75,0.09999999999999999,5.5,16,True,False
0.12,6,-0.724072,-0.073391,0.0,2.906849,0.503944,0.108182,31.695374,-43.06216,-79.738021,1.547473,0.487179,3.339744,0.12,156,73.72,6.7175,10.33,1.676787,1.3,4.75,0.05,5.25,20,True,False
0.12,7,-0.712348,-0.070943,0.0,2.849043,0.489408,0.104508,31.452468,-44.651854,-81.24844,1.562073,0.497207,3.810056,0.12,179,74.86,6.7521,8.7,1.665738,1.3,4.5,0.02,4.5,15,True,False
0.12,8,-0.713812,-0.070381,0.0,2.798452,0.48088,0.103218,31.400718,-44.969803,-81.631993,1.554826,0.5,4.010638,0.12,188,74.47,6.7223,8.91,1.590868,1.4,4.5,0.02,5.0,15,True,False
0.12,9,-0.715133,-0.070151,0.0,2.777964,0.475887,0.102778,31.406056,-45.20776,-81.62903,1.55698,0.502538,4.238579,0.12,197,73.1,6.7899,8.89,1.763803,1.3,4.75,0.01,5.5,16,True,False
0.12,10,-0.686294,-0.066824,0.0,2.633833,0.450793,0.098027,31.193142,-46.733179,-82.72935,1.500283,0.491071,4.933036,0.12,224,73.21,6.4124,8.98,1.575418,1.3,5.0,0.15000000000000002,5.5,16,True,False
0.12,11,-0.667014,-0.064897,0.0,2.598882,0.437236,0.095881,31.09865,-47.245661,-82.94536,1.482805,0.481013,5.265823,0.12,237,70.46,5.3693,7.8,1.516083,1.2000000000000002,4.5,0.04,5.5,14,True,False
0.13,1,-0.999497,-0.110059,0.0,3.931058,0.751803,0.147272,31.940083,-37.452579,-83.806242,1.797969,0.545455,1.0,0.13,22,72.73,10.1821,10.86,2.095873,1.3,4.5,0.04,4.0,17,True,False
0.12,12,-0.656601,-0.06359,0.0,2.573257,0.427673,0.09407,31.031326,-47.749312,-83.284166,1.475338,0.475806,5.564516,0.12,248,73.79,6.1792,10.16,1.466239,1.5,4.5,0.05,5.25,18,True,False
0.13,2,-0.969369,-0.0974,0.0,3.554895,0.65393,0.131091,32.103225,-37.232237,-80.190486,1.853649,0.589744,1.435897,0.13,39,66.67,6.4031,10.23,1.703118,1.3,5.0,0.19,4.25,15,True,False
0.12,13,-0.655336,-0.063193,0.0,2.550636,0.423457,0.093447,30.992067,-48.058798,-83.567648,1.467357,0.470356,5.711462,0.12,253,73.52,5.8283,9.07,1.584115,1.3,5.0,0.01,5.5,17,True,False
0.13,3,-0.875757,-0.085895,0.0,3.336773,0.600497,0.128293,32.98473,-36.935279,-78.078361,1.669143,0.467532,2.207792,0.13,77,72.73,7.6407,11.08,1.704958,1.4,4.5,0.22,5.75,18,True,False
0.12,14,-0.644545,-0.06167,0.0,2.523178,0.413446,0.091643,31.060313,-47.947751,-83.539428,1.477196,0.475472,6.086792,0.12,265,73.21,5.3147,8.46,1.476309,1.2000000000000002,4.75,0.03,4.5,17,True,False
0.12,15,-0.646152,-0.060852,0.0,2.469535,0.404691,0.090468,31.121027,-48.165385,-83.903845,1.460513,0.469314,6.472924,0.12,277,71.12,5.0713,9.96,1.496251,1.3,4.5,0.01,5.75,20,True,False
0.13,4,-0.828276,-0.085124,0.0,3.285726,0.575862,0.123959,31.726526,-41.062378,-79.994364,1.728052,0.5,2.62,0.13,100,76.0,7.8342,10.44,1.823812,1.4,4.5,0.03,6.0,18,True,False
0.13,5,-0.782566,-0.081614,0.0,3.074734,0.552631,0.119174,31.59166,-42.143602,-79.104199,1.635467,0.487603,3.033058,0.13,121,71.07,7.319,8.32,1.818319,1.3,4.75,0.02,5.5,13,True,False
0.13,6,-0.762005,-0.07781,0.0,2.973142,0.524729,0.113609,31.535152,-43.186446,-80.048997,1.570142,0.464286,3.435714,0.13,140,76.43,7.1148,9.49,1.839375,1.3,5.0,0.02,5.75,18,True,False
0.13,7,-0.751136,-0.074181,0.0,2.902694,0.505012,0.108724,31.36272,-44.848594,-81.462807,1.585104,0.490798,3.93865,0.13,163,74.85,6.5323,9.4,1.784802,1.3,4.75,0.01,5.75,18,True,False
0.13,8,-0.750324,-0.073711,0.0,2.844056,0.496631,0.107352,31.260814,-45.258297,-81.710337,1.569679,0.482353,4.105882,0.13,170,71.18,6.2117,7.62,1.618762,1.3,4.0,0.03,5.75,12,True,False
0.13,9,-0.74838,-0.073348,0.0,2.808966,0.490088,0.10676,31.314251,-45.336986,-81.648245,1.570601,0.483333,4.377778,0.13,180,70.56,6.4056,8.46,1.605961,1.3,5.0,0.18000000000000002,4.5,14,True,False
0.13,10,-0.732204,-0.071002,0.0,2.688318,0.470333,0.103086,31.11106,-46.612295,-82.783177,1.532194,0.479798,4.888889,0.13,198,74.24,6.3738,9.76,1.685089,1.4,4.75,0.01,5.0,18,True,False
0.13,11,-0.704918,-0.068464,0.0,2.652181,0.452934,0.099974,31.004658,-47.127725,-83.038482,1.509466,0.466981,5.292453,0.13,212,69.81,5.374,7.26,1.555719,1.2000000000000002,5.0,0.02,5.75,12,True,False
0.14,1,-1.061067,-0.116241,0.0,3.860784,0.785857,0.154202,32.337159,-36.040703,-83.532635,1.87153,0.6,1.0,0.14,20,70.0,10.2583,10.75,2.198104,1.3,4.5,0.060000000000000005,4.0,17,True,False
0.13,12,-0.694414,-0.06724,0.0,2.63436,0.445114,0.098468,30.91204,-47.756241,-83.432347,1.504942,0.463636,5.536364,0.13,220,74.09,5.9313,9.41,1.657519,1.3,4.5,0.03,5.5,18,True,False
0.14,2,-0.993245,-0.101019,0.0,3.69053,0.67873,0.134493,31.697786,-38.582134,-81.453332,2.012431,0.666667,1.393939,0.14,33,66.67,7.5216,9.85,2.02631,1.4,3.75,0.14,5.25,15,True,False
0.13,13,-0.69551,-0.066864,0.0,2.598571,0.439509,0.097687,30.910833,-47.965846,-83.802231,1.487393,0.451327,5.734513,0.13,226,72.12,5.6066,9.8,1.669147,1.3,4.5,0.02,5.75,20,True,False
0.14,3,-0.926798,-0.090595,0.0,3.431317,0.630877,0.134079,32.685448,-37.800896,-78.224484,1.671037,0.5,2.19697,0.14,66,68.18,8.68,8.08,1.923032,1.4,4.5,0.060000000000000005,5.75,11,True,False
0.13,14,-0.689988,-0.065851,0.0,2.589319,0.434069,0.096832,31.041463,-47.733838,-83.743631,1.490789,0.454936,5.982833,0.13,233,72.1,6.3564,10.6,1.485394,1.6,4.75,0.01,5.75,18,True,False
0.14,4,-0.908419,-0.091712,0.0,3.397719,0.600558,0.131655,31.346357,-42.158866,-80.574609,1.720127,0.505618,2.662921,0.14,89,75.28,8.986,9.93,1.989257,1.4,4.5,0.02,4.75,17,True,False
0.13,15,-0.685776,-0.065028,0.0,2.564407,0.426297,0.096012,31.132115,-47.814137,-84.005281,1.481904,0.452282,6.282158,0.13,241,70.54,5.5966,7.38,1.494548,1.3,5.0,0.06999999999999999,5.25,11,True,False
0.14,5,-0.856524,-0.087153,0.0,3.154507,0.570436,0.125386,31.476799,-42.385485,-79.291183,1.618225,0.477064,3.091743,0.14,109,75.23,8.4179,9.6,1.930233,1.3,3.75,0.02,5.0,17,True,False
0.14,6,-0.829081,-0.083199,0.0,3.093774,0.54036,0.119625,31.267913,-43.981561,-80.605446,1.571547,0.459677,3.443548,0.14,124,74.19,7.6593,10.31,1.893723,1.4,4.25,0.03,5.5,20,True,False
0.14,7,-0.822768,-0.080312,0.0,3.024596,0.522441,0.115508,31.044244,-45.297074,-81.653017,1.610605,0.492958,3.894366,0.14,142,76.06,7.8136,9.34,1.876732,1.4,4.25,0.01,6.0,17,True,False
0.14,8,-0.800236,-0.078608,0.0,2.952815,0.511205,0.112512,30.863242,-45.987363,-82.115366,1.589408,0.483444,4.139073,0.14,151,72.85,6.9418,10.25,1.808866,1.4,4.25,0.01,5.75,20,True,False
0.14,9,-0.793876,-0.077375,0.0,2.919877,0.505077,0.111589,31.09329,-45.959614,-81.816422,1.595589,0.49375,4.4125,0.14,160,75.0,7.3354,9.64,1.937356,1.3,5.0,0.01,6.0,18,True,False
0.14,10,-0.783697,-0.075319,0.0,2.836165,0.489667,0.108762,31.049761,-46.714758,-82.500417,1.579406,0.494186,4.802326,0.14,172,71.51,6.5122,9.66,1.76494,1.3,3.5,0.04,5.0,19,True,False
0.14,11,-0.753343,-0.072642,0.0,2.80924,0.471753,0.105273,30.820077,-47.641055,-82.86851,1.554083,0.483696,5.206522,0.14,184,72.28,6.385,9.58,1.740105,1.3,4.0,0.02,5.5,18,True,False
0.16,1,-1.067919,-0.136321,0.0,4.340387,0.805268,0.157112,26.966204,-49.434847,-88.651087,2.26113,0.666667,1.0,0.16,9,66.67,14.3012,11.22,2.611719,1.7000000000000002,4.25,0.25,4.25,13,True,False
0.14,12,-0.74362,-0.071339,0.0,2.817333,0.464955,0.104206,30.814604,-48.038108,-83.091352,1.584925,0.494737,5.421053,0.14,190,71.58,6.0883,9.82,1.620754,1.4,3.75,0.02,5.0,18,True,False
0.16,2,-1.188832,-0.113242,0.0,3.912242,0.752289,0.1472,30.03666,-43.554689,-83.692592,2.332669,0.666667,1.571429,0.16,21,80.95,10.1697,11.29,2.378196,1.5,4.75,0.02,5.5,17,True,False
0.14,13,-0.737585,-0.070513,0.0,2.792304,0.45767,0.103182,30.858093,-48.108812,-83.44502,1.563424,0.48731,5.690355,0.14,197,72.08,6.1618,9.13,1.709473,1.3,4.75,0.03,5.0,17,True,False
0.16,3,-0.988671,-0.095925,0.0,3.675518,0.675579,0.142215,31.715317,-41.197549,-79.142914,1.834832,0.541667,2.375,0.16,48,77.08,11.5156,10.29,2.395574,1.5,4.0,0.01,5.0,18,True,False
0.14,14,-0.73619,-0.069616,0.0,2.787355,0.450175,0.101805,30.737169,-48.653863,-83.529021,1.614635,0.492683,6.014634,0.14,205,70.24,5.5904,9.67,1.697979,1.3,4.75,0.02,5.25,19,True,False
0.14,15,-0.728525,-0.068448,0.0,2.734042,0.441943,0.10073,30.846193,-48.696526,-83.722866,1.598222,0.485981,6.392523,0.14,214,70.09,5.4876,9.91,1.659418,1.3,5.0,0.01,4.75,20,True,False
0.16,4,-1.009008,-0.097929,0.0,3.675361,0.639565,0.139788,30.399702,-44.673476,-81.496468,1.875,0.521739,2.869565,0.16,69,75.36,10.5267,6.9,2.078202,1.7000000000000002,4.75,0.03,5.5,8,True,False
0.16,5,-0.966459,-0.095681,0.0,3.364986,0.618123,0.135142,30.626304,-44.307536,-79.366794,1.747542,0.493976,3.228916,0.16,83,77.11,9.707,5.83,1.838053,2.4000000000000004,3.25,0.08,5.0,6,True,False
0.16,6,-0.906452,-0.089473,0.0,3.302332,0.579028,0.126731,30.373678,-46.184391,-80.988007,1.689742,0.489583,3.604167,0.16,96,79.17,9.9444,8.92,2.225498,1.4,5.0,0.02,5.5,17,True,False
0.16,7,-0.928945,-0.087147,0.0,3.178681,0.558673,0.123328,30.4624,-46.791844,-81.79527,1.714155,0.508929,4.089286,0.16,112,78.57,8.7055,7.99,2.158786,1.3,5.0,0.01,3.75,15,True,False
0.16,8,-0.92396,-0.085951,0.0,3.117931,0.545487,0.120741,30.251202,-47.477567,-82.276917,1.691451,0.504202,4.319328,0.16,119,74.79,8.0939,6.64,2.018776,1.3,4.5,0.01,4.25,10,True,False
0.16,9,-0.925217,-0.085435,0.0,3.086205,0.544695,0.120662,30.418113,-47.560672,-82.279334,1.690572,0.512,4.544,0.16,125,76.0,6.9758,6.83,1.986101,0.8,4.75,0.01,3.5,20,True,False
0.16,10,-0.907615,-0.082259,0.0,2.989124,0.525912,0.117138,30.442174,-48.329421,-82.920254,1.680486,0.529851,4.910448,0.16,134,72.39,7.4791,9.01,2.002655,1.3,4.75,0.01,4.0,18,True,False
0.16,11,-0.88603,-0.080116,0.0,2.944654,0.514007,0.114646,30.263431,-48.913516,-82.94116,1.65173,0.524823,5.212766,0.16,141,70.21,7.9096,11.18,1.831307,1.6,4.5,0.01,6.0,20,True,False
0.17,1,-1.117812,-0.147247,0.0,4.749405,0.852352,0.164425,24.147637,-57.451487,-95.262235,2.273358,0.625,1.0,0.17,8,87.5,21.0014,13.62,3.185652,1.6,4.0,0.09999999999999999,5.5,18,True,False
0.16,12,-0.855962,-0.077548,0.0,2.918112,0.49863,0.111628,30.220721,-49.667642,-83.557342,1.677888,0.523179,5.662252,0.16,151,68.87,6.5394,8.97,1.847461,1.3,3.25,0.02,5.0,17,True,False
0.17,2,-1.244828,-0.113354,0.0,4.131824,0.718596,0.144134,28.854317,-47.446993,-87.23271,2.517912,0.722222,1.555556,0.17,18,77.78,10.1914,11.83,2.530205,1.5,5.0,0.09,4.5,18,True,False
0.16,13,-0.84299,-0.076622,0.0,2.866238,0.489795,0.109914,30.273415,-49.52803,-83.678147,1.657463,0.515924,5.942675,0.16,157,70.06,6.2144,9.93,1.868726,1.3,5.0,0.02,5.5,20,True,False
0.16,14,-0.840384,-0.075667,0.0,2.849996,0.482211,0.108319,30.19522,-49.903176,-83.942634,1.694014,0.512195,6.286585,0.16,164,71.95,6.0885,8.08,1.78481,1.1,5.0,0.01,5.5,18,True,False
0.17,3,-1.005096,-0.098844,0.0,3.842687,0.674538,0.144933,30.978542,-43.267911,-81.623274,1.885371,0.545455,2.409091,0.17,44,79.55,12.4788,10.16,2.410258,1.5,3.25,0.17,5.25,17,True,False
0.16,15,-0.839002,-0.075109,0.0,2.812042,0.478289,0.108091,30.322797,-49.814203,-84.04882,1.68312,0.505952,6.494048,0.16,168,64.88,6.0173,7.57,1.576759,1.3,3.25,0.22,6.0,12,True,False
0.17,4,-0.992941,-0.096128,0.0,3.793774,0.637764,0.139029,30.47143,-44.774583,-81.705,1.90316,0.515625,2.90625,0.17,64,78.12,11.7253,9.61,2.363923,1.5,4.25,0.03,4.75,16,True,False
0.17,5,-0.988683,-0.098378,0.0,3.507117,0.627549,0.137636,30.381652,-45.081545,-80.658357,1.793365,0.493333,3.213333,0.17,75,81.33,10.6036,9.17,2.159005,1.4,4.25,0.14,5.75,15,True,False
0.17,6,-0.948395,-0.093653,0.0,3.435557,0.597705,0.131711,29.935837,-47.375439,-82.235909,1.742615,0.511628,3.569767,0.17,86,82.56,11.4641,8.98,2.433033,1.4,4.75,0.05,5.0,17,True,False
0.17,7,-0.999731,-0.092531,0.0,3.30105,0.580265,0.129267,30.099124,-47.558025,-82.731804,1.784509,0.535354,4.020202,0.17,99,79.8,11.4892,6.89,2.345158,1.6,4.75,0.03,5.75,9,True,False
0.17,8,-0.966132,-0.089857,0.0,3.277555,0.562507,0.12479,29.747673,-48.744068,-83.462584,1.764408,0.53271,4.317757,0.17,107,78.5,9.4269,8.78,2.250791,1.3,4.25,0.04,5.25,17,True,False
0.17,9,-0.971572,-0.089139,0.0,3.228574,0.556076,0.124331,29.978421,-48.788851,-83.642966,1.745419,0.530435,4.643478,0.17,115,74.78,8.5329,9.65,2.201942,1.3,3.5,0.09999999999999999,5.5,20,True,False
0.17,10,-0.944949,-0.086163,0.0,3.091947,0.536873,0.120409,29.983189,-49.375241,-84.11103,1.727092,0.540323,5.032258,0.17,124,74.19,7.377,8.12,2.017021,1.1,3.75,0.02,5.5,20,True,False
0.17,11,-0.921987,-0.083893,0.0,3.061595,0.522032,0.117481,29.786246,-49.940435,-84.249477,1.693127,0.534351,5.351145,0.17,131,73.28,7.49,9.34,2.021882,1.3,5.0,0.05,5.75,18,True,False
0.18,1,-1.142611,-0.151949,0.0,4.706739,0.86767,0.169499,23.520744,-59.862242,-95.520267,2.449797,0.714286,1.0,0.18,7,85.71,21.4384,13.0,3.498343,1.6,5.0,0.060000000000000005,4.75,18,True,False
0.17,12,-0.897024,-0.081587,0.0,3.046375,0.508567,0.114951,29.77602,-50.456134,-84.736528,1.726024,0.532374,5.733813,0.17,139,71.94,6.5558,5.61,1.746341,1.3,4.0,0.16,4.5,7,True,False
0.17,13,-0.88061,-0.079839,0.0,3.009297,0.498188,0.112585,29.987045,-49.89908,-84.643093,1.706951,0.534247,6.082192,0.17,146,73.29,5.8741,7.71,1.821283,1.0,4.0,0.01,5.5,18,True,False
0.18,2,-1.341418,-0.113347,0.0,4.086999,0.724531,0.148732,29.250833,-47.207403,-86.091412,2.678249,0.75,1.5625,0.18,16,75.0,9.5906,11.94,2.595866,1.5,4.0,0.02,4.75,18,True,False
0.17,14,-0.876519,-0.079142,0.0,2.97124,0.492538,0.111303,29.811996,-50.603522,-84.882746,1.756277,0.529801,6.344371,0.17,151,70.86,6.5135,9.39,1.89468,1.3,4.5,0.02,6.0,18,True,False
0.18,3,-1.082898,-0.105883,0.0,3.936628,0.704093,0.150735,30.548767,-44.243569,-82.038474,1.859275,0.540541,2.378378,0.18,37,75.68,12.5156,10.16,2.650965,1.5,4.75,0.02,5.5,17,True,False
0.17,15,-0.873082,-0.078112,0.0,2.901129,0.48721,0.110388,29.984253,-50.492426,-85.059744,1.733298,0.519231,6.621795,0.17,156,71.79,5.651,7.52,1.770562,1.1,3.5,0.01,4.0,16,True,False
0.18,4,-1.09016,-0.103625,0.0,3.79644,0.66837,0.147759,30.384879,-44.559654,-80.38922,1.805803,0.464286,2.928571,0.18,56,76.79,12.4067,10.23,2.587475,1.5,3.25,0.02,6.0,18,True,False
0.18,5,-1.022114,-0.10072,0.0,3.54798,0.637435,0.141289,30.288057,-45.622321,-80.641616,1.721043,0.485294,3.294118,0.18,68,77.94,11.4133,10.32,2.233387,1.6,4.0,0.09,3.75,17,True,False
0.18,6,-1.008223,-0.097625,0.0,3.482254,0.620348,0.137854,30.272661,-46.505722,-81.434534,1.696658,0.493151,3.479452,0.18,73,76.71,11.6468,7.97,2.306709,1.6,3.25,0.04,4.5,11,True,False
0.18,7,-1.043642,-0.095669,0.0,3.329832,0.597488,0.133458,30.273721,-47.29083,-82.281328,1.764726,0.534884,4.011628,0.18,86,80.23,10.6864,9.28,2.383902,1.4,4.25,0.01,4.0,19,True,False
0.18,8,-1.013629,-0.092663,0.0,3.259232,0.576343,0.127352,29.871374,-48.614157,-83.400538,1.7191,0.515464,4.463918,0.18,97,77.32,9.3735,9.52,2.210461,1.4,4.0,0.04,5.5,19,True,False
0.18,9,-1.015968,-0.091663,0.0,3.206982,0.568246,0.126654,30.114674,-48.673103,-83.602826,1.701755,0.514286,4.809524,0.18,105,73.33,8.328,5.9,2.149242,1.3,3.5,0.03,5.5,8,True,False
0.18,10,-1.001849,-0.088959,0.0,3.085537,0.553121,0.123488,30.111094,-49.156327,-83.891775,1.69941,0.531532,5.09009,0.18,111,70.27,7.6705,8.95,2.062166,1.3,5.0,0.03,4.75,17,True,False
0.18,11,-0.962258,-0.087052,0.0,3.049,0.537722,0.120368,29.936428,-49.391695,-83.873853,1.658886,0.525424,5.440678,0.18,118,70.34,6.6123,8.45,1.876738,1.3,3.5,0.01,5.0,15,True,False
0.18,12,-0.95223,-0.086166,0.0,3.016255,0.527998,0.118832,29.914144,-49.618995,-84.121786,1.66884,0.520325,5.707317,0.18,123,69.92,6.9247,9.8,1.904432,1.3,3.75,0.09999999999999999,4.0,20,True,False
0.19,1,-1.142611,-0.151949,0.0,4.706739,0.86767,0.169499,23.520744,-59.862242,-95.520267,2.449797,0.714286,1.0,0.19,7,85.71,15.382,7.29,3.404389,1.8,4.75,0.44,5.5,8,True,False
0.18,13,-0.929769,-0.084067,0.0,2.960634,0.515693,0.116384,30.171345,-49.22546,-84.072589,1.653902,0.530769,6.1,0.18,130,68.46,6.202,10.22,1.780364,1.4,5.0,0.06999999999999999,5.25,19,True,False
0.19,2,-1.299102,-0.115302,0.0,4.1855,0.750123,0.148832,28.920799,-47.819802,-86.304524,2.779838,0.8,1.533333,0.19,15,86.67,13.2046,11.13,2.935508,1.5,3.25,0.13,4.25,17,True,False
0.18,14,-0.914881,-0.082541,0.0,2.911177,0.505644,0.113853,29.954867,-50.07705,-84.500364,1.718585,0.525547,6.50365,0.18,137,69.34,5.986,6.77,1.723944,1.3,3.5,0.08,5.75,10,True,False
0.19,3,-1.104059,-0.107557,0.0,4.154035,0.728847,0.153196,30.32249,-44.118961,-82.032176,1.950586,0.575758,2.333333,0.19,33,78.79,13.4813,10.18,2.659423,1.6,4.5,0.03,4.75,15,True,False
0.18,15,-0.907613,-0.081705,0.0,2.86327,0.501056,0.112891,30.000025,-50.146969,-84.572007,1.704892,0.521429,6.685714,0.18,140,67.86,5.8419,9.71,1.800822,1.3,4.0,0.04,5.0,19,True,False
0.19,4,-1.118827,-0.106927,0.0,4.114892,0.695544,0.153702,29.490892,-47.24571,-82.273403,1.961246,0.5,2.804348,0.19,46,80.43,14.4525,9.72,2.933487,1.5,3.5,0.04,5.5,17,True,False
0.19,5,-1.046602,-0.102604,0.0,3.661496,0.642207,0.142779,29.733622,-47.091409,-81.481805,1.763959,0.483871,3.370968,0.19,62,77.42,12.0203,10.18,2.582397,1.7000000000000002,3.75,0.01,5.25,17,True,False
0.19,6,-1.034695,-0.100626,0.0,3.605874,0.632755,0.141213,29.867381,-47.340279,-81.825266,1.736812,0.476923,3.492308,0.19,65,76.92,11.3624,9.31,2.655504,1.4,3.5,0.01,3.75,19,True,False
0.19,7,-1.067357,-0.097744,0.0,3.392695,0.601405,0.136302,30.244935,-47.201685,-82.21098,1.78831,0.512821,4.076923,0.19,78,82.05,12.6896,9.19,2.5195,1.6,4.25,0.05,4.75,15,True,False
0.19,8,-1.03871,-0.095513,0.0,3.381499,0.583564,0.132037,29.950778,-48.079654,-82.908494,1.788299,0.52381,4.357143,0.19,84,77.38,9.9889,9.48,2.438232,1.4,4.5,0.01,5.25,19,True,False
0.19,9,-1.041101,-0.094081,0.0,3.315765,0.572038,0.130823,30.19518,-48.261154,-83.123266,1.762225,0.521739,4.76087,0.19,92,72.83,9.4592,8.58,2.486427,1.3,4.0,0.02,5.5,17,True,False
0.19,10,-1.040646,-0.092194,0.0,3.222754,0.56179,0.128548,30.09854,-49.018163,-83.233097,1.745544,0.526316,4.926316,0.19,95,72.63,8.223,9.19,2.262631,1.3,4.0,0.02,5.0,20,True,False
0.19,11,-1.001655,-0.08983,0.0,3.108333,0.540585,0.12432,29.91811,-49.530142,-83.442893,1.68236,0.509615,5.451923,0.19,104,74.04,6.5214,6.03,1.919844,0.7,4.75,0.01,4.0,15,True,False
0.19,12,-0.985501,-0.089079,0.0,3.113215,0.536413,0.123495,29.89386,-49.620206,-83.438343,1.712329,0.518868,5.575472,0.19,106,67.92,6.5743,9.52,1.848695,1.3,4.0,0.09999999999999999,3.75,20,True,False
0.19,13,-0.975082,-0.087953,0.0,3.05107,0.524644,0.121592,30.079634,-49.008096,-82.986241,1.705022,0.531532,5.90991,0.19,111,64.86,5.7748,9.33,1.856173,1.3,4.25,0.03,5.5,18,True,False
0.19,14,-0.95033,-0.085744,0.0,3.023272,0.512034,0.118393,29.746658,-50.294123,-83.545833,1.785056,0.533898,6.389831,0.19,118,65.25,7.0618,10.44,1.873345,1.6,5.0,0.04,6.0,17,True,False
0.2,2,-1.558653,-0.128697,0.0,3.973654,0.846641,0.161839,30.967836,-42.097962,-83.092691,2.74929,0.727273,1.636364,0.2,11,72.73,11.0483,10.09,2.711631,1.5,4.75,0.21000000000000002,5.5,15,True,False
0.19,15,-0.948405,-0.084534,0.0,2.941417,0.507189,0.116733,29.787334,-50.591202,-83.989103,1.752348,0.52459,6.672131,0.19,122,67.21,5.7603,9.96,1.81678,1.3,4.0,0.04,5.0,20,True,False
0.2,3,-1.143802,-0.110492,0.0,4.187554,0.735455,0.155051,30.259667,-44.689623,-83.690748,1.920579,0.571429,2.464286,0.2,28,75.0,13.9767,6.93,2.667798,1.6,4.25,0.2,4.25,8,True,False
0.2,4,-1.152633,-0.108444,0.0,4.122605,0.702979,0.158265,30.0578,-46.132684,-81.434196,1.820049,0.439024,2.95122,0.2,41,75.61,13.8964,6.12,2.775692,1.6,3.5,0.05,4.75,7,True,False
0.2,5,-1.101199,-0.10645,0.0,3.783813,0.664147,0.149569,29.954477,-46.811898,-81.636289,1.749564,0.490566,3.415094,0.2,53,75.47,12.1583,9.4,2.461501,1.5,4.25,0.15000000000000002,5.25,16,True,False
0.2,6,-1.089356,-0.102787,0.0,3.639457,0.641689,0.145353,29.972615,-47.704938,-82.256155,1.692719,0.465517,3.637931,0.2,58,77.59,10.9433,5.72,2.43084,1.4,4.75,0.02,5.25,7,True,False
0.2,7,-1.126892,-0.100692,0.0,3.42401,0.613763,0.14139,30.220505,-48.040175,-82.809683,1.772895,0.507246,4.173913,0.2,69,78.26,11.9327,6.25,2.413812,1.4,3.75,0.11,5.5,8,True,False
0.2,8,-1.103489,-0.09919,0.0,3.425288,0.600678,0.138001,29.925528,-48.878298,-83.549974,1.773774,0.506849,4.383562,0.2,73,76.71,11.2255,6.21,2.340077,1.4,4.5,0.060000000000000005,5.25,8,True,False
0.2,9,-1.110087,-0.098095,0.0,3.352215,0.59077,0.136927,30.200547,-48.953269,-83.857595,1.718993,0.5,4.7875,0.2,80,73.75,11.1815,9.44,2.324169,1.6,3.25,0.02,4.25,15,True,False
0.2,10,-1.094173,-0.094843,0.0,3.260226,0.572149,0.132671,29.887068,-50.336211,-84.357915,1.707377,0.517647,5.094118,0.2,85,71.76,10.5174,7.16,2.080347,1.7000000000000002,4.25,0.03,4.5,9,True,False
0.2,11,-1.066854,-0.092684,0.0,3.165431,0.557195,0.129321,29.779111,-50.709122,-84.563671,1.666188,0.505495,5.483516,0.2,91,72.53,6.3833,6.59,1.964419,0.7,4.75,0.01,5.25,20,True,False
0.2,12,-1.031559,-0.091629,0.0,3.144436,0.546766,0.127104,29.725967,-50.767919,-84.616053,1.693307,0.515789,5.757895,0.2,95,65.26,6.7962,6.44,1.680039,1.3,3.5,0.12,3.75,9,True,False
0.2,13,-1.026359,-0.090581,0.0,3.116844,0.536807,0.125452,29.819321,-50.397842,-84.257711,1.694364,0.535354,6.050505,0.2,99,60.61,5.2971,9.14,1.685504,1.3,5.0,0.02,6.0,17,True,False
0.2,14,-1.004899,-0.088136,0.0,3.120068,0.524578,0.122301,29.551862,-51.517823,-84.692101,1.791828,0.542857,6.504762,0.2,105,69.52,5.4896,6.2,1.684626,0.7,3.75,0.04,5.25,17,True,False
0.22,2,-1.658351,-0.135367,0.0,4.815227,0.689405,0.147951,24.845863,-57.190655,-92.054001,3.286231,0.714286,1.571429,0.22,7,57.14,9.5774,12.29,1.590122,1.4,3.75,0.24000000000000002,3.75,16,True,False
0.2,15,-0.992915,-0.087145,0.0,3.026046,0.518232,0.119984,29.388911,-52.0962,-85.156038,1.762489,0.541284,6.816514,0.2,109,66.06,7.1213,6.64,1.632633,1.6,5.0,0.06999999999999999,5.5,8,True,False
0.22,3,-1.157311,-0.11979,0.0,4.697785,0.714941,0.154247,27.776002,-49.840916,-85.787112,1.938171,0.55,2.5,0.22,20,75.0,16.7782,7.35,2.582101,2.1,4.75,0.12,4.5,8,True,False
0.22,4,-1.149772,-0.110636,0.0,4.456466,0.699891,0.154889,27.971671,-51.280785,-82.288509,1.893539,0.451613,3.032258,0.22,31,83.87,15.9774,6.77,2.49681,2.3,4.25,0.29000000000000004,5.75,7,True,False
0.22,5,-1.083631,-0.104381,0.0,3.993901,0.64243,0.147139,28.805479,-50.26759,-81.262796,1.760613,0.47619,3.547619,0.22,42,78.57,12.6541,10.0,2.649975,1.5,4.25,0.02,5.75,20,True,False
0.22,6,-1.141554,-0.107005,0.0,3.777877,0.635507,0.147342,28.684183,-51.024743,-82.79992,1.668459,0.458333,3.854167,0.22,48,75.0,11.0105,10.48,2.609771,1.5,4.75,0.02,5.0,20,True,False
0.22,7,-1.161489,-0.103569,0.0,3.625144,0.612678,0.143567,29.055554,-51.332574,-83.256319,1.795487,0.490909,4.254545,0.22,55,74.55,12.1926,9.11,2.65768,1.5,4.0,0.02,6.0,16,True,False
0.22,8,-1.151678,-0.103848,0.0,3.571803,0.614367,0.143579,29.086134,-51.534061,-83.485005,1.776469,0.482143,4.321429,0.22,56,75.0,13.6264,6.55,2.685605,1.6,4.25,0.17,4.5,8,True,False
0.22,9,-1.158729,-0.101394,0.0,3.501687,0.591442,0.141623,29.301115,-51.547739,-84.100026,1.717754,0.459016,4.704918,0.22,61,77.05,11.5061,5.9,2.680958,1.3,3.25,0.05,4.25,8,True,False
0.22,10,-1.142698,-0.097553,0.0,3.358351,0.569335,0.135897,28.967995,-53.038598,-84.777025,1.695899,0.484848,5.106061,0.22,66,74.24,9.72,5.82,2.339398,1.3,4.25,0.04,4.25,8,True,False
0.22,11,-1.086156,-0.094462,0.0,3.365193,0.553046,0.130991,28.442691,-54.425508,-85.378614,1.674966,0.5,5.597222,0.22,72,80.56,6.7626,5.4,2.155317,0.7,5.0,0.03,5.0,15,True,False
0.22,12,-1.059087,-0.094498,0.0,3.301503,0.543343,0.128947,28.400588,-54.450091,-85.767189,1.659531,0.5,5.934211,0.22,76,72.37,7.9965,6.3,1.996369,1.3,4.5,0.02,5.0,9,True,False
0.22,13,-1.049502,-0.09302,0.0,3.238274,0.531492,0.126983,28.688634,-53.69585,-85.325534,1.662452,0.525,6.2875,0.22,80,70.0,7.3104,6.35,1.839354,1.3,3.75,0.04,3.75,9,True,False
0.22,14,-1.025622,-0.090589,0.0,3.267412,0.518358,0.123471,28.247974,-55.186633,-85.814149,1.79369,0.541176,6.741176,0.22,85,71.76,7.8353,5.82,1.971905,1.3,3.75,0.03,6.0,8,True,False
0.24,2,-1.000218,-0.085111,0.0,5.705367,0.505363,0.121428,22.711505,-67.388268,-94.510166,4.275109,1.0,1.4,0.24,5,80.0,9.9852,13.2,1.709598,1.8,3.25,0.02,5.25,18,True,False
0.22,15,-1.029589,-0.089396,0.0,3.149346,0.511293,0.121919,28.340671,-55.441026,-86.337178,1.796101,0.550562,7.11236,0.22,89,67.42,6.4691,9.47,1.853958,1.3,3.25,0.01,5.0,20,True,False
0.24,3,-1.454608,-0.143696,0.0,4.860263,0.79907,0.167624,26.546326,-51.954468,-87.039547,2.337558,0.538462,2.384615,0.24,13,76.92,20.2481,9.62,3.387884,1.4,3.5,0.12,4.25,18,True,False
0.24,4,-1.36778,-0.126327,0.0,4.691281,0.738496,0.166364,26.763866,-53.715626,-83.091696,2.247731,0.454545,3.045455,0.24,22,77.27,16.0155,6.36,2.858603,1.8,4.5,0.15000000000000002,5.5,7,True,False
0.24,5,-1.237012,-0.11832,0.0,4.030871,0.692164,0.15972,28.55829,-50.174074,-80.864396,1.978856,0.433333,3.566667,0.24,30,80.0,17.6483,9.27,3.51985,1.5,3.5,0.04,3.75,18,True,False
0.24,6,-1.277645,-0.11995,0.0,3.781981,0.677805,0.156672,28.383685,-51.140807,-81.913751,1.841562,0.4,3.914286,0.24,35,77.14,15.0671,9.86,3.213613,1.5,4.75,0.05,4.75,18,True,False
0.24,7,-1.283227,-0.117002,0.0,3.685262,0.658452,0.15189,28.195145,-52.944753,-83.0085,2.014183,0.435897,4.230769,0.24,39,79.49,14.8969,5.79,3.164195,1.5,4.0,0.05,3.75,7,True,False
0.24,8,-1.266448,-0.117057,0.0,3.609082,0.659672,0.151699,28.259466,-53.186531,-83.334856,1.982091,0.425,4.325,0.24,40,77.5,14.7839,9.7,3.090036,1.5,3.5,0.05,4.75,18,True,False
0.24,9,-1.234247,-0.112466,0.0,3.583075,0.642758,0.150068,28.6228,-52.667183,-83.697176,1.907249,0.395349,4.651163,0.24,43,81.4,15.1741,6.09,2.946017,2.0,4.5,0.17,3.75,7,True,False
0.24,10,-1.242087,-0.111442,0.0,3.4902,0.625252,0.147554,28.604838,-53.038876,-83.823342,1.881777,0.425532,5.106383,0.24,47,76.6,15.0232,6.66,2.908992,1.9000000000000001,5.0,0.01,5.25,8,True,False
0.24,11,-1.176171,-0.104395,0.0,3.322176,0.587952,0.138128,28.297062,-54.739108,-84.685946,1.804997,0.454545,5.963636,0.24,55,70.91,8.6209,9.2,2.306834,1.3,4.0,0.02,4.25,20,True,False
0.24,12,-1.165064,-0.103245,0.0,3.241561,0.579598,0.137038,28.216356,-55.132911,-85.241467,1.743522,0.440678,6.372881,0.24,59,67.8,9.4754,8.22,2.100356,1.4,5.0,0.01,5.25,13,True,False
0.24,13,-1.139114,-0.100444,0.0,3.245724,0.565309,0.133494,28.344026,-54.701721,-85.555243,1.715681,0.460317,6.793651,0.24,63,65.08,8.3928,7.3,2.028059,1.3,3.25,0.03,5.0,12,True,False
0.24,14,-1.114336,-0.099724,0.0,3.196543,0.554609,0.131384,27.970056,-55.980503,-85.706421,1.863189,0.484848,7.121212,0.24,66,69.7,8.5318,7.64,2.123719,1.3,5.0,0.03,5.0,13,True,False
0.24,15,-1.123058,-0.097062,0.0,3.130972,0.541287,0.127709,27.972604,-56.424116,-86.426372,1.833522,0.478873,7.676056,0.24,71,64.79,7.488,8.66,2.02153,1.3,3.25,0.02,4.5,16,True,False
0.26,2,-1.02916,-0.089701,0.0,5.610502,0.519051,0.124602,22.371924,-68.462026,-92.839633,4.341116,1.0,1.6,0.26,5,80.0,11.8236,13.0,1.957697,1.9000000000000001,2.75,0.12,5.25,18,True,False
0.26,3,-1.106404,-0.12469,0.0,5.353037,0.756392,0.158036,25.489675,-56.847529,-89.102839,2.650397,0.636364,2.363636,0.26,11,81.82,20.8884,6.0,3.481408,2.4000000000000004,3.25,0.05,4.0,6,True,False
0.26,4,-1.233731,-0.131586,0.0,5.37592,0.751992,0.170846,24.408598,-60.946071,-87.165249,2.520774,0.588235,2.941176,0.26,17,88.24,23.07,6.41,4.045908,2.0,2.75,0.04,5.25,7,True,False
0.26,5,-1.387005,-0.133191,0.0,4.514975,0.742366,0.169777,26.860186,-54.990044,-83.726561,2.257224,0.545455,3.409091,0.26,22,81.82,20.4082,6.41,3.630632,1.8,2.5,0.27,3.75,7,True,False
0.26,6,-1.373055,-0.126629,0.0,4.380668,0.702133,0.16395,26.915684,-55.549644,-84.212444,2.173786,0.52,3.72,0.26,25,84.0,20.2423,11.36,3.241579,1.9000000000000001,3.5,0.02,4.5,20,True,False
0.26,7,-1.543888,-0.132872,0.0,4.240004,0.696539,0.166436,26.927336,-56.367177,-85.048609,2.366182,0.535714,4.071429,0.26,28,85.71,17.2472,10.57,2.987588,1.4,4.5,0.060000000000000005,3.75,20,True,False
0.26,8,-1.540673,-0.132928,0.0,4.11299,0.690718,0.166436,27.023271,-56.56972,-85.227715,2.322224,0.517241,4.206897,0.26,29,82.76,17.8236,6.38,3.197486,1.9000000000000001,4.25,0.21000000000000002,5.75,7,True,False
0.26,9,-1.459388,-0.128637,0.0,3.929828,0.679918,0.162017,27.728678,-54.392388,-84.271762,2.187538,0.46875,4.65625,0.26,32,84.38,16.9395,6.34,3.060135,1.9000000000000001,3.0,0.12,4.75,7,True,False
0.26,10,-1.462467,-0.125484,0.0,3.782741,0.656002,0.161002,28.262764,-53.850258,-84.124284,2.131032,0.485714,5.114286,0.26,35,77.14,14.1614,12.86,2.422742,1.8,4.75,0.06999999999999999,5.25,20,True,False
0.26,11,-1.335679,-0.114189,0.0,3.576344,0.607493,0.145912,27.483996,-56.781837,-84.873007,1.99958,0.534884,6.209302,0.26,43,65.12,8.7552,11.58,1.712686,1.6,4.75,0.18000000000000002,5.5,19,True,False
0.26,12,-1.327043,-0.11188,0.0,3.460704,0.598199,0.144921,27.642482,-56.535497,-85.013128,1.911109,0.5,6.586957,0.26,46,73.91,9.9925,5.91,1.812191,1.4,3.0,0.22,4.75,7,True,False
0.26,13,-1.327043,-0.11188,0.0,3.460704,0.598199,0.144921,27.642482,-56.535497,-85.013128,1.911109,0.5,6.586957,0.26,46,71.74,10.4078,6.22,1.838426,1.9000000000000001,3.25,0.24000000000000002,6.0,7,True,False
0.26,14,-1.239186,-0.108841,0.0,3.366095,0.575956,0.139127,27.131135,-58.501384,-85.427578,2.101238,0.54902,7.313725,0.26,51,72.55,11.0692,6.2,1.950668,2.0,3.25,0.060000000000000005,5.75,7,True,False
0.26,15,-1.260512,-0.107934,0.0,3.357549,0.568249,0.1381,27.123303,-58.612496,-85.915323,2.121244,0.54717,7.603774,0.26,53,71.7,10.5668,6.26,1.838374,2.0,2.75,0.23,6.0,7,True,False
0.28,2,-1.059869,-0.09523,0.0,5.640078,0.540274,0.130243,22.020631,-69.156781,-92.446983,4.294582,1.0,1.8,0.28,5,80.0,11.4434,6.2,2.37649,0.8,4.25,0.23,3.5,7,True,False
0.28,3,-1.096103,-0.114703,0.0,5.611376,0.655955,0.141631,24.38679,-60.043222,-89.805696,2.94592,0.666667,2.333333,0.28,9,66.67,18.2936,6.0,3.058364,1.6,3.75,0.11,2.0,7,True,False
0.28,4,-1.413577,-0.148392,0.0,5.198818,0.800023,0.186804,25.141652,-59.900046,-85.961854,2.218115,0.5,2.928571,0.28,14,85.71,19.9098,6.93,4.000103,0.7,3.5,0.21000000000000002,4.5,15,True,False
0.28,5,-1.345417,-0.138551,0.0,5.105788,0.755484,0.177286,24.727267,-61.196149,-86.631354,2.340233,0.5625,3.1875,0.28,16,87.5,25.795,10.12,3.824416,1.5,4.5,0.05,4.25,18,True,False
0.28,6,-1.584303,-0.142832,0.0,4.669777,0.711015,0.176314,25.0784,-60.410075,-87.198791,2.204145,0.526316,3.631579,0.28,19,84.21,19.0946,6.16,3.485163,1.3,4.75,0.2,2.25,7,True,False
0.28,7,-1.765714,-0.151143,0.0,4.601454,0.717572,0.180949,25.237018,-60.404298,-87.380563,2.482324,0.52381,3.952381,0.28,21,80.95,18.5279,6.52,3.271082,1.9000000000000001,4.0,0.24000000000000002,5.25,7,True,False
0.28,8,-1.751393,-0.150386,0.0,4.417597,0.708943,0.180289,25.440309,-60.487781,-87.51066,2.4191,0.5,4.136364,0.28,22,90.91,17.0612,6.91,3.20248,0.8,4.25,0.03,6.0,15,True,False
0.28,9,-1.675555,-0.147355,0.0,4.148572,0.689059,0.173951,26.000537,-57.960762,-85.914713,2.419523,0.541667,4.541667,0.28,24,91.67,16.2167,7.0,3.11559,0.8,2.75,0.05,5.5,18,True,False
0.28,10,-1.655528,-0.141189,0.0,3.933599,0.657041,0.171309,26.884887,-56.861515,-85.540988,2.320499,0.555556,5.148148,0.28,27,77.78,14.7664,6.15,2.729432,1.4,4.25,0.13,5.75,7,True,False
0.28,11,-1.513225,-0.132919,0.0,3.858932,0.630225,0.161195,26.77114,-57.064975,-85.017627,2.197987,0.5625,6.0625,0.28,32,78.12,11.6439,6.34,2.383669,0.8,3.25,0.11,3.0,13,True,False
0.28,12,-1.513225,-0.132919,0.0,3.858932,0.630225,0.161195,26.77114,-57.064975,-85.017627,2.197987,0.5625,6.0625,0.28,32,75.0,12.0117,6.19,2.411291,0.8,4.0,0.04,6.0,12,True,False
0.28,13,-1.484524,-0.130572,0.0,3.823508,0.622575,0.158401,26.362408,-58.101351,-84.921507,2.203245,0.575758,6.272727,0.28,33,75.76,12.5297,6.03,2.349412,1.4,4.75,0.08,5.5,7,True,False
0.28,14,-1.352341,-0.124879,0.0,3.731516,0.593519,0.149508,25.418418,-61.511416,-85.69043,2.409164,0.605263,7.289474,0.28,38,78.95,12.0844,5.84,2.375068,1.3,3.25,0.13,4.5,7,True,False
0.28,15,-1.390444,-0.1196,0.0,3.551863,0.575742,0.143604,25.325463,-62.008633,-87.165692,2.352215,0.627907,8.186047,0.28,43,79.07,8.8642,7.51,1.959703,0.8,3.75,0.03,3.5,18,True,False
0.3,3,-1.263395,-0.129017,0.0,5.785739,0.723288,0.156855,24.157885,-60.563592,-89.369041,2.971803,0.714286,2.428571,0.3,7,100.0,24.9637,6.86,3.619675,2.0,3.5,0.03,6.0,7,True,False
0.3,4,-1.630195,-0.170445,0.0,5.477578,0.88533,0.206422,24.265735,-61.65319,-87.841138,2.242414,0.545455,3.0,0.3,11,100.0,29.3234,6.55,5.014132,1.9000000000000001,4.25,0.03,5.75,7,True,False
0.3,5,-1.465555,-0.1501,0.0,5.115671,0.801391,0.190112,24.638876,-61.710115,-86.060265,2.302633,0.571429,3.428571,0.3,14,100.0,25.7485,6.57,4.349363,1.8,4.25,0.28,4.25,7,True,False
0.3,6,-1.711345,-0.152847,0.0,4.62662,0.743588,0.186762,25.046917,-60.740862,-86.795239,2.15717,0.529412,3.882353,0.3,17,100.0,24.7804,10.12,3.517286,1.5,3.75,0.17,3.25,18,True,False
0.3,7,-1.898479,-0.160978,0.0,4.555648,0.747407,0.190785,25.225546,-60.699657,-87.038625,2.469575,0.526316,4.210526,0.3,19,89.47,18.7594,6.79,3.536092,0.8,2.75,0.05,5.0,16,True,False
0.3,8,-1.876087,-0.159653,0.0,4.355696,0.736423,0.189567,25.44974,-60.77672,-87.198828,2.400666,0.5,4.4,0.3,20,80.0,17.3562,5.7,3.415761,0.8,4.75,0.03,1.5,8,True,False
0.3,9,-1.786749,-0.158232,0.0,4.227373,0.725151,0.185749,25.697096,-59.057572,-85.980937,2.415502,0.52381,4.619048,0.3,21,76.19,13.9935,4.76,3.195957,0.8,4.5,0.04,5.25,6,True,False
0.3,10,-1.818471,-0.158425,0.0,4.108499,0.707848,0.185435,25.979137,-58.858163,-85.886169,2.402518,0.545455,4.863636,0.3,22,81.82,16.2149,6.09,3.184068,0.8,3.5,0.03,5.75,11,True,False
0.3,11,-1.633879,-0.144144,0.0,3.96362,0.66678,0.172865,26.35301,-58.160168,-85.112444,2.211011,0.555556,6.0,0.3,27,85.19,13.6087,6.74,2.758519,0.8,3.0,0.01,3.75,16,True,False
0.3,12,-1.619605,-0.143293,0.0,3.878658,0.663633,0.172254,26.705553,-57.484585,-85.492509,2.154676,0.535714,6.214286,0.3,28,85.71,13.0457,5.25,2.685241,0.8,4.5,0.09,5.5,7,True,False
0.3,13,-1.583277,-0.140264,0.0,3.837667,0.653775,0.168693,26.242705,-58.649441,-85.366757,2.162152,0.551724,6.448276,0.3,29,82.76,14.1293,6.34,2.478506,1.5,3.5,0.060000000000000005,5.5,7,True,False
0.3,14,-1.464082,-0.132512,0.0,3.819182,0.622959,0.159051,25.245569,-62.12308,-85.843003,2.43444,0.575758,7.363636,0.3,33,84.85,12.9029,7.09,2.743262,0.8,3.5,0.04,3.0,19,True,False
0.3,15,-1.451455,-0.126729,0.0,3.534458,0.599585,0.151158,25.131438,-62.586169,-86.833071,2.388515,0.631579,8.368421,0.3,38,76.32,9.6949,6.42,2.092003,0.8,3.25,0.09999999999999999,4.75,12,True,False
0.35,3,-1.226587,-0.114439,0.0,5.854604,0.637164,0.14896,23.195076,-64.241568,-89.856212,3.626661,0.8,2.2,0.35,5,100.0,15.0977,6.8,2.27434,1.5,4.25,0.15000000000000002,2.25,7,True,False
0.35,4,-1.55689,-0.149967,0.0,5.997607,0.775597,0.194207,23.20336,-64.590803,-90.931601,2.614289,0.5,2.875,0.35,8,100.0,22.1359,6.88,3.235727,1.6,3.25,0.060000000000000005,5.25,7,True,False
0.35,5,-1.535279,-0.160638,0.0,5.252043,0.820426,0.20541,24.96149,-60.766632,-86.367734,2.287801,0.4,3.3,0.35,10,100.0,24.7895,6.7,3.921325,1.6,2.5,0.2,2.5,7,True,False
0.35,6,-1.535279,-0.160638,0.0,5.252043,0.820426,0.20541,24.96149,-60.766632,-86.367734,2.287801,0.4,3.3,0.35,10,100.0,21.027,5.4,4.008308,0.8,3.0,0.060000000000000005,3.75,7,True,False
0.35,7,-1.57289,-0.145374,0.0,4.895267,0.747836,0.194651,26.622216,-57.826024,-85.377542,2.720718,0.538462,4.153846,0.35,13,100.0,22.6054,6.62,3.547706,1.6,2.5,0.19,3.5,7,True,False
0.35,8,-1.57289,-0.145374,0.0,4.895267,0.747836,0.194651,26.622216,-57.826024,-85.377542,2.720718,0.538462,4.153846,0.35,13,92.31,21.0146,6.77,3.227434,2.2,3.5,0.27,2.0,7,True,False
0.35,9,-1.865356,-0.158973,0.0,4.367825,0.732879,0.19618,26.922791,-57.70933,-86.543409,2.495347,0.533333,4.8,0.35,15,86.67,16.5564,5.73,3.244708,0.8,2.75,0.05,4.0,8,True,False
0.35,10,-1.90406,-0.159191,0.0,4.195594,0.708604,0.195097,27.233992,-57.519409,-86.377948,2.472503,0.5625,5.125,0.35,16,87.5,14.3752,5.38,2.891027,0.7,3.0,0.21000000000000002,1.75,7,True,False
0.35,11,-1.850067,-0.152053,0.0,4.102147,0.696942,0.194961,28.296108,-54.800406,-84.056224,2.374728,0.529412,5.470588,0.35,17,94.12,18.3562,6.65,2.856507,1.4,3.5,0.15000000000000002,3.5,7,True,False
0.35,12,-1.850067,-0.152053,0.0,4.102147,0.696942,0.194961,28.296108,-54.800406,-84.056224,2.374728,0.529412,5.470588,0.35,17,94.12,18.6055,6.71,2.901372,1.6,4.0,0.09,5.25,7,True,False
0.35,13,-1.81128,-0.150234,0.0,4.055179,0.687674,0.189872,28.098595,-55.55746,-84.932152,2.333417,0.555556,5.888889,0.35,18,94.44,18.4793,6.61,2.888288,1.3,4.5,0.15000000000000002,5.25,7,True,False
0.35,14,-1.661037,-0.144349,0.0,4.106192,0.669859,0.180528,27.068257,-58.580938,-85.798094,2.298006,0.55,6.7,0.35,20,95.0,17.4359,6.5,2.831656,1.6,3.25,0.17,6.0,7,True,False
0.35,15,-1.783757,-0.146685,0.0,3.537627,0.640338,0.172177,26.304288,-59.96904,-86.914527,2.140973,0.583333,8.083333,0.35,24,83.33,9.368,7.88,2.273571,0.8,4.5,0.03,5.5,15,True,False
0.4,4,-1.660473,-0.158846,0.0,6.485149,0.722048,0.213674,21.705695,-69.794945,-89.351501,2.855089,0.428571,3.142857,0.4,7,100.0,19.9245,9.43,4.278681,0.8,3.0,0.09999999999999999,5.0,20,True,False
0.4,5,-1.660473,-0.158846,0.0,6.485149,0.722048,0.213674,21.705695,-69.794945,-89.351501,2.855089,0.428571,3.142857,0.4,7,100.0,19.9245,9.43,4.278681,0.8,2.75,0.05,3.25,20,True,False
0.4,6,-1.660473,-0.158846,0.0,6.485149,0.722048,0.213674,21.705695,-69.794945,-89.351501,2.855089,0.428571,3.142857,0.4,7,100.0,20.0233,8.0,4.300368,0.8,3.5,0.03,1.75,15,True,False
0.4,7,-1.739297,-0.152708,0.0,6.157018,0.70087,0.210682,23.192076,-65.545328,-87.891302,2.717125,0.5,3.625,0.4,8,100.0,19.5203,10.12,3.396693,1.6,3.25,0.15000000000000002,3.25,20,True,False
0.4,8,-1.739297,-0.152708,0.0,6.157018,0.70087,0.210682,23.192076,-65.545328,-87.891302,2.717125,0.5,3.625,0.4,8,75.0,17.3287,5.62,3.838847,0.8,4.75,0.03,4.0,8,True,False
0.4,9,-1.739297,-0.152708,0.0,6.157018,0.70087,0.210682,23.192076,-65.545328,-87.891302,2.717125,0.5,3.625,0.4,8,75.0,19.7918,6.75,3.586312,1.6,4.25,0.04,2.25,8,True,False
0.4,10,-2.24142,-0.175297,0.0,5.616506,0.702909,0.214488,23.767063,-64.113248,-88.300639,2.526696,0.444444,4.333333,0.4,9,77.78,22.6643,6.78,3.79588,1.3,2.25,0.16,3.25,8,True,False
0.4,11,-2.115896,-0.161552,0.0,5.315554,0.683652,0.212318,25.919353,-58.831559,-84.16144,2.35506,0.4,5.0,0.4,10,70.0,18.0149,6.9,3.118424,1.3,2.75,0.05,4.75,8,True,False
0.4,12,-2.115896,-0.161552,0.0,5.315554,0.683652,0.212318,25.919353,-58.831559,-84.16144,2.35506,0.4,5.0,0.4,10,90.0,17.4491,11.0,3.079537,1.5,3.5,0.060000000000000005,3.75,20,True,False
0.4,13,-2.115896,-0.161552,0.0,5.315554,0.683652,0.212318,25.919353,-58.831559,-84.16144,2.35506,0.4,5.0,0.4,10,90.0,17.4491,11.0,3.079537,1.5,4.75,0.11,5.0,20,True,False
0.4,14,-1.923542,-0.156104,0.0,5.255023,0.666967,0.20171,25.135503,-61.135171,-84.591208,2.410799,0.454545,5.818182,0.4,11,72.73,17.8066,6.64,3.252344,1.7000000000000002,3.0,0.02,1.75,8,True,False
0.4,15,-1.923542,-0.156104,0.0,5.255023,0.666967,0.20171,25.135503,-61.135171,-84.591208,2.410799,0.454545,5.818182,0.4,11,90.91,16.9071,10.27,3.147655,1.5,4.75,0.01,5.5,20,True,False
