threshold_pct,max_setup_hold_bars,ctx_dist_ema200,ctx_ema50_slope,ctx_supertrend,ctx_vol_z,ctx_bb_width_ratio,ctx_atr_pct,ctx_rsi,ctx_cmo,ctx_williams_r,ctx_vol_ratio,ctx_vol_sig,ctx_setup_bars,entry_threshold_pct,trades,win_rate,avg_return,avg_hold_bars,return_per_bar,tp_mult,sl_mult,max_holding_bars
0.02,1,-0.422506,-0.051139,0.0,2.061184,0.401473,0.077587,36.536515,-22.893886,-69.418039,1.056061,0.265979,1.0,0.02,485,79.38,4.4442,18.57,1.256472,1.35,7.25,45
0.02,2,-0.398373,-0.048095,0.0,1.902026,0.376602,0.072112,36.263566,-24.058551,-70.130264,1.057829,0.269492,1.177966,0.02,590,79.66,3.9721,17.74,1.13856,1.25,6.5,50
0.02,3,-0.387508,-0.046135,0.0,1.861651,0.369091,0.070403,36.383553,-23.953366,-69.743244,1.058971,0.261654,1.383459,0.02,665,80.45,4.016,17.4,1.12419,1.25,6.75,50
0.02,4,-0.387397,-0.045277,0.0,1.841343,0.364009,0.069778,36.378821,-24.232803,-69.772739,1.054687,0.260623,1.535411,0.02,706,80.03,3.3506,15.46,1.112473,1.15,7.5,45
0.02,5,-0.381338,-0.044414,0.0,1.819994,0.358071,0.068865,36.424121,-24.391929,-69.856109,1.056925,0.260929,1.65847,0.02,732,78.96,4.071,19.39,1.105754,1.4,8.0,50
0.02,6,-0.377809,-0.043995,0.0,1.80587,0.355103,0.068894,36.420821,-24.609972,-69.951006,1.058425,0.264706,1.751337,0.02,748,76.87,2.8477,14.16,1.084966,1.1,8.0,41
0.02,7,-0.380697,-0.043914,0.0,1.790143,0.353234,0.068691,36.47806,-24.537892,-69.802267,1.057283,0.263364,1.881356,0.02,767,79.53,3.6428,17.31,1.072102,1.25,6.5,50
0.02,8,-0.379986,-0.043416,0.0,1.748154,0.349027,0.06833,36.515093,-24.758078,-69.939933,1.05347,0.257614,2.044416,0.02,788,71.07,2.6297,8.78,0.960318,1.1,8.0,15
0.02,9,-0.377359,-0.042994,0.0,1.741224,0.348068,0.068074,36.563257,-24.811734,-69.879152,1.056241,0.259724,2.122961,0.02,797,78.54,3.4232,17.84,1.067365,1.3,8.0,45
0.02,10,-0.376451,-0.042702,0.0,1.727274,0.346163,0.067798,36.625582,-24.805875,-69.750905,1.056145,0.26087,2.201242,0.02,805,75.4,2.8,16.81,1.038048,1.3,8.0,40
0.02,12,-0.372948,-0.042116,0.0,1.715879,0.341831,0.067236,36.615025,-25.145767,-70.075931,1.058486,0.25944,2.381242,0.02,821,78.08,3.4481,18.11,1.053068,1.3,8.0,47
0.02,14,-0.372653,-0.041727,0.0,1.701761,0.339481,0.066929,36.634716,-25.426694,-70.394518,1.057662,0.259304,2.541417,0.02,833,78.27,2.9121,15.78,1.020851,1.15,6.25,47
0.02,16,-0.369549,-0.041098,0.0,1.680124,0.334958,0.066358,36.629947,-25.965541,-70.902106,1.06171,0.259086,2.845252,0.02,853,77.37,2.6061,13.7,0.991591,1.0,6.25,43
0.02,18,-0.366416,-0.040755,0.0,1.669956,0.332308,0.066009,36.634082,-26.194478,-71.092499,1.064843,0.261574,3.032407,0.02,864,76.62,2.5159,14.13,0.973541,1.05,6.0,44
0.02,20,-0.375324,-0.041078,0.0,1.658745,0.330632,0.06734,36.624581,-26.414804,-71.329494,1.071391,0.263761,3.181193,0.02,872,74.43,2.3871,11.7,0.994466,1.0,7.5,29
0.02,22,-0.374256,-0.040898,0.0,1.656497,0.329599,0.067195,36.670296,-26.401037,-71.370731,1.073125,0.265678,3.286203,0.02,877,78.22,3.0804,17.41,1.025482,1.2000000000000002,7.25,50
0.02,25,-0.371771,-0.040609,0.0,1.65219,0.327946,0.06698,36.68109,-26.58465,-71.532495,1.076861,0.268623,3.5,0.02,886,77.31,3.1693,17.5,1.032751,1.25,7.75,46
0.02,28,-0.370093,-0.040381,0.0,1.648574,0.326377,0.066719,36.666801,-26.780313,-71.673936,1.08178,0.272116,3.68645,0.02,893,77.38,2.845,13.86,1.01402,1.0,6.0,46
0.02,30,-0.369965,-0.040198,0.0,1.641875,0.324858,0.066569,36.642189,-27.021512,-71.889891,1.09095,0.276667,3.886667,0.02,900,75.89,2.744,16.58,0.999606,1.25,6.75,42
0.02,35,-0.368073,-0.03988,0.0,1.62538,0.322551,0.066337,36.64578,-27.24355,-72.147384,1.095445,0.28101,4.234907,0.02,911,76.62,2.8626,17.59,0.998498,1.3,7.25,44
0.02,40,-0.365267,-0.039519,0.0,1.624512,0.320325,0.066175,36.656678,-27.445831,-72.271899,1.10688,0.287107,4.668472,0.02,923,78.33,2.8268,15.05,1.023059,1.0,8.0,50
0.02,45,-0.364577,-0.039432,0.0,1.622824,0.319702,0.06607,36.648166,-27.526958,-72.313589,1.107375,0.288337,4.789417,0.02,926,78.19,3.0985,17.9,1.003437,1.25,7.0,50
0.02,50,-0.363841,-0.03929,0.0,1.619196,0.319059,0.065988,36.629939,-27.701007,-72.42049,1.108861,0.290011,5.023631,0.02,931,77.44,2.6817,14.62,0.99984,1.0,8.0,47
0.03,1,-0.477073,-0.056165,0.0,2.326197,0.43951,0.085359,36.114441,-24.524185,-71.16523,1.102844,0.297376,1.0,0.03,343,76.97,4.4427,15.21,1.354448,1.1,8.0,46
0.03,2,-0.43919,-0.052171,0.0,2.150929,0.409739,0.079269,35.74763,-26.184261,-71.658599,1.100081,0.310185,1.206019,0.03,432,79.63,4.326,15.59,1.230223,1.1,8.0,50
0.03,3,-0.426708,-0.049576,0.0,2.037115,0.392333,0.075965,35.772294,-26.517644,-71.514051,1.109723,0.298872,1.543233,0.03,532,79.89,4.0267,16.35,1.202803,1.15,8.0,50
0.03,4,-0.421345,-0.047693,0.0,1.961976,0.381005,0.073929,35.71849,-27.043883,-71.680079,1.098711,0.293718,1.780985,0.03,589,80.14,4.3742,17.76,1.189841,1.3,6.75,50
0.03,5,-0.412931,-0.046022,0.0,1.910366,0.370236,0.072304,35.919014,-27.001041,-71.391575,1.091241,0.288217,1.980892,0.03,628,79.14,3.9019,17.76,1.136411,1.25,7.5,50
0.03,6,-0.405504,-0.045209,0.0,1.896817,0.363856,0.071907,35.956457,-27.234704,-71.665977,1.100973,0.290769,2.116923,0.03,650,79.23,3.5915,15.26,1.121968,1.1,8.0,50
0.03,7,-0.406235,-0.044917,0.0,1.866941,0.360869,0.071389,36.008297,-27.273488,-71.612408,1.103878,0.294643,2.276786,0.03,672,79.32,3.5922,15.3,1.107367,1.1,8.0,50
0.03,8,-0.401111,-0.044034,0.0,1.825026,0.355527,0.070551,36.083723,-27.474376,-71.60584,1.104973,0.292507,2.458213,0.03,694,76.08,2.6498,14.82,1.058933,1.15,8.0,39
0.03,9,-0.397528,-0.043532,0.0,1.809139,0.35323,0.0701,36.12494,-27.517569,-71.576268,1.105032,0.293201,2.569405,0.03,706,78.19,3.5696,17.03,1.042458,1.3,6.0,46
0.03,10,-0.395241,-0.043176,0.0,1.797957,0.350652,0.069737,36.143112,-27.656126,-71.594743,1.102423,0.291492,2.683403,0.03,717,77.82,3.0464,16.11,1.058672,1.15,8.0,46
0.03,12,-0.390615,-0.042386,0.0,1.779917,0.344241,0.068896,36.08613,-28.202087,-72.039338,1.108507,0.291892,2.955405,0.03,740,77.84,2.8962,13.68,1.025132,1.05,6.75,43
0.03,14,-0.389045,-0.041899,0.0,1.761873,0.340788,0.068384,36.103609,-28.522791,-72.382082,1.107133,0.292165,3.139442,0.03,753,77.56,3.481,18.56,1.018696,1.4,8.0,45
0.03,16,-0.383544,-0.041008,0.0,1.730366,0.334582,0.067594,36.119888,-29.10512,-72.899524,1.111614,0.294344,3.534704,0.03,778,77.89,3.1878,18.12,0.992993,1.3,6.75,50
0.03,18,-0.380823,-0.040686,0.0,1.715758,0.33166,0.067215,36.105175,-29.398647,-73.213101,1.116282,0.297845,3.726236,0.03,789,74.14,2.3999,15.54,0.963136,1.25,6.5,39
0.03,20,-0.388637,-0.040813,0.0,1.693351,0.328124,0.068374,36.09141,-29.752193,-73.597228,1.121854,0.300995,4.017413,0.03,804,77.61,2.8139,14.77,1.044228,1.0,8.0,50
0.03,22,-0.386444,-0.040506,0.0,1.687078,0.326072,0.068052,36.136038,-29.840454,-73.600012,1.127384,0.306273,4.210332,0.03,813,73.68,2.3442,12.15,0.993698,1.05,8.0,31
0.03,25,-0.382807,-0.040095,0.0,1.682484,0.323561,0.067659,36.123631,-30.133052,-73.821199,1.131548,0.309091,4.493333,0.03,825,75.88,2.6591,15.65,1.018228,1.15,8.0,42
0.03,28,-0.380283,-0.039788,0.0,1.680521,0.321482,0.067292,36.108583,-30.373721,-74.00989,1.140659,0.314149,4.741007,0.03,834,77.22,2.7171,16.17,1.025043,1.15,8.0,45
0.03,30,-0.378902,-0.039433,0.0,1.666323,0.318621,0.067028,36.078654,-30.752184,-74.455426,1.150846,0.320755,5.150943,0.03,848,76.42,2.6193,14.24,1.006568,1.05,8.0,43
0.03,35,-0.376354,-0.039061,0.0,1.647185,0.315927,0.066712,36.082108,-31.002175,-74.71049,1.156201,0.326365,5.570267,0.03,861,75.84,3.3195,19.04,0.960251,1.4500000000000002,7.0,45
0.03,40,-0.37404,-0.038758,0.0,1.649325,0.314141,0.066625,36.093717,-31.13649,-74.801125,1.16529,0.330275,5.973624,0.03,872,76.83,3.1384,18.37,0.962277,1.35,6.5,50
0.03,45,-0.372278,-0.038564,0.0,1.643697,0.312752,0.066377,36.080243,-31.28101,-74.878123,1.168992,0.334471,6.263936,0.03,879,76.0,2.5339,14.21,0.98771,1.05,8.0,43
0.03,50,-0.371176,-0.03837,0.0,1.638231,0.311744,0.066203,36.066579,-31.425998,-75.008923,1.169468,0.334086,6.591422,0.03,886,74.15,2.6745,17.46,0.973686,1.35,8.0,41
0.04,1,-0.539591,-0.063052,0.0,2.557525,0.485741,0.094368,35.79246,-25.764855,-71.917287,1.123767,0.3125,1.0,0.04,240,78.33,5.1988,17.29,1.581127,1.25,7.0,46
0.04,2,-0.476349,-0.056605,0.0,2.34196,0.437464,0.08478,35.259409,-28.111757,-72.743951,1.138507,0.331269,1.256966,0.04,323,79.57,5.1823,18.07,1.339435,1.35,6.0,46
0.04,3,-0.460914,-0.053201,0.0,2.182902,0.41413,0.080774,35.376953,-28.524336,-72.712357,1.146866,0.320482,1.643373,0.04,415,80.0,5.3358,17.65,1.315365,1.4,6.25,46
0.04,4,-0.448848,-0.050408,0.0,2.095167,0.39744,0.077873,35.261207,-29.331047,-72.793221,1.147154,0.313808,1.953975,0.04,478,79.71,5.0738,17.22,1.302224,1.35,6.75,45
0.04,5,-0.439138,-0.048386,0.0,2.019512,0.382419,0.075861,35.442727,-29.333265,-72.648504,1.134596,0.302682,2.210728,0.04,522,78.16,4.5919,17.36,1.226695,1.35,6.75,45
0.04,6,-0.429648,-0.047061,0.0,1.987466,0.373472,0.07499,35.56523,-29.443158,-72.746739,1.130359,0.301818,2.403636,0.04,550,78.0,4.5139,17.39,1.19837,1.35,7.5,45
0.04,7,-0.429141,-0.0465,0.0,1.947768,0.367691,0.074152,35.572956,-29.68366,-72.753331,1.135043,0.307427,2.633851,0.04,579,78.76,4.668,18.22,1.179477,1.35,8.0,49
0.04,8,-0.424439,-0.045884,0.0,1.926527,0.365304,0.07336,35.553048,-29.996142,-72.969105,1.140285,0.306533,2.795645,0.04,597,78.22,4.1062,16.99,1.13457,1.3,7.25,45
0.04,9,-0.420216,-0.04498,0.0,1.88603,0.360885,0.072769,35.635105,-30.243795,-72.871943,1.141563,0.306947,3.016155,0.04,619,79.32,4.0634,17.68,1.142977,1.25,8.0,50
0.04,10,-0.417222,-0.04455,0.0,1.875952,0.357216,0.072297,35.669928,-30.32167,-72.883576,1.139673,0.306349,3.138095,0.04,630,79.84,3.7474,16.76,1.106255,1.2000000000000002,7.5,50
0.04,12,-0.411139,-0.043542,0.0,1.841107,0.34883,0.071119,35.632105,-30.894609,-73.314373,1.143557,0.305936,3.48554,0.04,657,77.78,4.0274,18.05,1.088869,1.35,7.0,50
0.04,14,-0.407859,-0.042901,0.0,1.825051,0.344169,0.070416,35.64801,-31.259436,-73.705147,1.147517,0.311012,3.709821,0.04,672,69.64,2.8638,12.01,0.970074,1.35,7.5,21
0.04,16,-0.401695,-0.041807,0.0,1.789074,0.336142,0.069426,35.649683,-31.910767,-74.274696,1.149793,0.314735,4.164521,0.04,699,75.54,2.2991,12.84,0.974765,1.0,7.5,39
0.04,18,-0.396236,-0.041286,0.0,1.770479,0.331618,0.068839,35.657628,-32.209225,-74.708555,1.152905,0.314685,4.461538,0.04,715,77.2,3.315,16.96,1.038013,1.3,8.0,43
0.04,20,-0.405668,-0.041383,0.0,1.746277,0.327211,0.070027,35.64128,-32.614278,-75.046804,1.168811,0.319672,4.807377,0.04,732,78.01,3.155,15.31,1.067483,1.1,8.0,50
0.04,22,-0.401749,-0.040944,0.0,1.73598,0.324308,0.069503,35.686533,-32.762831,-75.120103,1.172108,0.323015,5.053836,0.04,743,73.62,2.6734,10.9,0.986266,1.05,6.5,26
0.04,25,-0.397288,-0.040411,0.0,1.7176,0.320779,0.068979,35.713789,-32.948113,-75.301775,1.176822,0.324111,5.44664,0.04,759,76.94,3.7258,17.96,1.065466,1.35,8.0,46
0.04,28,-0.394943,-0.040042,0.0,1.713972,0.318123,0.068537,35.702281,-33.184519,-75.530811,1.18386,0.327273,5.761039,0.04,770,75.97,2.7284,13.62,1.004098,1.1,6.25,41
0.04,30,-0.393113,-0.039659,0.0,1.702807,0.315107,0.068217,35.654957,-33.599963,-75.957685,1.195301,0.332908,6.186224,0.04,784,77.04,3.8824,19.18,1.041285,1.4,8.0,49
0.04,35,-0.391118,-0.039331,0.0,1.680487,0.312561,0.067856,35.613731,-33.959408,-76.250119,1.203493,0.33794,6.576633,0.04,796,76.76,3.0021,15.63,1.005651,1.2000000000000002,7.5,42
0.04,40,-0.386966,-0.038836,0.0,1.689452,0.309872,0.067452,35.618713,-34.150174,-76.416431,1.215531,0.34321,7.116049,0.04,810,77.28,3.0132,16.07,1.003802,1.2000000000000002,7.75,44
0.04,45,-0.384342,-0.038465,0.0,1.686414,0.30779,0.067111,35.573255,-34.505477,-76.649157,1.235446,0.347932,7.636253,0.04,822,77.86,2.9579,15.55,1.009783,1.1,8.0,50
0.04,50,-0.383032,-0.038275,0.0,1.682365,0.306835,0.06694,35.548989,-34.690397,-76.794502,1.234327,0.348613,7.977081,0.04,829,78.17,3.1935,16.97,1.016351,1.2000000000000002,8.0,49
0.05,1,-0.592463,-0.069805,0.0,2.783226,0.532752,0.102663,34.94432,-28.162761,-73.505495,1.196577,0.351955,1.0,0.05,179,78.77,6.4556,17.03,1.779083,1.4,6.75,43
0.05,2,-0.525213,-0.061289,0.0,2.501412,0.471932,0.091253,35.116034,-28.633509,-72.556823,1.196564,0.353414,1.281124,0.05,249,79.12,5.7092,18.39,1.480406,1.35,7.0,47
0.05,3,-0.513746,-0.058216,0.0,2.298196,0.448205,0.087534,35.061692,-29.630383,-73.082594,1.193722,0.329305,1.706949,0.05,331,79.76,5.6427,17.17,1.442857,1.4,7.25,43
0.05,4,-0.492629,-0.054385,0.0,2.246273,0.42512,0.083262,34.893586,-30.745144,-72.931478,1.214046,0.331646,2.078481,0.05,395,78.73,5.4463,16.87,1.393641,1.4,7.75,44
0.05,5,-0.471523,-0.051648,0.0,2.171404,0.403767,0.080152,34.940892,-31.303676,-73.18115,1.208754,0.331066,2.38322,0.05,441,73.24,4.2356,15.05,1.248342,1.5,7.0,31
0.05,6,-0.459627,-0.050054,0.0,2.136256,0.392306,0.079016,35.045022,-31.553519,-73.392343,1.196532,0.326226,2.599147,0.05,469,79.96,4.8415,16.33,1.284416,1.3,7.25,45
0.05,7,-0.45574,-0.048681,0.0,2.074015,0.38135,0.077476,35.143735,-31.635363,-73.411705,1.195364,0.326693,2.888446,0.05,502,78.88,4.7813,16.64,1.238647,1.4,7.25,43
0.05,8,-0.448777,-0.047816,0.0,2.041915,0.378779,0.07645,35.139196,-32.066371,-73.744487,1.194761,0.32381,3.112381,0.05,525,74.48,3.952,14.22,1.172531,1.4,7.0,32
0.05,9,-0.445735,-0.046967,0.0,2.007199,0.374932,0.075875,35.169519,-32.329418,-73.766982,1.194602,0.325967,3.307551,0.05,543,72.93,3.6844,13.39,1.121747,1.4,7.0,27
0.05,10,-0.442759,-0.04656,0.0,2.001054,0.370606,0.075426,35.181279,-32.456176,-73.868445,1.191921,0.32852,3.440433,0.05,554,79.06,4.2563,17.62,1.200414,1.3,8.0,50
0.05,12,-0.43721,-0.045597,0.0,1.973155,0.362442,0.074269,35.122179,-33.015026,-74.305479,1.200104,0.328125,3.751736,0.05,576,78.65,3.682,15.73,1.135101,1.2000000000000002,7.25,46
0.05,14,-0.429735,-0.044612,0.0,1.929626,0.354008,0.073034,35.159024,-33.316502,-74.785866,1.202415,0.332776,4.107023,0.05,598,78.26,3.909,16.89,1.101408,1.3,6.25,50
0.05,16,-0.422435,-0.043364,0.0,1.871847,0.342917,0.071569,35.135869,-34.245678,-75.70232,1.214671,0.333861,4.716772,0.05,632,77.69,3.5194,17.87,1.071138,1.3,7.75,50
0.05,18,-0.414377,-0.04253,0.0,1.840666,0.335611,0.07053,35.142007,-34.655239,-76.221848,1.216932,0.333333,5.14526,0.05,654,77.98,2.8896,15.71,1.015498,1.15,7.0,50
0.05,20,-0.425801,-0.042777,0.0,1.819294,0.331299,0.071998,35.100737,-35.096201,-76.654128,1.227444,0.337818,5.464873,0.05,669,74.74,3.2322,14.9,1.052394,1.35,7.5,33
0.05,22,-0.419233,-0.042054,0.0,1.802334,0.326799,0.071215,35.143876,-35.336948,-76.829302,1.244719,0.345029,5.812865,0.05,684,78.36,3.723,16.65,1.055268,1.3,6.0,48
0.05,25,-0.413106,-0.041344,0.0,1.775686,0.322199,0.07044,35.152381,-35.636083,-77.123383,1.25033,0.348506,6.302987,0.05,703,75.96,3.5265,17.24,1.048398,1.4,8.0,41
0.05,28,-0.411271,-0.040974,0.0,1.768875,0.31955,0.069988,35.142924,-35.862862,-77.318606,1.259948,0.35014,6.62605,0.05,714,78.01,2.9841,15.9,1.032355,1.15,8.0,48
0.05,30,-0.407627,-0.04056,0.0,1.761679,0.316559,0.069576,35.103092,-36.217187,-77.695759,1.268916,0.353508,7.035763,0.05,727,75.24,3.3167,16.5,1.035518,1.35,8.0,40
0.05,35,-0.407468,-0.04025,0.0,1.74739,0.314168,0.069333,35.043659,-36.657612,-77.991811,1.279029,0.361299,7.450609,0.05,739,77.54,3.7172,18.72,1.028823,1.4,7.5,50
0.05,40,-0.402648,-0.039424,0.0,1.727133,0.309495,0.06869,35.044633,-37.019873,-78.382641,1.28461,0.363517,8.371391,0.05,762,76.77,3.3137,17.28,1.004344,1.35,7.25,45
0.05,45,-0.400345,-0.038992,0.0,1.728147,0.307255,0.068314,34.995601,-37.415944,-78.650901,1.312316,0.368557,8.993557,0.05,776,77.19,3.3115,16.94,1.003471,1.35,7.5,43
0.05,50,-0.399204,-0.038707,0.0,1.733737,0.305756,0.068046,34.933793,-37.724353,-78.849385,1.326297,0.372774,9.5,0.05,786,77.99,3.5567,18.34,1.020398,1.35,8.0,50
0.06,1,-0.674539,-0.077812,0.0,2.974583,0.584687,0.112491,34.540897,-28.416028,-73.827328,1.248847,0.380597,1.0,0.06,134,79.85,8.4627,17.35,2.07058,1.4,5.25,50
0.06,2,-0.58613,-0.068345,0.0,2.703495,0.516995,0.100601,34.772604,-29.460566,-73.670694,1.28252,0.375661,1.291005,0.06,189,79.89,6.1993,17.57,1.666998,1.3,7.25,46
0.06,3,-0.56128,-0.06417,0.0,2.493978,0.483805,0.095052,34.383737,-31.959227,-74.80757,1.290879,0.365759,1.743191,0.06,257,78.6,5.7863,14.8,1.567076,1.35,5.75,38
0.06,4,-0.556577,-0.060744,0.0,2.42002,0.460328,0.090603,33.97297,-33.798027,-75.047257,1.312955,0.375817,2.104575,0.06,306,81.7,6.2897,15.34,1.563501,1.4,6.0,43
0.06,5,-0.52035,-0.056377,0.0,2.317311,0.431163,0.086301,34.299755,-33.798113,-74.726592,1.283019,0.371901,2.559229,0.06,363,79.06,5.4062,14.22,1.479537,1.25,7.25,40
0.06,6,-0.506756,-0.054534,0.0,2.254187,0.416842,0.083827,34.242141,-34.338857,-75.062603,1.273457,0.371134,2.780928,0.06,388,80.15,5.5051,15.3,1.460875,1.35,8.0,42
0.06,7,-0.498698,-0.05216,0.0,2.175453,0.399138,0.081267,34.446364,-34.363569,-75.187445,1.26415,0.366822,3.175234,0.06,428,80.37,5.7117,17.54,1.375432,1.4500000000000002,7.25,49
0.06,8,-0.49906,-0.051769,0.0,2.158196,0.397725,0.080536,34.371325,-34.773668,-75.531892,1.259247,0.366292,3.359551,0.06,445,81.12,5.378,15.01,1.361883,1.35,5.5,46
0.06,9,-0.489353,-0.050099,0.0,2.105874,0.388029,0.079126,34.358425,-35.456792,-75.909953,1.258215,0.369979,3.693446,0.06,473,81.4,5.2057,16.41,1.362966,1.3,7.5,50
0.06,10,-0.484501,-0.049718,0.0,2.091134,0.38512,0.078767,34.380337,-35.586068,-75.933693,1.252979,0.367983,3.798337,0.06,481,81.5,4.9471,16.29,1.351291,1.3,8.0,48
0.06,12,-0.473201,-0.04826,0.0,2.068747,0.372046,0.076965,34.28509,-36.344537,-76.576843,1.258298,0.366667,4.233333,0.06,510,80.2,4.361,15.02,1.297717,1.3,7.5,41
0.06,14,-0.466979,-0.047391,0.0,2.041063,0.364505,0.075855,34.27384,-36.710583,-76.93061,1.260116,0.375,4.55303,0.06,528,77.08,4.0854,14.33,1.248825,1.35,8.0,34
0.06,16,-0.455287,-0.045898,0.0,1.970646,0.350652,0.07395,34.242856,-37.682183,-77.880241,1.272711,0.379433,5.251773,0.06,564,77.66,3.446,14.16,1.180342,1.25,7.25,36
0.06,18,-0.446983,-0.045022,0.0,1.945327,0.343483,0.072925,34.243541,-38.141517,-78.452129,1.272924,0.379074,5.655232,0.06,583,76.84,3.5987,14.64,1.144894,1.35,7.25,34
0.06,20,-0.440247,-0.043802,0.0,1.886701,0.333909,0.071654,34.288646,-38.669104,-78.916797,1.278931,0.383607,6.259016,0.06,610,79.18,3.9516,17.01,1.113767,1.4,7.5,44
0.06,22,-0.434579,-0.043107,0.0,1.868814,0.329442,0.071006,34.3568,-38.813757,-79.077198,1.293086,0.389423,6.602564,0.06,624,78.69,3.4789,15.19,1.112603,1.3,8.0,38
0.06,25,-0.426251,-0.042301,0.0,1.842347,0.324246,0.070087,34.324983,-39.266224,-79.447902,1.29763,0.394081,7.098131,0.06,642,78.19,3.1836,14.68,1.088522,1.25,8.0,37
0.06,28,-0.422762,-0.041768,0.0,1.840828,0.32122,0.069672,34.317146,-39.544862,-79.698092,1.304751,0.400612,7.463303,0.06,654,78.13,3.2585,14.78,1.091489,1.25,8.0,38
0.06,30,-0.419138,-0.041359,0.0,1.8282,0.318168,0.069343,34.309778,-39.769868,-80.009857,1.304962,0.4003,7.887556,0.06,667,77.96,3.0878,14.12,1.057692,1.25,6.5,36
0.06,35,-0.415087,-0.040628,0.0,1.802529,0.312752,0.068545,34.226559,-40.422412,-80.386853,1.318412,0.410145,8.707246,0.06,690,76.81,2.6917,11.66,0.995004,1.0,6.0,35
0.06,40,-0.410874,-0.039735,0.0,1.786781,0.307978,0.067848,34.198469,-40.881601,-80.742774,1.32929,0.414804,9.773743,0.06,716,79.89,3.8103,18.2,1.037307,1.4,7.75,50
0.06,45,-0.408223,-0.039184,0.0,1.776044,0.304954,0.067366,34.156211,-41.293892,-81.009988,1.359203,0.421769,10.627211,0.06,735,80.27,3.7711,17.59,1.048931,1.35,8.0,50
0.06,50,-0.406514,-0.038914,0.0,1.782399,0.30364,0.067098,34.101775,-41.558305,-81.140481,1.369956,0.423957,11.041723,0.06,743,78.2,3.0414,15.04,0.9906,1.25,6.5,42
0.07,1,-0.729156,-0.083019,0.0,3.10941,0.615357,0.115414,33.278012,-32.240513,-76.669036,1.266813,0.40367,1.0,0.07,109,77.98,8.7144,16.14,2.151853,1.25,5.25,49
0.07,2,-0.642584,-0.074288,0.0,2.848223,0.555115,0.105684,33.851227,-31.665422,-75.046374,1.304615,0.386667,1.273333,0.07,150,78.67,6.8763,16.94,1.803866,1.35,5.5,43
0.07,3,-0.598152,-0.068469,0.0,2.65541,0.514656,0.10001,33.623573,-34.149511,-76.021776,1.340748,0.395238,1.766667,0.07,210,82.86,7.588,16.73,1.780579,1.35,7.75,45
0.07,4,-0.58609,-0.06382,0.0,2.561983,0.480877,0.093993,33.284524,-35.907312,-76.258704,1.346993,0.392996,2.175097,0.07,257,82.88,7.0359,16.36,1.685934,1.35,7.5,46
0.07,5,-0.546005,-0.059351,0.0,2.431667,0.451604,0.089727,33.688974,-35.879751,-75.946659,1.314413,0.396104,2.642857,0.07,308,81.82,6.66,16.6,1.65536,1.4,8.0,45
0.07,6,-0.529536,-0.057291,0.0,2.381462,0.434417,0.086841,33.568341,-36.688247,-76.539896,1.299611,0.386707,2.876133,0.07,331,81.57,5.5816,15.13,1.553736,1.25,8.0,43
0.07,7,-0.522026,-0.055499,0.0,2.342375,0.421843,0.085055,33.616707,-37.100534,-76.736548,1.320638,0.386555,3.176471,0.07,357,82.35,5.7904,15.49,1.539072,1.25,6.5,50
0.07,8,-0.525779,-0.054601,0.0,2.293654,0.412304,0.083501,33.637157,-37.263671,-77.023919,1.305592,0.376963,3.492147,0.07,382,82.2,5.5308,14.4,1.504829,1.25,5.75,45
0.07,9,-0.517637,-0.052778,0.0,2.216476,0.40052,0.081674,33.554724,-38.183554,-77.488244,1.29758,0.37561,3.868293,0.07,410,81.46,5.4451,16.64,1.484218,1.3,8.0,50
0.07,10,-0.509519,-0.051915,0.0,2.181161,0.392896,0.080509,33.553209,-38.400806,-77.799581,1.296397,0.377358,4.070755,0.07,424,80.9,4.9119,15.39,1.403609,1.3,6.0,46
0.07,12,-0.497146,-0.050072,0.0,2.14746,0.38004,0.078735,33.548155,-39.13066,-78.309487,1.293563,0.378022,4.567033,0.07,455,81.1,4.8157,14.99,1.370963,1.25,6.0,47
0.07,14,-0.48948,-0.04889,0.0,2.112778,0.369934,0.077263,33.551852,-39.573673,-78.887904,1.30605,0.392034,4.985325,0.07,477,80.29,4.6506,16.88,1.347027,1.3,8.0,49
0.07,16,-0.470658,-0.046898,0.0,2.041941,0.354503,0.075087,33.526322,-40.664803,-79.820472,1.321124,0.39961,5.729045,0.07,513,79.73,4.117,14.95,1.252589,1.25,6.25,44
0.07,18,-0.459399,-0.045728,0.0,1.998726,0.344971,0.073792,33.599929,-40.956252,-80.166284,1.319302,0.400372,6.258845,0.07,537,79.33,3.8617,16.12,1.230251,1.3,8.0,43
0.07,20,-0.451964,-0.044298,0.0,1.918521,0.332252,0.072046,33.643144,-41.670521,-80.881929,1.319772,0.397548,7.042032,0.07,571,81.26,4.2525,16.15,1.199648,1.25,6.75,50
0.07,22,-0.447022,-0.043753,0.0,1.907601,0.328887,0.071574,33.721056,-41.6303,-80.830187,1.334677,0.399312,7.290878,0.07,581,80.9,3.9751,16.86,1.17577,1.3,7.25,50
0.07,25,-0.443703,-0.043232,0.0,1.894957,0.324421,0.070956,33.707848,-41.994114,-81.107464,1.337772,0.407035,7.733668,0.07,597,78.39,3.7923,15.93,1.146139,1.35,7.5,40
0.07,28,-0.440688,-0.042753,0.0,1.886999,0.321651,0.070467,33.666961,-42.308046,-81.345258,1.345086,0.414474,8.075658,0.07,608,77.63,3.0679,13.12,1.073543,1.2000000000000002,6.25,33
0.07,30,-0.436334,-0.042307,0.0,1.877145,0.318346,0.070076,33.635537,-42.575794,-81.746325,1.346028,0.412903,8.48871,0.07,620,78.39,3.6922,17.02,1.099383,1.4,7.0,44
0.07,35,-0.430535,-0.041429,0.0,1.843505,0.312429,0.069154,33.582365,-43.211904,-82.10218,1.351845,0.419505,9.456656,0.07,646,80.19,3.8047,16.27,1.122639,1.25,6.75,50
0.07,40,-0.425174,-0.040361,0.0,1.826909,0.306596,0.068291,33.520126,-43.742982,-82.548049,1.364049,0.430473,10.730769,0.07,676,76.18,2.6941,11.1,0.986981,0.95,6.75,33
0.07,45,-0.422214,-0.039775,0.0,1.8102,0.303544,0.067757,33.494517,-44.089846,-82.75768,1.394525,0.43741,11.620144,0.07,695,79.86,3.5772,16.77,1.082473,1.25,8.0,50
0.07,50,-0.421014,-0.039548,0.0,1.81735,0.302559,0.067537,33.431516,-44.330949,-82.901623,1.410352,0.441595,11.994302,0.07,702,78.06,3.2265,16.69,1.049986,1.35,8.0,43
0.08,1,-0.797494,-0.0906,0.0,3.280392,0.645364,0.121073,32.6999,-34.005743,-78.142252,1.330162,0.4625,1.0,0.08,80,70.0,4.9972,13.59,2.126832,1.3,8.0,31
0.08,2,-0.700848,-0.079806,0.0,3.028909,0.584813,0.112006,33.554617,-32.82477,-75.609018,1.358739,0.414414,1.279279,0.08,111,79.28,8.1981,19.39,1.929351,1.4500000000000002,8.0,48
0.08,3,-0.655555,-0.072111,0.0,2.791006,0.529094,0.105567,33.418576,-35.016956,-76.689034,1.4008,0.422857,1.908571,0.08,175,78.86,7.733,17.22,1.797739,1.4,6.25,50
0.08,4,-0.636379,-0.067947,0.0,2.680107,0.49748,0.099709,32.969049,-36.882681,-76.726426,1.407011,0.416667,2.305556,0.08,216,78.7,7.385,17.0,1.700655,1.4500000000000002,8.0,42
0.08,5,-0.597347,-0.063197,0.0,2.504313,0.467974,0.095037,33.357225,-36.900031,-76.230961,1.348177,0.406844,2.787072,0.08,263,80.99,7.2991,16.16,1.662418,1.4,5.75,46
0.08,6,-0.575514,-0.060882,0.0,2.47413,0.448245,0.091543,33.090318,-38.140937,-77.34531,1.333127,0.397887,3.024648,0.08,284,79.58,5.4723,14.06,1.555123,1.3,7.5,37
0.08,7,-0.567302,-0.059044,0.0,2.408797,0.435047,0.089548,33.199744,-38.40258,-77.560872,1.346086,0.38835,3.346278,0.08,309,76.38,5.3198,10.19,1.484608,1.3,7.25,19
0.08,8,-0.568382,-0.058459,0.0,2.357216,0.427056,0.088045,33.085142,-38.891181,-78.178566,1.339299,0.390244,3.615854,0.08,328,80.79,6.4437,15.38,1.586499,1.4,6.5,43
0.08,9,-0.548972,-0.055979,0.0,2.296633,0.411198,0.085856,33.010796,-39.865044,-78.70838,1.334341,0.391061,4.067039,0.08,358,79.89,5.7099,14.17,1.553932,1.25,7.0,40
0.08,10,-0.544216,-0.054941,0.0,2.252732,0.403012,0.084369,32.938737,-40.298243,-79.074885,1.331511,0.394667,4.336,0.08,375,81.33,5.894,15.6,1.525897,1.25,7.0,50
0.08,12,-0.524371,-0.052619,0.0,2.209031,0.385497,0.081855,32.947474,-41.17824,-79.754237,1.325561,0.390663,4.896806,0.08,407,82.06,4.8385,12.4,1.423939,1.05,7.25,43
0.08,14,-0.525446,-0.051731,0.0,2.182934,0.378555,0.08094,33.002987,-41.452777,-80.234241,1.332639,0.397163,5.219858,0.08,423,80.61,4.9693,13.63,1.361805,1.1,6.25,49
0.08,16,-0.501598,-0.049272,0.0,2.115522,0.361253,0.07844,33.027091,-42.596063,-80.991044,1.351503,0.418655,6.08026,0.08,461,80.26,4.5218,13.15,1.324286,1.0,8.0,50
0.08,18,-0.491358,-0.048033,0.0,2.070382,0.351463,0.076979,33.068523,-43.020239,-81.379344,1.345045,0.418557,6.641237,0.08,485,79.38,4.22,13.87,1.261966,1.1,7.0,47
0.08,20,-0.481512,-0.046384,0.0,1.988205,0.336756,0.074776,33.082349,-43.901791,-82.107375,1.347558,0.417308,7.511538,0.08,520,78.46,4.0112,13.45,1.222709,1.25,7.25,33
0.08,22,-0.473952,-0.045545,0.0,1.964812,0.33186,0.073965,33.195444,-43.816936,-82.070029,1.367108,0.421348,7.88015,0.08,534,80.34,4.2774,15.86,1.21627,1.3,6.75,46
0.08,25,-0.468881,-0.044897,0.0,1.936989,0.326144,0.073279,33.234574,-43.983479,-82.354647,1.375653,0.432971,8.400362,0.08,552,78.8,3.8416,15.65,1.183527,1.3,7.5,43
0.08,28,-0.463733,-0.044193,0.0,1.934828,0.322118,0.072504,33.193251,-44.319778,-82.557079,1.384151,0.441696,8.85159,0.08,566,78.45,3.2348,14.1,1.142091,1.15,7.75,41
0.08,30,-0.459939,-0.043771,0.0,1.931209,0.319369,0.071997,33.162796,-44.557174,-82.805484,1.389862,0.445217,9.173913,0.08,575,76.35,3.3974,10.42,1.115099,1.05,8.0,25
0.08,35,-0.451812,-0.042618,0.0,1.888142,0.312053,0.070769,33.156329,-45.088698,-83.142438,1.399064,0.456954,10.301325,0.08,604,77.98,3.6492,16.34,1.128101,1.3,7.0,48
0.08,40,-0.447787,-0.041661,0.0,1.867634,0.306761,0.070228,33.118519,-45.46267,-83.542581,1.410111,0.461905,11.453968,0.08,630,79.84,3.5405,14.09,1.116072,1.05,8.0,50
0.08,45,-0.4432,-0.040842,0.0,1.858708,0.30257,0.069291,33.072736,-45.875325,-83.74612,1.450447,0.467176,12.650382,0.08,655,77.56,3.6181,17.25,1.108934,1.35,8.0,48
0.08,50,-0.440735,-0.040534,0.0,1.858568,0.30118,0.068964,33.008075,-46.165929,-83.930905,1.467128,0.472892,13.138554,0.08,664,72.74,2.7359,12.28,1.028954,1.25,7.25,26
0.09,1,-0.852395,-0.08999,0.0,3.416747,0.649739,0.12247,32.70799,-33.491683,-79.329,1.431377,0.507937,1.0,0.09,63,73.02,7.8269,22.37,1.90732,1.6500000000000001,6.5,50
0.09,2,-0.750181,-0.080038,0.0,3.204701,0.596646,0.112783,33.367314,-32.788019,-76.519462,1.460481,0.44186,1.267442,0.09,86,77.91,7.2305,18.67,1.815338,1.35,6.0,50
0.09,3,-0.689205,-0.07359,0.0,2.921287,0.544032,0.109536,33.263759,-35.467254,-76.946073,1.485983,0.450704,1.950704,0.09,142,76.06,6.6042,18.28,1.670166,1.35,6.5,50
0.09,4,-0.661108,-0.069058,0.0,2.802713,0.506151,0.102103,32.722995,-37.938184,-77.67941,1.488131,0.446927,2.374302,0.09,179,79.33,6.8826,17.43,1.608177,1.4,7.5,47
0.09,5,-0.627331,-0.065061,0.0,2.652443,0.480372,0.097983,32.861857,-38.386076,-77.269683,1.428295,0.439815,2.824074,0.09,216,81.02,7.0178,16.43,1.617824,1.35,6.5,49
0.09,6,-0.600826,-0.062324,0.0,2.584375,0.458396,0.094267,32.746858,-39.350494,-78.058506,1.403922,0.427966,3.09322,0.09,236,81.78,6.1376,16.07,1.543847,1.25,7.5,50
0.09,7,-0.600116,-0.060826,0.0,2.50906,0.445432,0.092531,32.809901,-39.707131,-78.383333,1.416321,0.419231,3.453846,0.09,260,76.92,5.3724,13.33,1.532251,1.35,7.0,32
0.09,8,-0.609231,-0.061372,0.0,2.453773,0.441308,0.091684,32.689081,-40.149223,-78.922411,1.399826,0.417266,3.748201,0.09,278,77.7,6.0492,12.01,1.53097,1.35,6.25,26
0.09,9,-0.590006,-0.059195,0.0,2.407777,0.42857,0.089772,32.654263,-40.923277,-79.473178,1.389536,0.408027,4.117057,0.09,299,81.27,6.1803,15.86,1.587724,1.25,8.0,50
0.09,10,-0.577946,-0.057637,0.0,2.364772,0.416663,0.08801,32.502958,-41.854191,-80.015294,1.374541,0.410658,4.485893,0.09,319,79.94,6.0121,16.37,1.544673,1.35,7.0,49
0.09,12,-0.555346,-0.054934,0.0,2.303803,0.394806,0.084615,32.332126,-43.212374,-80.939745,1.36479,0.401709,5.11396,0.09,351,80.91,5.4388,15.52,1.502922,1.25,7.25,50
0.09,14,-0.55102,-0.053416,0.0,2.245539,0.382641,0.082874,32.45097,-43.529583,-81.601475,1.360165,0.399464,5.61126,0.09,373,79.62,4.5416,13.66,1.403519,1.25,7.0,37
0.09,16,-0.527364,-0.051017,0.0,2.194439,0.366309,0.080698,32.525768,-44.464332,-82.255803,1.373876,0.418719,6.428571,0.09,406,80.3,4.3857,13.79,1.318873,1.05,8.0,50
0.09,18,-0.517427,-0.049578,0.0,2.140207,0.355411,0.079188,32.584438,-44.978989,-82.715253,1.369442,0.422274,7.074246,0.09,431,80.28,4.3182,15.34,1.322929,1.25,7.75,47
0.09,20,-0.507611,-0.047848,0.0,2.051077,0.340421,0.076972,32.677799,-45.642748,-83.382522,1.371722,0.424569,7.971983,0.09,464,79.96,4.8772,15.84,1.237353,1.35,5.75,50
0.09,22,-0.495915,-0.046792,0.0,2.013066,0.333105,0.07561,32.656602,-46.009462,-83.571212,1.387722,0.427386,8.479253,0.09,482,77.59,4.2226,13.85,1.203151,1.35,7.0,32
0.09,25,-0.489668,-0.045838,0.0,1.970805,0.326183,0.07456,32.732445,-46.277897,-83.87137,1.392577,0.43254,9.150794,0.09,504,77.58,3.7397,14.6,1.166744,1.35,6.75,36
0.09,28,-0.484594,-0.045109,0.0,1.965616,0.321429,0.073803,32.710392,-46.584146,-84.148133,1.40795,0.442308,9.686538,0.09,520,77.5,3.6718,14.31,1.152017,1.35,6.5,36
0.09,30,-0.481611,-0.044772,0.0,1.957941,0.31938,0.073385,32.708627,-46.637041,-84.251745,1.415202,0.44592,9.952562,0.09,527,74.57,3.5047,13.78,1.091555,1.4,7.25,29
0.09,35,-0.470307,-0.043344,0.0,1.923646,0.310762,0.071801,32.685085,-47.264663,-84.55996,1.429945,0.456989,11.215054,0.09,558,79.03,3.8001,16.11,1.143467,1.25,7.25,50
0.09,40,-0.464368,-0.04232,0.0,1.903104,0.304495,0.070792,32.650687,-47.631066,-84.874759,1.447587,0.464041,12.407534,0.09,584,77.91,2.9807,12.17,1.05084,0.9,7.25,46
0.09,45,-0.461098,-0.041522,0.0,1.900937,0.300938,0.070233,32.606821,-48.01697,-85.018195,1.491696,0.475248,13.518152,0.09,606,78.38,3.6436,16.54,1.095646,1.35,7.5,45
0.09,50,-0.458484,-0.04109,0.0,1.893155,0.2989,0.069746,32.544917,-48.362154,-85.253523,1.507587,0.480583,14.184466,0.09,618,77.35,2.99,12.92,1.013054,0.95,7.75,47
0.1,1,-0.860244,-0.097499,0.0,3.692544,0.686819,0.131142,32.241522,-34.427321,-81.044248,1.479331,0.5,1.0,0.1,46,76.09,5.3864,16.87,2.061634,1.3,6.0,44
0.1,2,-0.794977,-0.083516,0.0,3.323563,0.608248,0.117029,32.864369,-34.267617,-77.492888,1.563712,0.465753,1.369863,0.1,73,72.6,4.7133,15.63,1.745931,1.4,7.5,34
0.1,3,-0.717769,-0.076183,0.0,3.016386,0.5602,0.113045,33.296904,-35.04836,-76.363423,1.559452,0.471074,2.016529,0.1,121,71.07,5.3647,15.38,1.724843,1.4,7.5,34
0.1,4,-0.706679,-0.073268,0.0,2.921264,0.52642,0.106933,32.450578,-38.239903,-77.306768,1.562065,0.477419,2.451613,0.1,155,75.48,5.6595,16.15,1.60984,1.4,7.0,39
0.1,5,-0.663848,-0.068971,0.0,2.770002,0.502782,0.102586,32.517172,-38.986457,-77.121077,1.491105,0.470588,2.887701,0.1,187,79.68,5.9671,14.75,1.657727,1.25,5.75,44
0.1,6,-0.635372,-0.06562,0.0,2.669494,0.475498,0.097942,32.378104,-40.388036,-78.322617,1.450787,0.449761,3.215311,0.1,209,75.6,5.1499,12.98,1.558365,1.35,7.25,29
0.1,7,-0.641969,-0.064791,0.0,2.602936,0.468097,0.096903,32.377551,-40.993896,-79.207832,1.460685,0.437229,3.575758,0.1,231,81.39,5.7812,14.41,1.690738,1.25,6.75,46
0.1,8,-0.644783,-0.064575,0.0,2.547246,0.458616,0.095718,32.349539,-41.295973,-79.613618,1.442108,0.431452,3.879032,0.1,248,81.45,6.0065,14.23,1.689424,1.25,6.25,46
0.1,9,-0.620141,-0.061973,0.0,2.480918,0.442464,0.092875,32.333399,-42.04021,-80.06751,1.425525,0.425926,4.296296,0.1,270,80.0,5.9995,15.54,1.675325,1.35,7.25,44
0.1,10,-0.605549,-0.060182,0.0,2.42925,0.429401,0.090702,32.135262,-43.151226,-80.603762,1.401955,0.42069,4.689655,0.1,290,78.97,5.2192,13.32,1.588547,1.25,6.0,39
0.1,12,-0.580933,-0.05745,0.0,2.391885,0.409015,0.087565,32.048137,-44.118902,-81.098411,1.388046,0.413249,5.255521,0.1,317,80.76,5.5062,15.39,1.599153,1.25,7.25,50
0.1,14,-0.575183,-0.055618,0.0,2.295306,0.393327,0.085111,32.076507,-44.708627,-81.921682,1.378433,0.407625,5.832845,0.1,341,79.77,4.9118,16.29,1.498028,1.3,7.25,50
0.1,16,-0.555232,-0.053414,0.0,2.24895,0.376216,0.083004,32.190012,-45.386218,-82.462229,1.392634,0.427419,6.655914,0.1,372,79.3,4.2604,14.5,1.417193,1.25,7.0,43
0.1,18,-0.541767,-0.051748,0.0,2.187957,0.364367,0.081256,32.279568,-45.779194,-82.802792,1.395565,0.439394,7.318182,0.1,396,78.28,3.9136,13.7,1.369268,1.25,8.0,39
0.1,20,-0.530514,-0.050163,0.0,2.128227,0.352164,0.079477,32.330514,-46.369532,-83.469761,1.39949,0.445498,8.085308,0.1,422,78.2,3.6567,13.11,1.259057,1.15,6.75,42
0.1,22,-0.522251,-0.049015,0.0,2.068405,0.343529,0.077929,32.302772,-46.984671,-83.842526,1.414081,0.451467,8.72009,0.1,443,78.33,4.3526,13.44,1.269483,1.35,7.0,32
0.1,25,-0.512175,-0.047674,0.0,1.995632,0.332212,0.076068,32.375313,-47.254493,-84.232872,1.415219,0.454545,9.672304,0.1,473,75.48,3.8367,11.74,1.208906,1.3,7.5,25
0.1,28,-0.505632,-0.046927,0.0,1.998607,0.327224,0.075159,32.322923,-47.66008,-84.563372,1.427406,0.461224,10.269388,0.1,490,79.59,4.5141,13.79,1.212922,1.25,5.25,50
0.1,30,-0.504196,-0.046634,0.0,1.995515,0.325564,0.074869,32.296032,-47.883092,-84.761109,1.428797,0.468813,10.54326,0.1,497,79.07,4.0882,14.52,1.229796,1.3,8.0,42
0.1,35,-0.490535,-0.045106,0.0,1.96307,0.317292,0.073101,32.30006,-48.334066,-84.951598,1.440339,0.474286,11.712381,0.1,525,76.95,3.2462,12.72,1.127714,1.2000000000000002,7.0,35
0.1,40,-0.48491,-0.044076,0.0,1.947515,0.311257,0.072165,32.223593,-48.906187,-85.226869,1.461961,0.483636,12.898182,0.1,550,76.91,3.3306,13.09,1.118563,1.25,6.5,35
0.1,45,-0.478337,-0.043006,0.0,1.940823,0.30611,0.071269,32.186782,-49.221505,-85.433961,1.498322,0.488696,14.196522,0.1,575,77.57,3.5454,14.11,1.132725,1.25,7.5,40
0.1,50,-0.476646,-0.042576,0.0,1.9337,0.303568,0.070826,32.177087,-49.375473,-85.584534,1.511711,0.493174,14.827645,0.1,586,75.94,2.7297,11.75,1.054914,1.0,7.5,37
0.11,1,-0.887455,-0.10323,0.0,3.932545,0.703007,0.138165,31.689384,-36.422602,-82.900975,1.547602,0.472222,1.0,0.11,36,72.22,5.8215,17.19,2.1981,1.3,8.0,43
0.11,2,-0.844595,-0.089286,0.0,3.520246,0.615917,0.122311,32.163387,-36.643744,-79.485237,1.704211,0.508475,1.389831,0.11,59,74.58,5.3197,17.95,1.993107,1.3,7.0,43
0.11,3,-0.759423,-0.078375,0.0,3.112966,0.563581,0.116317,33.133045,-35.839692,-76.872504,1.592268,0.486239,2.12844,0.11,109,72.48,6.1603,17.1,2.084733,1.35,8.0,42
0.11,4,-0.738675,-0.077459,0.0,3.036143,0.543401,0.112245,32.248777,-38.985262,-78.107104,1.615339,0.5,2.477612,0.11,134,76.12,6.5854,17.34,1.850315,1.4,7.0,43
0.11,5,-0.698359,-0.072508,0.0,2.803127,0.51104,0.106034,32.06838,-40.553713,-77.937052,1.52054,0.487952,2.963855,0.11,166,80.12,7.293,16.63,1.856722,1.25,7.25,50
0.11,6,-0.68134,-0.069746,0.0,2.76104,0.49024,0.102289,31.902134,-41.847961,-79.099173,1.490626,0.480874,3.245902,0.11,183,78.14,6.2776,14.08,1.769179,1.35,6.0,37
0.11,7,-0.673686,-0.067908,0.0,2.696794,0.479381,0.099945,31.898917,-42.479414,-79.927811,1.496463,0.461165,3.665049,0.11,206,78.16,6.2386,13.84,1.779313,1.35,6.0,37
0.11,8,-0.680005,-0.067902,0.0,2.627214,0.47268,0.098868,31.85695,-42.821018,-80.312004,1.477142,0.452055,3.922374,0.11,219,78.54,6.1382,13.02,1.750377,1.3,7.5,32
0.11,9,-0.66709,-0.065993,0.0,2.613882,0.459888,0.09711,31.919074,-43.236254,-80.739272,1.472222,0.450216,4.186147,0.11,231,74.46,6.3081,11.62,1.693182,1.35,5.75,25
0.11,10,-0.649326,-0.063771,0.0,2.531643,0.443081,0.09423,31.645362,-44.647271,-81.537078,1.442371,0.448413,4.670635,0.11,252,77.38,5.6138,14.68,1.710464,1.3,7.0,41
0.11,12,-0.617077,-0.060711,0.0,2.450553,0.419509,0.090314,31.441332,-45.857427,-82.212752,1.425168,0.44086,5.322581,0.11,279,75.63,5.2131,11.09,1.601665,1.25,7.5,25
0.11,14,-0.604451,-0.058268,0.0,2.378417,0.400326,0.087219,31.668104,-45.671252,-82.46576,1.426996,0.445902,6.039344,0.11,305,77.38,4.768,14.43,1.554613,1.3,8.0,38
0.11,16,-0.583283,-0.056041,0.0,2.340621,0.382251,0.084927,31.668875,-46.623982,-82.929637,1.436973,0.453453,6.84985,0.11,333,77.18,5.0096,15.92,1.522281,1.35,7.5,46
0.11,18,-0.570945,-0.054474,0.0,2.286279,0.370846,0.083279,31.710824,-47.251427,-83.587152,1.440259,0.466292,7.536517,0.11,356,77.53,4.2785,13.31,1.448115,1.25,7.5,38
0.11,20,-0.557763,-0.052316,0.0,2.206426,0.356572,0.081181,31.800808,-47.952163,-84.371345,1.449027,0.483117,8.457143,0.11,385,77.14,4.3604,14.73,1.374665,1.35,6.75,42
0.11,22,-0.548354,-0.051266,0.0,2.163598,0.349063,0.079872,31.786512,-48.431249,-84.734024,1.469714,0.487562,9.002488,0.11,402,78.61,4.2386,13.1,1.369217,1.25,7.75,37
0.11,25,-0.537424,-0.049752,0.0,2.059956,0.335789,0.077492,31.825093,-48.906675,-85.1997,1.462468,0.494253,10.11954,0.11,435,78.62,3.858,13.11,1.306251,1.25,7.75,36
0.11,28,-0.528268,-0.048845,0.0,2.065414,0.330194,0.076498,31.809309,-49.172781,-85.458514,1.475497,0.505519,10.796909,0.11,453,79.25,4.46,15.62,1.303658,1.3,8.0,50
0.11,30,-0.526106,-0.048513,0.0,2.060768,0.328556,0.07618,31.804845,-49.300296,-85.633193,1.473023,0.506522,11.08913,0.11,460,77.83,4.3529,14.8,1.280175,1.35,7.0,43
0.11,35,-0.515193,-0.047212,0.0,2.031092,0.32177,0.074639,31.76504,-49.753698,-85.966818,1.481379,0.503106,12.10766,0.11,483,78.67,3.9567,15.26,1.254877,1.3,8.0,46
0.11,40,-0.508172,-0.046001,0.0,2.02126,0.315276,0.073766,31.715686,-50.267627,-86.214323,1.497075,0.506876,13.418468,0.11,509,77.8,3.6034,12.11,1.191859,1.25,6.25,32
0.11,45,-0.498184,-0.044454,0.0,1.997088,0.307397,0.072379,31.760725,-50.432746,-86.282572,1.540546,0.512015,15.168207,0.11,541,78.37,3.3277,12.98,1.186696,1.25,8.0,34
0.11,50,-0.498364,-0.044145,0.0,1.993088,0.305819,0.072096,31.72495,-50.567602,-86.331591,1.572104,0.520871,15.76588,0.11,551,79.49,3.9346,14.74,1.177053,1.25,6.25,50
0.12,1,-0.910542,-0.102722,0.0,4.079004,0.714944,0.143594,32.189676,-37.109383,-83.832353,1.723456,0.538462,1.0,0.12,26,73.08,7.4812,17.5,1.882777,1.3,5.0,46
0.12,2,-0.89751,-0.091296,0.0,3.657281,0.617842,0.125057,31.666213,-39.12349,-80.932768,1.902907,0.613636,1.409091,0.12,44,68.18,4.7646,17.73,1.774188,1.4,5.25,38
0.12,3,-0.829335,-0.080888,0.0,3.296454,0.572596,0.120836,32.727383,-37.918925,-78.652264,1.629733,0.488889,2.222222,0.12,90,72.22,6.4673,17.17,1.890834,1.25,6.75,46
0.12,4,-0.797086,-0.081508,0.0,3.209877,0.557447,0.119059,32.009191,-40.503154,-79.550876,1.684927,0.517544,2.596491,0.12,114,76.32,7.0766,16.23,1.814321,1.25,6.75,46
0.12,5,-0.749094,-0.076431,0.0,2.984278,0.522,0.112338,31.724872,-42.35085,-79.121608,1.587602,0.503546,3.056738,0.12,141,75.89,6.7375,14.19,1.785501,1.35,5.75,38
0.12,6,-0.724072,-0.073391,0.0,2.906849,0.503944,0.108182,31.695374,-43.06216,-79.738021,1.547473,0.487179,3.339744,0.12,156,78.85,6.6018,13.97,1.799813,1.3,7.75,37
0.12,7,-0.712348,-0.070943,0.0,2.849043,0.489408,0.104508,31.452468,-44.651854,-81.24844,1.562073,0.497207,3.810056,0.12,179,79.89,6.8596,14.27,1.831145,1.25,7.0,44
0.12,8,-0.713812,-0.070381,0.0,2.798452,0.48088,0.103218,31.400718,-44.969803,-81.631993,1.554826,0.5,4.010638,0.12,188,79.26,7.1866,14.77,1.827432,1.25,7.25,47
0.12,9,-0.715133,-0.070151,0.0,2.777964,0.475887,0.102778,31.406056,-45.20776,-81.62903,1.55698,0.502538,4.238579,0.12,197,77.66,6.8878,14.04,1.864813,1.35,7.5,38
0.12,10,-0.686294,-0.066824,0.0,2.633833,0.450793,0.098027,31.193142,-46.733179,-82.72935,1.500283,0.491071,4.933036,0.12,224,77.23,6.2679,10.97,1.808225,1.25,8.0,26
0.12,12,-0.656601,-0.06359,0.0,2.573257,0.427673,0.09407,31.031326,-47.749312,-83.284166,1.475338,0.475806,5.564516,0.12,248,78.63,5.9035,13.01,1.633354,1.2000000000000002,5.25,46
0.12,14,-0.644545,-0.06167,0.0,2.523178,0.413446,0.091643,31.060313,-47.947751,-83.539428,1.477196,0.475472,6.086792,0.12,265,78.11,5.519,13.08,1.67406,1.25,7.0,37
0.12,16,-0.61442,-0.058572,0.0,2.457725,0.390898,0.087979,31.021451,-49.31885,-84.209594,1.474998,0.474747,7.114478,0.12,297,78.45,5.8169,14.36,1.555217,1.3,5.0,49
0.12,18,-0.596073,-0.056546,0.0,2.389231,0.377588,0.085906,31.089722,-49.911905,-84.903166,1.479305,0.484375,7.8625,0.12,320,78.44,5.1158,12.83,1.479792,1.25,4.5,45
0.12,20,-0.586463,-0.054632,0.0,2.313149,0.364386,0.083985,31.202845,-50.350525,-85.386848,1.486315,0.494186,8.68314,0.12,344,78.78,4.937,12.72,1.485845,1.25,7.0,37
0.12,22,-0.576484,-0.053447,0.0,2.264053,0.355754,0.082401,31.150684,-50.97434,-85.77464,1.502943,0.494475,9.309392,0.12,362,79.83,5.3843,12.78,1.408895,1.25,4.75,46
0.12,25,-0.563195,-0.051539,0.0,2.138244,0.340113,0.079722,31.25024,-51.4542,-86.392815,1.501265,0.506266,10.629073,0.12,399,80.2,4.9603,13.1,1.426609,1.25,7.5,38
0.12,28,-0.556658,-0.050817,0.0,2.132735,0.335235,0.078739,31.258524,-51.548461,-86.479028,1.514969,0.513317,11.191283,0.12,413,79.18,4.6392,11.8,1.378092,1.25,8.0,30
0.12,30,-0.550854,-0.050137,0.0,2.115688,0.33196,0.078255,31.345587,-51.524537,-86.725278,1.504652,0.510588,11.710588,0.12,425,81.18,5.3261,14.75,1.420386,1.25,8.0,50
0.12,35,-0.541077,-0.048962,0.0,2.100445,0.326274,0.076836,31.263588,-51.989303,-86.915682,1.511006,0.509009,12.599099,0.12,444,80.86,5.0088,14.95,1.38261,1.25,8.0,50
0.12,40,-0.529899,-0.047434,0.0,2.080067,0.318558,0.075522,31.278965,-52.221829,-86.996817,1.536035,0.520085,14.145877,0.12,473,80.13,4.4877,14.64,1.299727,1.3,7.0,45
0.12,45,-0.520361,-0.045859,0.0,2.046472,0.310719,0.074138,31.315361,-52.381116,-86.977891,1.580534,0.532803,15.900596,0.12,503,81.11,4.4507,14.27,1.306384,1.25,8.0,44
0.12,50,-0.518945,-0.045377,0.0,2.029098,0.308433,0.073658,31.299997,-52.500474,-87.117634,1.612468,0.542636,16.703488,0.12,516,80.81,4.0596,12.38,1.232396,1.05,7.0,45
0.13,1,-0.999497,-0.110059,0.0,3.931058,0.751803,0.147272,31.940083,-37.452579,-83.806242,1.797969,0.545455,1.0,0.13,22,68.18,8.9373,16.68,2.067757,1.25,8.0,49
0.13,2,-0.969369,-0.0974,0.0,3.554895,0.65393,0.131091,32.103225,-37.232237,-80.190486,1.853649,0.589744,1.435897,0.13,39,71.79,6.1202,18.64,1.888687,1.25,5.5,44
0.13,3,-0.875757,-0.085895,0.0,3.336773,0.600497,0.128293,32.98473,-36.935279,-78.078361,1.669143,0.467532,2.207792,0.13,77,70.13,6.622,19.27,1.985761,1.35,7.25,46
0.13,4,-0.828276,-0.085124,0.0,3.285726,0.575862,0.123959,31.726526,-41.062378,-79.994364,1.728052,0.5,2.62,0.13,100,76.0,7.7716,19.36,1.892367,1.4500000000000002,7.0,49
0.13,5,-0.782566,-0.081614,0.0,3.074734,0.552631,0.119174,31.59166,-42.143602,-79.104199,1.635467,0.487603,3.033058,0.13,121,76.03,6.6037,15.03,1.95379,1.35,6.25,42
0.13,6,-0.762005,-0.07781,0.0,2.973142,0.524729,0.113609,31.535152,-43.186446,-80.048997,1.570142,0.464286,3.435714,0.13,140,77.14,6.6355,12.49,1.88879,1.35,4.75,32
0.13,7,-0.751136,-0.074181,0.0,2.902694,0.505012,0.108724,31.36272,-44.848594,-81.462807,1.585104,0.490798,3.93865,0.13,163,78.53,9.2866,19.15,1.814818,1.6500000000000001,8.0,49
0.13,8,-0.750324,-0.073711,0.0,2.844056,0.496631,0.107352,31.260814,-45.258297,-81.710337,1.569679,0.482353,4.105882,0.13,170,77.06,6.2846,14.93,1.880415,1.3,8.0,42
0.13,9,-0.74838,-0.073348,0.0,2.808966,0.490088,0.10676,31.314251,-45.336986,-81.648245,1.570601,0.483333,4.377778,0.13,180,78.89,7.8762,15.32,2.003114,1.25,6.75,50
0.13,10,-0.732204,-0.071002,0.0,2.688318,0.470333,0.103086,31.11106,-46.612295,-82.783177,1.532194,0.479798,4.888889,0.13,198,75.76,5.7437,13.06,1.873344,1.3,7.25,33
0.13,12,-0.694414,-0.06724,0.0,2.63436,0.445114,0.098468,30.91204,-47.756241,-83.432347,1.504942,0.463636,5.536364,0.13,220,75.45,5.4509,13.23,1.810659,1.25,8.0,36
0.13,14,-0.689988,-0.065851,0.0,2.589319,0.434069,0.096832,31.041463,-47.733838,-83.743631,1.490789,0.454936,5.982833,0.13,233,74.25,5.696,11.31,1.752629,1.25,7.5,26
0.13,16,-0.658245,-0.062399,0.0,2.528239,0.409875,0.092885,31.085318,-49.044149,-84.394433,1.486826,0.448276,7.02682,0.13,261,77.01,5.3524,12.94,1.697579,1.25,7.5,35
0.13,18,-0.640139,-0.060708,0.0,2.489121,0.398844,0.091128,31.197072,-49.008882,-84.416247,1.4918,0.460432,7.669065,0.13,278,77.34,5.1701,13.89,1.63492,1.25,8.0,39
0.13,20,-0.619913,-0.057847,0.0,2.37233,0.378062,0.087486,31.160874,-49.964589,-85.104356,1.493947,0.469256,8.854369,0.13,309,77.67,4.664,12.95,1.527011,1.25,8.0,34
0.13,22,-0.604575,-0.056287,0.0,2.330492,0.369281,0.085903,31.153237,-50.479031,-85.469035,1.513266,0.470769,9.464615,0.13,325,76.92,4.5182,13.79,1.475105,1.3,7.5,36
0.13,25,-0.587737,-0.054121,0.0,2.189116,0.352183,0.082805,31.247577,-51.066574,-86.117894,1.528332,0.491713,10.928177,0.13,362,79.28,4.3431,9.48,1.361924,0.8,7.25,41
0.13,28,-0.580081,-0.053268,0.0,2.161223,0.345383,0.08147,31.224071,-51.199781,-86.24432,1.538853,0.501326,11.580902,0.13,377,78.25,4.716,14.11,1.410144,1.35,7.25,37
0.13,30,-0.57496,-0.052477,0.0,2.146003,0.341651,0.080738,31.285735,-51.264148,-86.409798,1.527462,0.501285,12.138817,0.13,389,78.41,4.8184,14.88,1.400824,1.35,7.75,41
0.13,35,-0.559355,-0.050815,0.0,2.106187,0.333286,0.078817,31.293756,-51.597788,-86.568119,1.527199,0.5,13.300971,0.13,412,80.58,4.9359,15.38,1.384493,1.25,7.5,50
0.13,40,-0.547744,-0.049232,0.0,2.103977,0.325934,0.077532,31.306752,-51.828621,-86.469301,1.565981,0.511416,14.76484,0.13,438,79.45,4.2266,14.98,1.303347,1.3,6.5,45
0.13,45,-0.540461,-0.047777,0.0,2.082158,0.319108,0.076256,31.233419,-52.355513,-86.628681,1.612734,0.524838,16.311015,0.13,463,76.46,4.0306,11.25,1.251463,1.25,7.5,25
0.13,50,-0.53628,-0.046991,0.0,2.05442,0.314508,0.075457,31.229318,-52.456266,-86.819956,1.649582,0.5375,17.425,0.13,480,77.92,3.9089,12.38,1.23838,1.25,7.0,31
0.14,1,-1.061067,-0.116241,0.0,3.860784,0.785857,0.154202,32.337159,-36.040703,-83.532635,1.87153,0.6,1.0,0.14,20,70.0,7.3254,19.1,2.213971,1.3,7.75,50
0.14,2,-0.993245,-0.101019,0.0,3.69053,0.67873,0.134493,31.697786,-38.582134,-81.453332,2.012431,0.666667,1.393939,0.14,33,69.7,6.4623,17.09,2.106506,1.25,7.25,44
0.14,3,-0.926798,-0.090595,0.0,3.431317,0.630877,0.134079,32.685448,-37.800896,-78.224484,1.671037,0.5,2.19697,0.14,66,69.7,6.7571,16.38,2.048432,1.35,5.75,37
0.14,4,-0.908419,-0.091712,0.0,3.397719,0.600558,0.131655,31.346357,-42.158866,-80.574609,1.720127,0.505618,2.662921,0.14,89,74.16,8.2647,17.35,2.003785,1.3,5.75,49
0.14,5,-0.856524,-0.087153,0.0,3.154507,0.570436,0.125386,31.476799,-42.385485,-79.291183,1.618225,0.477064,3.091743,0.14,109,76.15,8.3034,16.03,2.046813,1.35,5.5,46
0.14,6,-0.829081,-0.083199,0.0,3.093774,0.54036,0.119625,31.267913,-43.981561,-80.605446,1.571547,0.459677,3.443548,0.14,124,79.03,8.6008,16.29,2.071683,1.35,7.25,48
0.14,7,-0.822768,-0.080312,0.0,3.024596,0.522441,0.115508,31.044244,-45.297074,-81.653017,1.610605,0.492958,3.894366,0.14,142,80.28,8.5991,14.87,2.002413,1.25,5.25,50
0.14,8,-0.800236,-0.078608,0.0,2.952815,0.511205,0.112512,30.863242,-45.987363,-82.115366,1.589408,0.483444,4.139073,0.14,151,79.47,8.1201,16.89,1.99949,1.35,8.0,50
0.14,9,-0.793876,-0.077375,0.0,2.919877,0.505077,0.111589,31.09329,-45.959614,-81.816422,1.595589,0.49375,4.4125,0.14,160,78.12,7.1608,14.82,2.015835,1.3,6.25,42
0.14,10,-0.783697,-0.075319,0.0,2.836165,0.489667,0.108762,31.049761,-46.714758,-82.500417,1.579406,0.494186,4.802326,0.14,172,74.42,6.7628,11.33,1.926256,1.25,7.0,26
0.14,12,-0.74362,-0.071339,0.0,2.817333,0.464955,0.104206,30.814604,-48.038108,-83.091352,1.584925,0.494737,5.421053,0.14,190,71.58,5.8533,10.61,1.744971,1.35,5.5,21
0.14,14,-0.73619,-0.069616,0.0,2.787355,0.450175,0.101805,30.737169,-48.653863,-83.529021,1.614635,0.492683,6.014634,0.14,205,78.05,6.9984,16.97,1.904792,1.35,8.0,50
0.14,16,-0.702405,-0.065889,0.0,2.710183,0.4264,0.097912,30.86467,-49.588623,-83.929363,1.606286,0.486957,7.06087,0.14,230,76.96,6.1445,14.85,1.818765,1.25,7.5,44
0.14,18,-0.674532,-0.063345,0.0,2.600649,0.408112,0.094425,30.993392,-49.504965,-84.103977,1.590334,0.490119,8.011858,0.14,253,78.26,6.2806,16.14,1.696111,1.3,6.0,50
0.14,20,-0.652711,-0.060637,0.0,2.512953,0.389703,0.091031,30.890304,-50.483778,-84.639745,1.592537,0.494585,9.00361,0.14,277,78.7,5.3906,14.29,1.629217,1.25,7.25,42
0.14,22,-0.635622,-0.059009,0.0,2.463886,0.380599,0.089297,30.904341,-50.897168,-85.013895,1.614277,0.503425,9.633562,0.14,292,79.11,5.5892,10.85,1.551021,1.25,7.5,24
0.14,25,-0.614942,-0.056423,0.0,2.311084,0.362503,0.085927,31.059038,-51.457772,-85.91129,1.606509,0.512195,11.170732,0.14,328,79.57,5.5781,15.81,1.553492,1.3,7.75,48
0.14,28,-0.607931,-0.055413,0.0,2.263797,0.353856,0.08423,30.968716,-52.033382,-86.384243,1.612798,0.527378,12.04611,0.14,347,79.54,5.214,14.13,1.506317,1.3,6.25,43
0.14,30,-0.601022,-0.054468,0.0,2.243784,0.348874,0.083198,31.01506,-52.105717,-86.531166,1.603305,0.530556,12.688889,0.14,360,80.56,5.8856,15.96,1.53271,1.35,8.0,50
0.14,35,-0.582433,-0.052581,0.0,2.189563,0.339093,0.080976,31.047674,-52.32829,-86.74913,1.594482,0.52987,14.005195,0.14,385,80.26,5.094,14.01,1.470724,1.25,7.0,45
0.14,40,-0.568121,-0.050878,0.0,2.183891,0.331308,0.079387,31.003783,-52.800868,-86.803094,1.642298,0.546117,15.570388,0.14,412,81.55,5.4335,15.11,1.459176,1.25,8.0,50
0.14,45,-0.559595,-0.0494,0.0,2.138221,0.324332,0.078009,30.917682,-53.318629,-86.980025,1.685623,0.554023,17.03908,0.14,435,80.46,4.8801,14.59,1.394432,1.3,7.0,46
0.14,50,-0.553342,-0.04845,0.0,2.113092,0.31899,0.07695,30.938751,-53.320514,-87.010606,1.722428,0.566079,18.330396,0.14,454,78.63,4.3622,12.98,1.343605,1.3,7.25,35
0.16,1,-1.067919,-0.136321,0.0,4.340387,0.805268,0.157112,26.966204,-49.434847,-88.651087,2.26113,0.666667,1.0,0.16,9,77.78,12.8277,16.56,2.550166,1.4,4.0,26
0.16,2,-1.188832,-0.113242,0.0,3.912242,0.752289,0.1472,30.03666,-43.554689,-83.692592,2.332669,0.666667,1.571429,0.16,21,80.95,9.5346,18.19,2.378495,1.25,5.5,50
0.16,3,-0.988671,-0.095925,0.0,3.675518,0.675579,0.142215,31.715317,-41.197549,-79.142914,1.834832,0.541667,2.375,0.16,48,79.17,12.9602,19.1,2.457226,1.6,5.75,47
0.16,4,-1.009008,-0.097929,0.0,3.675361,0.639565,0.139788,30.399702,-44.673476,-81.496468,1.875,0.521739,2.869565,0.16,69,79.71,13.1862,19.75,2.312219,1.6,7.25,50
0.16,5,-0.966459,-0.095681,0.0,3.364986,0.618123,0.135142,30.626304,-44.307536,-79.366794,1.747542,0.493976,3.228916,0.16,83,83.13,12.0096,16.31,2.380583,1.4500000000000002,8.0,46
0.16,6,-0.906452,-0.089473,0.0,3.302332,0.579028,0.126731,30.373678,-46.184391,-80.988007,1.689742,0.489583,3.604167,0.16,96,84.38,10.3579,13.81,2.361041,1.25,6.5,50
0.16,7,-0.928945,-0.087147,0.0,3.178681,0.558673,0.123328,30.4624,-46.791844,-81.79527,1.714155,0.508929,4.089286,0.16,112,83.93,9.7126,13.48,2.332753,1.25,6.0,47
0.16,8,-0.92396,-0.085951,0.0,3.117931,0.545487,0.120741,30.251202,-47.477567,-82.276917,1.691451,0.504202,4.319328,0.16,119,81.51,9.8582,15.08,2.254032,1.35,8.0,49
0.16,9,-0.925217,-0.085435,0.0,3.086205,0.544695,0.120662,30.418113,-47.560672,-82.279334,1.690572,0.512,4.544,0.16,125,80.0,7.9734,13.12,2.245705,1.25,4.5,41
0.16,10,-0.907615,-0.082259,0.0,2.989124,0.525912,0.117138,30.442174,-48.329421,-82.920254,1.680486,0.529851,4.910448,0.16,134,78.36,7.2056,13.14,2.143878,1.35,8.0,34
0.16,12,-0.855962,-0.077548,0.0,2.918112,0.49863,0.111628,30.220721,-49.667642,-83.557342,1.677888,0.523179,5.662252,0.16,151,76.82,6.8377,14.11,2.049369,1.25,6.25,38
0.16,14,-0.840384,-0.075667,0.0,2.849996,0.482211,0.108319,30.19522,-49.903176,-83.942634,1.694014,0.512195,6.286585,0.16,164,78.66,7.1936,15.48,2.072413,1.25,7.25,46
0.16,16,-0.789959,-0.071712,0.0,2.839954,0.457578,0.104346,30.19714,-50.99648,-84.062711,1.691428,0.51087,7.320652,0.16,184,78.26,6.9145,15.12,2.019257,1.25,7.0,46
0.16,18,-0.771975,-0.069073,0.0,2.736369,0.439193,0.100646,30.34157,-50.890956,-84.118213,1.661075,0.514851,8.222772,0.16,202,77.72,7.0874,16.36,1.907062,1.3,8.0,50
0.16,20,-0.750877,-0.066604,0.0,2.615768,0.422072,0.097802,30.234921,-52.203289,-84.90621,1.672321,0.515982,9.09589,0.16,219,78.08,5.8631,12.02,1.731318,1.05,6.5,44
0.16,22,-0.730663,-0.06499,0.0,2.566828,0.413946,0.096104,30.261722,-52.480792,-85.236541,1.69861,0.515284,9.633188,0.16,229,76.86,5.3059,12.6,1.730817,1.25,6.5,31
0.16,25,-0.689701,-0.06125,0.0,2.397846,0.391254,0.091384,30.428787,-53.064342,-86.340252,1.685846,0.526718,11.396947,0.16,262,80.15,5.0047,9.45,1.496536,0.75,5.5,48
0.16,28,-0.669029,-0.059364,0.0,2.324541,0.378547,0.08886,30.407134,-53.644784,-86.770383,1.683444,0.54417,12.540636,0.16,283,78.09,5.4919,14.19,1.635704,1.3,7.25,41
0.16,30,-0.663518,-0.058854,0.0,2.324457,0.375134,0.088197,30.364775,-53.95004,-87.001026,1.673666,0.544521,13.071918,0.16,292,80.82,6.1999,15.24,1.649077,1.25,7.25,50
0.16,35,-0.642913,-0.056593,0.0,2.260802,0.362881,0.085862,30.520796,-54.052737,-87.170665,1.66779,0.540881,14.691824,0.16,318,79.56,5.3087,12.83,1.517535,1.1,6.75,48
0.16,40,-0.624968,-0.054574,0.0,2.278653,0.354399,0.08404,30.462027,-54.496798,-87.226635,1.709333,0.55102,16.390671,0.16,343,80.47,5.3876,15.71,1.560108,1.25,7.5,50
0.16,45,-0.610448,-0.052789,0.0,2.215039,0.344747,0.082222,30.44878,-54.918141,-87.405391,1.736821,0.562842,18.062842,0.16,366,78.42,4.7726,14.49,1.466022,1.35,6.5,42
0.16,50,-0.599766,-0.051417,0.0,2.180514,0.337002,0.080595,30.386428,-55.188287,-87.413395,1.791003,0.57772,19.632124,0.16,386,76.94,4.4836,11.61,1.394131,1.3,7.5,27
0.17,1,-1.117812,-0.147247,0.0,4.749405,0.852352,0.164425,24.147637,-57.451487,-95.262235,2.273358,0.625,1.0,0.17,8,87.5,18.5856,14.75,3.061373,1.25,6.0,25
0.17,2,-1.244828,-0.113354,0.0,4.131824,0.718596,0.144134,28.854317,-47.446993,-87.23271,2.517912,0.722222,1.555556,0.17,18,77.78,10.1914,11.83,2.530205,1.5,4.75,18
0.17,3,-1.005096,-0.098844,0.0,3.842687,0.674538,0.144933,30.978542,-43.267911,-81.623274,1.885371,0.545455,2.409091,0.17,44,77.27,11.3353,11.52,2.450176,1.5,5.25,22
0.17,4,-0.992941,-0.096128,0.0,3.793774,0.637764,0.139029,30.47143,-44.774583,-81.705,1.90316,0.515625,2.90625,0.17,64,84.38,12.0552,15.52,2.446182,1.5,5.5,39
0.17,5,-0.988683,-0.098378,0.0,3.507117,0.627549,0.137636,30.381652,-45.081545,-80.658357,1.793365,0.493333,3.213333,0.17,75,78.67,10.9571,10.61,2.267471,1.5,8.0,19
0.17,6,-0.948395,-0.093653,0.0,3.435557,0.597705,0.131711,29.935837,-47.375439,-82.235909,1.742615,0.511628,3.569767,0.17,86,84.88,11.3446,13.36,2.549229,1.25,6.75,45
0.17,7,-0.999731,-0.092531,0.0,3.30105,0.580265,0.129267,30.099124,-47.558025,-82.731804,1.784509,0.535354,4.020202,0.17,99,85.86,10.2992,12.6,2.517232,1.25,6.0,42
0.17,8,-0.966132,-0.089857,0.0,3.277555,0.562507,0.12479,29.747673,-48.744068,-83.462584,1.764408,0.53271,4.317757,0.17,107,83.18,9.9567,14.56,2.39172,1.25,6.5,50
0.17,9,-0.971572,-0.089139,0.0,3.228574,0.556076,0.124331,29.978421,-48.788851,-83.642966,1.745419,0.530435,4.643478,0.17,115,80.0,9.0616,14.7,2.402648,1.3,8.0,43
0.17,10,-0.944949,-0.086163,0.0,3.091947,0.536873,0.120409,29.983189,-49.375241,-84.11103,1.727092,0.540323,5.032258,0.17,124,79.03,7.3721,9.93,2.15088,0.75,7.0,44
0.17,12,-0.897024,-0.081587,0.0,3.046375,0.508567,0.114951,29.77602,-50.456134,-84.736528,1.726024,0.532374,5.733813,0.17,139,80.58,8.4834,16.47,2.2002,1.25,8.0,50
0.17,14,-0.876519,-0.079142,0.0,2.97124,0.492538,0.111303,29.811996,-50.603522,-84.882746,1.756277,0.529801,6.344371,0.17,151,78.15,7.1392,15.21,2.113533,1.25,6.75,44
0.17,16,-0.821989,-0.074719,0.0,2.908969,0.466549,0.106723,29.898476,-51.526321,-84.896588,1.735559,0.520468,7.444444,0.17,171,76.02,6.3323,12.64,1.863046,1.25,4.0,38
0.17,18,-0.806222,-0.072431,0.0,2.846277,0.451957,0.103729,29.937974,-51.822538,-84.922634,1.707134,0.51087,8.157609,0.17,184,76.09,5.7973,14.27,1.862455,1.25,5.5,42
0.17,20,-0.785907,-0.070411,0.0,2.775321,0.438984,0.1017,29.918279,-52.669364,-85.462397,1.715359,0.510204,8.852041,0.17,196,76.02,5.7799,15.18,1.827793,1.25,6.0,45
0.17,22,-0.761536,-0.068082,0.0,2.69313,0.42669,0.099019,29.866184,-53.307395,-86.051981,1.738053,0.511962,9.631579,0.17,209,76.08,6.1797,14.91,1.725706,1.3,5.75,45
0.17,25,-0.720812,-0.064267,0.0,2.528509,0.405659,0.09442,30.095426,-53.488465,-86.688649,1.703547,0.535865,11.299578,0.17,237,77.64,4.4853,11.19,1.591837,1.05,7.5,35
0.17,28,-0.696647,-0.062205,0.0,2.443697,0.391642,0.091593,30.091543,-53.873982,-86.937255,1.713464,0.562016,12.573643,0.17,258,75.58,5.5429,16.19,1.630567,1.35,8.0,46
0.17,30,-0.693234,-0.061634,0.0,2.434144,0.387271,0.090824,30.106972,-54.012835,-87.153335,1.698226,0.552632,13.090226,0.17,266,79.7,5.5449,12.56,1.576849,1.05,6.75,50
0.17,35,-0.670981,-0.059081,0.0,2.37072,0.373144,0.087925,30.183157,-54.419485,-87.510738,1.691319,0.554795,14.825342,0.17,292,77.4,4.5893,13.87,1.578489,1.25,7.5,41
0.17,40,-0.652868,-0.057065,0.0,2.387248,0.365053,0.086406,30.169159,-54.803264,-87.620286,1.730293,0.561905,16.520635,0.17,315,77.46,5.1394,16.09,1.528977,1.3,6.5,50
0.17,45,-0.639691,-0.055424,0.0,2.320628,0.356714,0.084868,30.141843,-55.217533,-87.697412,1.754998,0.570571,17.951952,0.17,333,77.48,4.244,14.42,1.48841,1.25,7.5,42
0.17,50,-0.624663,-0.053688,0.0,2.281923,0.347604,0.082905,30.137279,-55.352247,-87.653747,1.795016,0.581461,19.921348,0.17,356,79.49,4.7563,15.9,1.473,1.25,7.75,50
0.18,1,-1.142611,-0.151949,0.0,4.706739,0.86767,0.169499,23.520744,-59.862242,-95.520267,2.449797,0.714286,1.0,0.18,7,85.71,20.0962,13.86,3.411906,1.75,4.75,20
0.18,2,-1.341418,-0.113347,0.0,4.086999,0.724531,0.148732,29.250833,-47.207403,-86.091412,2.678249,0.75,1.5625,0.18,16,81.25,15.4527,21.06,2.844024,1.5,7.5,46
0.18,3,-1.082898,-0.105883,0.0,3.936628,0.704093,0.150735,30.548767,-44.243569,-82.038474,1.859275,0.540541,2.378378,0.18,37,75.68,14.8967,20.81,2.764462,1.6,6.0,49
0.18,4,-1.09016,-0.103625,0.0,3.79644,0.66837,0.147759,30.384879,-44.559654,-80.38922,1.805803,0.464286,2.928571,0.18,56,78.57,14.1853,18.62,2.703636,1.5,8.0,50
0.18,5,-1.022114,-0.10072,0.0,3.54798,0.637435,0.141289,30.288057,-45.622321,-80.641616,1.721043,0.485294,3.294118,0.18,68,82.35,13.7772,18.38,2.418326,1.6,6.0,46
0.18,6,-1.008223,-0.097625,0.0,3.482254,0.620348,0.137854,30.272661,-46.505722,-81.434534,1.696658,0.493151,3.479452,0.18,73,78.08,11.5231,10.29,2.334181,1.55,5.5,18
0.18,7,-1.043642,-0.095669,0.0,3.329832,0.597488,0.133458,30.273721,-47.29083,-82.281328,1.764726,0.534884,4.011628,0.18,86,81.4,10.4184,7.29,2.397501,1.25,8.0,13
0.18,8,-1.013629,-0.092663,0.0,3.259232,0.576343,0.127352,29.871374,-48.614157,-83.400538,1.7191,0.515464,4.463918,0.18,97,80.41,10.5293,14.94,2.342526,1.35,7.25,46
0.18,9,-1.015968,-0.091663,0.0,3.206982,0.568246,0.126654,30.114674,-48.673103,-83.602826,1.701755,0.514286,4.809524,0.18,105,78.1,10.3839,15.67,2.42681,1.35,6.75,45
0.18,10,-1.001849,-0.088959,0.0,3.085537,0.553121,0.123488,30.111094,-49.156327,-83.891775,1.69941,0.531532,5.09009,0.18,111,75.68,8.2192,13.43,2.187742,1.35,5.75,35
0.18,12,-0.95223,-0.086166,0.0,3.016255,0.527998,0.118832,29.914144,-49.618995,-84.121786,1.66884,0.520325,5.707317,0.18,123,77.24,7.5662,13.72,2.160067,1.25,6.75,36
0.18,14,-0.914881,-0.082541,0.0,2.911177,0.505644,0.113853,29.954867,-50.07705,-84.500364,1.718585,0.525547,6.50365,0.18,137,75.91,6.7382,14.05,1.979195,1.3,6.0,38
0.18,16,-0.858538,-0.077801,0.0,2.835998,0.477411,0.108937,30.031464,-51.065114,-84.477566,1.701989,0.519231,7.641026,0.18,156,73.08,5.8219,11.81,1.910167,1.25,6.5,27
0.18,18,-0.838176,-0.07623,0.0,2.8414,0.469303,0.106902,29.972109,-51.435961,-84.497242,1.684694,0.512195,8.121951,0.18,164,76.22,5.908,14.82,1.951962,1.25,7.5,42
0.18,20,-0.806908,-0.073468,0.0,2.785539,0.453465,0.104174,29.840427,-52.718072,-85.113927,1.707267,0.531073,8.954802,0.18,177,77.4,6.1605,15.45,1.883839,1.25,6.75,47
0.18,22,-0.793604,-0.070846,0.0,2.676425,0.438845,0.100951,29.762297,-53.459335,-85.76686,1.728657,0.52356,9.858639,0.18,191,74.35,6.6318,17.95,1.739638,1.6,8.0,45
0.18,25,-0.759644,-0.067809,0.0,2.568963,0.42425,0.097568,29.956139,-53.606385,-86.28138,1.704666,0.540284,11.184834,0.18,211,76.3,5.1419,14.05,1.650403,1.25,6.25,42
0.18,28,-0.725101,-0.065025,0.0,2.441556,0.404845,0.093487,29.938025,-54.008836,-86.525492,1.699507,0.572034,12.872881,0.18,236,75.85,4.8842,14.89,1.653725,1.25,7.5,46
0.18,30,-0.71959,-0.064458,0.0,2.428892,0.400998,0.092684,29.931228,-54.161676,-86.736502,1.689774,0.567901,13.353909,0.18,243,75.72,4.6225,13.44,1.573333,1.25,7.25,38
0.18,35,-0.707846,-0.062489,0.0,2.351848,0.390464,0.090548,30.072607,-54.352371,-87.163628,1.678366,0.561069,14.736641,0.18,262,74.43,4.4097,14.14,1.553269,1.3,7.75,41
0.18,40,-0.679928,-0.059676,0.0,2.371805,0.377976,0.088125,30.060494,-54.729173,-87.327319,1.711169,0.567474,16.906574,0.18,289,74.39,4.0248,14.83,1.477926,1.3,8.0,42
0.18,45,-0.667096,-0.057967,0.0,2.323071,0.369725,0.086823,30.10066,-54.907938,-87.206741,1.742328,0.57377,18.272131,0.18,305,76.72,4.6429,16.32,1.475649,1.35,8.0,50
0.18,50,-0.65251,-0.05633,0.0,2.274318,0.361031,0.084931,30.070547,-55.167085,-87.215052,1.813802,0.58589,20.211656,0.18,326,78.53,4.0413,14.51,1.390636,1.15,7.0,50
0.19,1,-1.142611,-0.151949,0.0,4.706739,0.86767,0.169499,23.520744,-59.862242,-95.520267,2.449797,0.714286,1.0,0.19,7,85.71,19.8586,10.71,3.471102,1.55,5.0,13
0.19,2,-1.299102,-0.115302,0.0,4.1855,0.750123,0.148832,28.920799,-47.819802,-86.304524,2.779838,0.8,1.533333,0.19,15,73.33,13.2248,24.53,2.8997,1.75,8.0,50
0.19,3,-1.104059,-0.107557,0.0,4.154035,0.728847,0.153196,30.32249,-44.118961,-82.032176,1.950586,0.575758,2.333333,0.19,33,75.76,14.9945,21.61,2.739653,1.7000000000000002,5.0,50
0.19,4,-1.118827,-0.106927,0.0,4.114892,0.695544,0.153702,29.490892,-47.24571,-82.273403,1.961246,0.5,2.804348,0.19,46,80.43,17.0135,18.96,3.018241,1.6,5.0,49
0.19,5,-1.046602,-0.102604,0.0,3.661496,0.642207,0.142779,29.733622,-47.091409,-81.481805,1.763959,0.483871,3.370968,0.19,62,83.87,15.2429,18.56,2.793074,1.6,6.25,50
0.19,6,-1.034695,-0.100626,0.0,3.605874,0.632755,0.141213,29.867381,-47.340279,-81.825266,1.736812,0.476923,3.492308,0.19,65,80.0,13.6083,14.28,2.787534,1.35,5.5,46
0.19,7,-1.067357,-0.097744,0.0,3.392695,0.601405,0.136302,30.244935,-47.201685,-82.21098,1.78831,0.512821,4.076923,0.19,78,83.33,11.3404,13.19,2.649011,1.25,6.75,49
0.19,8,-1.03871,-0.095513,0.0,3.381499,0.583564,0.132037,29.950778,-48.079654,-82.908494,1.788299,0.52381,4.357143,0.19,84,82.14,11.4029,14.5,2.549292,1.4,7.0,45
0.19,9,-1.041101,-0.094081,0.0,3.315765,0.572038,0.130823,30.19518,-48.261154,-83.123266,1.762225,0.521739,4.76087,0.19,92,80.43,10.1315,12.54,2.573694,1.25,4.0,44
0.19,10,-1.040646,-0.092194,0.0,3.222754,0.56179,0.128548,30.09854,-49.018163,-83.233097,1.745544,0.526316,4.926316,0.19,95,75.79,8.1123,10.04,2.386707,1.25,8.0,24
0.19,12,-0.985501,-0.089079,0.0,3.113215,0.536413,0.123495,29.89386,-49.620206,-83.438343,1.712329,0.518868,5.575472,0.19,106,76.42,7.2095,14.91,2.149661,1.25,7.25,43
0.19,14,-0.95033,-0.085744,0.0,3.023272,0.512034,0.118393,29.746658,-50.294123,-83.545833,1.785056,0.533898,6.389831,0.19,118,70.34,6.6485,16.01,2.057058,1.3,6.5,46
0.19,16,-0.919593,-0.081962,0.0,2.933595,0.493523,0.11461,29.731702,-51.608645,-84.146034,1.777015,0.526718,7.312977,0.19,131,70.99,6.041,15.36,2.044553,1.35,7.75,38
0.19,18,-0.904601,-0.080922,0.0,2.92905,0.486815,0.113115,29.632533,-52.179969,-84.443521,1.761307,0.514706,7.676471,0.19,136,74.26,7.4818,20.74,1.98723,1.6,7.5,50
0.19,20,-0.848724,-0.076229,0.0,2.806107,0.458614,0.107271,29.450407,-53.862113,-85.62154,1.754476,0.528662,9.248408,0.19,157,73.89,5.8466,16.79,1.878088,1.3,7.5,50
0.19,22,-0.839837,-0.073851,0.0,2.714041,0.44542,0.104444,29.506076,-54.209941,-86.124123,1.794043,0.52381,10.02381,0.19,168,75.0,5.7029,16.57,1.828736,1.3,7.5,50
0.19,25,-0.799096,-0.070252,0.0,2.572061,0.427109,0.099888,29.60652,-54.558518,-86.731601,1.738886,0.526316,11.610526,0.19,190,73.16,5.473,13.33,1.574554,1.35,4.5,38
0.19,28,-0.767592,-0.067358,0.0,2.439709,0.411341,0.096666,29.678628,-55.096695,-87.165746,1.729834,0.549763,13.137441,0.19,211,75.36,4.6132,14.01,1.593156,1.25,6.75,40
0.19,30,-0.756617,-0.066564,0.0,2.423278,0.405014,0.094977,29.599659,-55.303944,-87.422696,1.701074,0.536036,13.954955,0.19,222,74.77,4.3112,12.01,1.531884,1.05,7.5,36
0.19,35,-0.743702,-0.064745,0.0,2.362479,0.395251,0.092953,29.735714,-55.358979,-87.589144,1.70067,0.540084,15.147679,0.19,237,74.26,4.9017,14.59,1.572538,1.35,7.5,37
0.19,40,-0.712362,-0.062023,0.0,2.397143,0.383198,0.090599,29.684116,-55.849162,-87.720578,1.729626,0.555985,17.096525,0.19,259,73.75,3.429,15.59,1.447175,1.25,8.0,45
0.19,45,-0.699947,-0.06037,0.0,2.320681,0.376371,0.089282,29.743846,-55.944793,-87.644459,1.725868,0.558394,18.507299,0.19,274,74.45,4.3639,15.09,1.411456,1.35,6.0,41
0.19,50,-0.684293,-0.058597,0.0,2.267528,0.367082,0.087312,29.739601,-56.109074,-87.570162,1.809169,0.580205,20.430034,0.19,293,75.09,4.5105,16.52,1.350927,1.4,6.0,46
0.2,2,-1.558653,-0.128697,0.0,3.973654,0.846641,0.161839,30.967836,-42.097962,-83.092691,2.74929,0.727273,1.636364,0.2,11,72.73,12.0962,26.18,2.720584,1.55,5.5,50
0.2,3,-1.143802,-0.110492,0.0,4.187554,0.735455,0.155051,30.259667,-44.689623,-83.690748,1.920579,0.571429,2.464286,0.2,28,82.14,14.6692,18.18,2.783966,1.6,6.5,41
0.2,4,-1.152633,-0.108444,0.0,4.122605,0.702979,0.158265,30.0578,-46.132684,-81.434196,1.820049,0.439024,2.95122,0.2,41,80.49,12.7898,14.44,2.764796,1.5,7.5,35
0.2,5,-1.101199,-0.10645,0.0,3.783813,0.664147,0.149569,29.954477,-46.811898,-81.636289,1.749564,0.490566,3.415094,0.2,53,84.91,13.1032,15.81,2.643834,1.5,7.5,43
0.2,6,-1.089356,-0.102787,0.0,3.639457,0.641689,0.145353,29.972615,-47.704938,-82.256155,1.692719,0.465517,3.637931,0.2,58,81.03,15.7579,18.48,2.624942,1.6,5.25,50
0.2,7,-1.126892,-0.100692,0.0,3.42401,0.613763,0.14139,30.220505,-48.040175,-82.809683,1.772895,0.507246,4.173913,0.2,69,79.71,10.5941,12.72,2.428701,1.3,6.25,43
0.2,8,-1.103489,-0.09919,0.0,3.425288,0.600678,0.138001,29.925528,-48.878298,-83.549974,1.773774,0.506849,4.383562,0.2,73,79.45,13.5946,18.86,2.430216,1.7000000000000002,6.5,46
0.2,9,-1.110087,-0.098095,0.0,3.352215,0.59077,0.136927,30.200547,-48.953269,-83.857595,1.718993,0.5,4.7875,0.2,80,77.5,12.2719,14.75,2.600168,1.35,5.75,47
0.2,10,-1.094173,-0.094843,0.0,3.260226,0.572149,0.132671,29.887068,-50.336211,-84.357915,1.707377,0.517647,5.094118,0.2,85,75.29,8.3878,12.49,2.263399,1.25,6.25,38
0.2,12,-1.031559,-0.091629,0.0,3.144436,0.546766,0.127104,29.725967,-50.767919,-84.616053,1.693307,0.515789,5.757895,0.2,95,74.74,8.5703,19.12,2.003337,1.6,7.25,43
0.2,14,-1.004899,-0.088136,0.0,3.120068,0.524578,0.122301,29.551862,-51.517823,-84.692101,1.791828,0.542857,6.504762,0.2,105,72.38,6.7765,15.23,1.985133,1.35,7.0,38
0.2,16,-0.977738,-0.084595,0.0,3.000988,0.508309,0.118419,29.49141,-52.702782,-85.081334,1.802469,0.547826,7.295652,0.2,115,71.3,7.1552,17.18,1.962012,1.35,7.25,47
0.2,18,-0.945289,-0.082842,0.0,2.985198,0.493928,0.115405,29.35216,-53.259671,-85.265909,1.767824,0.532258,8.024194,0.2,124,74.19,6.4776,14.39,1.985115,1.35,6.5,35
0.2,20,-0.886998,-0.078012,0.0,2.86175,0.465438,0.109836,29.191403,-55.03114,-86.652161,1.730877,0.548611,9.618056,0.2,144,74.31,6.2622,16.33,1.895928,1.35,7.25,43
0.2,22,-0.859627,-0.07528,0.0,2.791347,0.453089,0.106869,29.179707,-55.44474,-87.324475,1.774663,0.551948,10.383117,0.2,154,75.97,5.7999,14.88,1.802597,1.25,7.25,43
0.2,25,-0.82422,-0.072187,0.0,2.699987,0.438374,0.103344,29.295482,-55.602321,-87.848147,1.730542,0.555556,11.74269,0.2,171,76.61,6.8134,17.0,1.711021,1.35,6.5,50
0.2,28,-0.799654,-0.069627,0.0,2.514107,0.422682,0.100315,29.415523,-55.983574,-87.968558,1.716572,0.574468,13.117021,0.2,188,75.0,5.1394,12.71,1.574951,1.05,7.75,46
0.2,30,-0.796114,-0.06866,0.0,2.51002,0.417793,0.098595,29.321658,-56.209878,-88.131139,1.737979,0.570707,13.934343,0.2,198,70.71,4.4758,13.39,1.492103,1.35,6.5,31
0.2,35,-0.77757,-0.066555,0.0,2.421633,0.405986,0.095848,29.543164,-55.919789,-88.298079,1.726184,0.569444,15.513889,0.2,216,73.61,5.4513,18.41,1.49332,1.6,8.0,46
0.2,40,-0.741791,-0.063295,0.0,2.447592,0.391026,0.092978,29.569869,-56.23816,-88.437067,1.739964,0.583333,17.775,0.2,240,72.92,4.2638,18.2,1.362986,1.6,7.0,43
0.2,45,-0.727907,-0.061583,0.0,2.373441,0.38376,0.091662,29.637649,-56.291058,-88.52002,1.733551,0.582677,19.15748,0.2,254,74.8,3.6877,14.31,1.345676,1.25,6.75,40
0.2,50,-0.709361,-0.059385,0.0,2.322399,0.372454,0.089267,29.625009,-56.518652,-88.456485,1.818805,0.6,21.367273,0.2,275,76.73,3.7904,13.66,1.335519,1.05,8.0,49
0.22,2,-1.658351,-0.135367,0.0,4.815227,0.689405,0.147951,24.845863,-57.190655,-92.054001,3.286231,0.714286,1.571429,0.22,7,85.71,19.8547,24.43,1.865858,1.3,6.25,45
0.22,3,-1.157311,-0.11979,0.0,4.697785,0.714941,0.154247,27.776002,-49.840916,-85.787112,1.938171,0.55,2.5,0.22,20,85.0,20.7624,17.75,2.683621,1.8,5.0,47
0.22,4,-1.149772,-0.110636,0.0,4.456466,0.699891,0.154889,27.971671,-51.280785,-82.288509,1.893539,0.451613,3.032258,0.22,31,83.87,18.43,15.87,2.657477,1.5,6.5,47
0.22,5,-1.083631,-0.104381,0.0,3.993901,0.64243,0.147139,28.805479,-50.26759,-81.262796,1.760613,0.47619,3.547619,0.22,42,83.33,13.4659,10.67,2.72055,1.4500000000000002,7.25,24
0.22,6,-1.141554,-0.107005,0.0,3.777877,0.635507,0.147342,28.684183,-51.024743,-82.79992,1.668459,0.458333,3.854167,0.22,48,83.33,14.7715,16.02,2.782099,1.4,5.5,48
0.22,7,-1.161489,-0.103569,0.0,3.625144,0.612678,0.143567,29.055554,-51.332574,-83.256319,1.795487,0.490909,4.254545,0.22,55,80.0,17.416,16.96,2.857955,1.6,5.75,47
0.22,8,-1.151678,-0.103848,0.0,3.571803,0.614367,0.143579,29.086134,-51.534061,-83.485005,1.776469,0.482143,4.321429,0.22,56,83.93,13.2503,14.61,2.828072,1.25,5.25,49
0.22,9,-1.158729,-0.101394,0.0,3.501687,0.591442,0.141623,29.301115,-51.547739,-84.100026,1.717754,0.459016,4.704918,0.22,61,80.33,11.1451,9.33,2.766029,1.25,8.0,22
0.22,10,-1.142698,-0.097553,0.0,3.358351,0.569335,0.135897,28.967995,-53.038598,-84.777025,1.695899,0.484848,5.106061,0.22,66,77.27,7.2669,4.64,2.302374,0.7,3.75,10
0.22,12,-1.059087,-0.094498,0.0,3.301503,0.543343,0.128947,28.400588,-54.450091,-85.767189,1.659531,0.5,5.934211,0.22,76,73.68,7.4999,11.39,2.162825,1.25,6.5,30
0.22,14,-1.025622,-0.090589,0.0,3.267412,0.518358,0.123471,28.247974,-55.186633,-85.814149,1.79369,0.541176,6.741176,0.22,85,80.0,9.4167,14.58,2.164737,1.25,5.75,48
0.22,16,-0.987896,-0.086072,0.0,3.101754,0.497191,0.118668,28.470233,-56.189538,-86.252358,1.83377,0.56701,7.845361,0.22,97,76.29,6.2888,12.34,1.954086,1.25,8.0,34
0.22,18,-0.96558,-0.083031,0.0,3.003891,0.481185,0.115882,28.693879,-56.509403,-86.363093,1.782582,0.54717,8.660377,0.22,106,75.47,6.8314,14.07,1.996024,1.25,6.0,44
0.22,20,-0.959067,-0.08008,0.0,2.87064,0.458895,0.112578,28.843968,-56.76686,-87.172719,1.750782,0.546218,9.848739,0.22,119,72.27,6.4764,10.64,1.865462,1.25,8.0,23
0.22,22,-0.922842,-0.077596,0.0,2.854907,0.448353,0.109478,28.587131,-57.517774,-87.655454,1.817259,0.551181,10.574803,0.22,127,80.31,5.9326,11.35,1.689394,1.0,5.25,49
0.22,25,-0.867651,-0.073103,0.0,2.7072,0.430882,0.104459,28.936369,-57.245847,-88.428893,1.739465,0.550336,12.563758,0.22,149,76.51,6.3692,12.93,1.677982,1.25,5.5,41
0.22,28,-0.845484,-0.071642,0.0,2.592659,0.423532,0.102366,29.001965,-57.392401,-88.552843,1.717156,0.553459,13.459119,0.22,159,71.7,5.4049,12.03,1.595032,1.3,7.25,27
0.22,30,-0.841527,-0.070091,0.0,2.581608,0.418734,0.100261,28.872415,-57.869889,-88.694009,1.751285,0.56213,14.414201,0.22,169,72.19,4.1925,9.73,1.352076,1.05,6.5,24
0.22,35,-0.830815,-0.068632,0.0,2.467463,0.409578,0.097936,28.995176,-57.878314,-89.000032,1.726366,0.581522,15.929348,0.22,184,74.46,4.2955,14.44,1.42617,1.25,8.0,41
0.22,40,-0.794003,-0.065875,0.0,2.543084,0.399811,0.095893,29.134598,-57.515184,-88.545146,1.762444,0.60199,17.78607,0.22,201,73.63,3.834,14.15,1.209495,1.25,4.75,46
0.22,45,-0.775676,-0.063944,0.0,2.492925,0.393121,0.094121,29.124766,-57.659724,-88.794448,1.749997,0.592593,19.527778,0.22,216,72.22,3.6016,16.08,1.258176,1.35,7.5,42
0.22,50,-0.751933,-0.061534,0.0,2.438902,0.382057,0.091827,29.171948,-57.612521,-88.552473,1.850191,0.602564,21.739316,0.22,234,72.65,3.4689,15.37,1.2049,1.3,6.5,42
0.24,2,-1.000218,-0.085111,0.0,5.705367,0.505363,0.121428,22.711505,-67.388268,-94.510166,4.275109,1.0,1.4,0.24,5,80.0,9.9852,13.2,1.709598,1.9500000000000002,8.0,18
0.24,3,-1.454608,-0.143696,0.0,4.860263,0.79907,0.167624,26.546326,-51.954468,-87.039547,2.337558,0.538462,2.384615,0.24,13,76.92,22.6444,17.54,3.39177,2.05,7.25,32
0.24,4,-1.36778,-0.126327,0.0,4.691281,0.738496,0.166364,26.763866,-53.715626,-83.091696,2.247731,0.454545,3.045455,0.24,22,81.82,22.2231,18.95,3.003656,1.85,7.0,50
0.24,5,-1.237012,-0.11832,0.0,4.030871,0.692164,0.15972,28.55829,-50.174074,-80.864396,1.978856,0.433333,3.566667,0.24,30,83.33,17.2958,12.43,3.632183,1.4,7.25,33
0.24,6,-1.277645,-0.11995,0.0,3.781981,0.677805,0.156672,28.383685,-51.140807,-81.913751,1.841562,0.4,3.914286,0.24,35,85.71,20.7175,16.23,3.451933,1.55,6.0,44
0.24,7,-1.283227,-0.117002,0.0,3.685262,0.658452,0.15189,28.195145,-52.944753,-83.0085,2.014183,0.435897,4.230769,0.24,39,84.62,20.23,16.9,3.336979,1.55,5.0,48
0.24,8,-1.266448,-0.117057,0.0,3.609082,0.659672,0.151699,28.259466,-53.186531,-83.334856,1.982091,0.425,4.325,0.24,40,85.0,19.8957,16.93,3.315303,1.55,8.0,50
0.24,9,-1.234247,-0.112466,0.0,3.583075,0.642758,0.150068,28.6228,-52.667183,-83.697176,1.907249,0.395349,4.651163,0.24,43,83.72,14.9392,14.7,3.214121,1.25,4.5,49
0.24,10,-1.242087,-0.111442,0.0,3.4902,0.625252,0.147554,28.604838,-53.038876,-83.823342,1.881777,0.425532,5.106383,0.24,47,80.85,17.5771,17.49,2.939857,1.6500000000000001,7.0,44
0.24,12,-1.165064,-0.103245,0.0,3.241561,0.579598,0.137038,28.216356,-55.132911,-85.241467,1.743522,0.440678,6.372881,0.24,59,77.97,9.5172,14.36,2.444374,1.25,6.5,42
0.24,14,-1.114336,-0.099724,0.0,3.196543,0.554609,0.131384,27.970056,-55.980503,-85.706421,1.863189,0.484848,7.121212,0.24,66,75.76,9.3472,13.47,2.397631,1.3,7.75,33
0.24,16,-1.091387,-0.094188,0.0,3.121805,0.523934,0.124743,28.113937,-56.984225,-86.047843,1.91237,0.513158,8.223684,0.24,76,76.32,9.3929,15.46,2.276689,1.35,8.0,39
0.24,18,-1.027979,-0.088683,0.0,2.947754,0.498152,0.118942,28.656021,-55.891121,-85.505888,1.832628,0.511364,9.534091,0.24,88,80.68,7.8838,13.24,2.077363,1.0,8.0,49
0.24,20,-1.034169,-0.08665,0.0,2.899555,0.482523,0.116766,28.731553,-56.068696,-86.44901,1.812385,0.525773,10.494845,0.24,97,77.32,7.909,15.05,2.021722,1.25,6.0,44
0.24,22,-1.008579,-0.084303,0.0,2.818754,0.472512,0.115054,28.854374,-56.451853,-86.93977,1.843599,0.514563,11.135922,0.24,103,73.79,7.0373,15.0,2.078795,1.35,8.0,35
0.24,25,-0.948397,-0.079893,0.0,2.697908,0.454636,0.109182,28.779232,-56.807127,-87.492572,1.773335,0.516949,12.771186,0.24,118,78.81,7.7651,17.33,1.919678,1.35,8.0,48
0.24,28,-0.904406,-0.077107,0.0,2.594074,0.444185,0.105862,28.889919,-56.588041,-87.325144,1.739678,0.538462,14.076923,0.24,130,74.62,6.1314,14.98,1.731386,1.35,7.0,36
0.24,30,-0.893375,-0.07478,0.0,2.563343,0.436802,0.103065,28.812479,-56.904946,-87.353068,1.773769,0.560284,15.297872,0.24,141,71.63,6.0673,20.09,1.535763,1.6500000000000001,8.0,49
0.24,35,-0.879581,-0.072955,0.0,2.443886,0.427816,0.10007,28.890182,-57.188147,-87.818577,1.723271,0.55414,17.127389,0.24,157,70.06,5.4449,18.77,1.379117,1.75,7.25,39
0.24,40,-0.846868,-0.070343,0.0,2.502102,0.418953,0.098552,29.03629,-56.823794,-87.276198,1.736388,0.573099,18.842105,0.24,171,74.27,3.7975,18.9,1.388707,1.35,8.0,50
0.24,45,-0.830351,-0.068429,0.0,2.438667,0.410424,0.096261,29.10044,-56.789973,-87.376759,1.744064,0.581522,20.538043,0.24,184,75.54,3.1102,13.71,1.274197,1.05,6.75,40
0.24,50,-0.802845,-0.065935,0.0,2.417106,0.40071,0.094206,29.183894,-56.590793,-87.146221,1.858875,0.595,22.775,0.24,200,69.5,3.7781,12.54,1.301458,1.35,8.0,24
0.26,2,-1.02916,-0.089701,0.0,5.610502,0.519051,0.124602,22.371924,-68.462026,-92.839633,4.341116,1.0,1.6,0.26,5,80.0,15.2947,16.0,2.050964,2.05,6.5,23
0.26,3,-1.106404,-0.12469,0.0,5.353037,0.756392,0.158036,25.489675,-56.847529,-89.102839,2.650397,0.636364,2.363636,0.26,11,81.82,18.6718,5.36,3.480991,1.55,7.25,6
0.26,4,-1.233731,-0.131586,0.0,5.37592,0.751992,0.170846,24.408598,-60.946071,-87.165249,2.520774,0.588235,2.941176,0.26,17,88.24,23.8454,13.59,3.725333,1.4,6.75,45
0.26,5,-1.387005,-0.133191,0.0,4.514975,0.742366,0.169777,26.860186,-54.990044,-83.726561,2.257224,0.545455,3.409091,0.26,22,81.82,20.5716,6.45,3.639508,1.9500000000000002,7.0,7
0.26,6,-1.373055,-0.126629,0.0,4.380668,0.702133,0.16395,26.915684,-55.549644,-84.212444,2.173786,0.52,3.72,0.26,25,88.0,25.8597,17.72,3.409881,1.9000000000000001,4.5,50
0.26,7,-1.543888,-0.132872,0.0,4.240004,0.696539,0.166436,26.927336,-56.367177,-85.048609,2.366182,0.535714,4.071429,0.26,28,85.71,24.5492,19.46,3.119852,1.75,5.25,50
0.26,8,-1.540673,-0.132928,0.0,4.11299,0.690718,0.166436,27.023271,-56.56972,-85.227715,2.322224,0.517241,4.206897,0.26,29,72.41,16.0261,6.72,2.89788,1.35,5.25,8
0.26,9,-1.459388,-0.128637,0.0,3.929828,0.679918,0.162017,27.728678,-54.392388,-84.271762,2.187538,0.46875,4.65625,0.26,32,84.38,22.9997,20.34,2.906539,1.8,8.0,50
0.26,10,-1.462467,-0.125484,0.0,3.782741,0.656002,0.161002,28.262764,-53.850258,-84.124284,2.131032,0.485714,5.114286,0.26,35,80.0,20.0558,21.54,2.656183,1.9000000000000001,3.75,49
0.26,12,-1.327043,-0.11188,0.0,3.460704,0.598199,0.144921,27.642482,-56.535497,-85.013128,1.911109,0.5,6.586957,0.26,46,71.74,10.8471,23.07,1.928757,1.85,8.0,46
0.26,14,-1.239186,-0.108841,0.0,3.366095,0.575956,0.139127,27.131135,-58.501384,-85.427578,2.101238,0.54902,7.313725,0.26,51,72.55,11.8438,22.59,1.993425,2.0,8.0,43
0.26,16,-1.235627,-0.106303,0.0,3.344615,0.556712,0.135028,26.972122,-59.128415,-86.32313,2.066782,0.553571,8.053571,0.26,56,75.0,12.7097,23.96,1.84415,2.05,7.25,48
0.26,18,-1.242382,-0.102204,0.0,3.205401,0.53834,0.131866,27.573979,-58.778504,-86.584175,2.027196,0.539683,9.126984,0.26,63,77.78,9.7349,19.32,1.943998,1.35,6.0,50
0.26,20,-1.221891,-0.098763,0.0,3.098744,0.518267,0.128162,27.929069,-58.260537,-87.34928,1.984458,0.549296,10.323944,0.26,71,76.06,8.1642,20.7,1.770746,1.4,7.5,50
0.26,22,-1.161512,-0.094397,0.0,2.982863,0.503377,0.123993,27.877516,-59.164579,-88.014131,1.924115,0.544304,11.443038,0.26,79,73.42,6.6227,16.94,1.692292,1.4500000000000002,6.75,37
0.26,25,-1.111042,-0.090861,0.0,2.942989,0.488423,0.118398,27.600296,-59.504482,-88.550049,1.871522,0.545455,12.75,0.26,88,72.73,7.5577,21.97,1.612188,1.75,7.75,49
0.26,28,-1.026172,-0.085197,0.0,2.731223,0.462969,0.11162,27.946209,-58.884144,-88.681258,1.800263,0.557692,14.903846,0.26,104,78.85,7.0351,17.27,1.618185,1.35,7.25,46
0.26,30,-0.991307,-0.081568,0.0,2.679814,0.452548,0.108443,27.96802,-59.005497,-88.760108,1.855275,0.570175,16.184211,0.26,114,74.56,6.4433,21.56,1.400353,1.75,8.0,50
0.26,35,-0.966279,-0.078501,0.0,2.569531,0.440564,0.104438,28.162348,-58.61395,-88.620005,1.815735,0.574803,17.92126,0.26,127,74.8,4.4572,19.0,1.313083,1.35,8.0,46
0.26,40,-0.928629,-0.075387,0.0,2.659671,0.435679,0.102742,28.445031,-58.183427,-87.881542,1.832176,0.587413,20.181818,0.26,143,70.63,2.0035,20.96,1.10147,1.55,8.0,45
0.26,45,-0.921098,-0.074057,0.0,2.629839,0.432212,0.101178,28.42221,-58.176182,-87.681162,1.884167,0.602649,21.403974,0.26,151,72.19,2.8203,19.7,1.120743,1.35,7.0,49
0.26,50,-0.888849,-0.071173,0.0,2.593163,0.422733,0.099368,28.569706,-57.739384,-86.967169,2.089082,0.626506,23.849398,0.26,166,69.28,2.1696,19.25,1.132429,1.3,8.0,45
0.28,2,-1.059869,-0.09523,0.0,5.640078,0.540274,0.130243,22.020631,-69.156781,-92.446983,4.294582,1.0,1.8,0.28,5,80.0,10.7043,10.4,2.230117,1.15,4.0,17
0.28,3,-1.096103,-0.114703,0.0,5.611376,0.655955,0.141631,24.38679,-60.043222,-89.805696,2.94592,0.666667,2.333333,0.28,9,88.89,22.3551,18.89,2.816396,2.0,7.5,45
0.28,4,-1.413577,-0.148392,0.0,5.198818,0.800023,0.186804,25.141652,-59.900046,-85.961854,2.218115,0.5,2.928571,0.28,14,85.71,22.4496,5.64,4.17146,1.15,2.75,7
0.28,5,-1.345417,-0.138551,0.0,5.105788,0.755484,0.177286,24.727267,-61.196149,-86.631354,2.340233,0.5625,3.1875,0.28,16,81.25,22.5051,6.25,3.972469,1.7000000000000002,5.75,7
0.28,6,-1.584303,-0.142832,0.0,4.669777,0.711015,0.176314,25.0784,-60.410075,-87.198791,2.204145,0.526316,3.631579,0.28,19,94.74,22.5871,14.11,3.490051,1.25,6.5,41
0.28,7,-1.765714,-0.151143,0.0,4.601454,0.717572,0.180949,25.237018,-60.404298,-87.380563,2.482324,0.52381,3.952381,0.28,21,80.95,15.4771,7.24,3.183157,0.55,3.5,39
0.28,8,-1.751393,-0.150386,0.0,4.417597,0.708943,0.180289,25.440309,-60.487781,-87.51066,2.4191,0.5,4.136364,0.28,22,90.91,16.657,9.36,3.19049,0.8,7.25,35
0.28,9,-1.675555,-0.147355,0.0,4.148572,0.689059,0.173951,26.000537,-57.960762,-85.914713,2.419523,0.541667,4.541667,0.28,24,91.67,15.8289,8.96,3.105986,0.8,3.5,36
0.28,10,-1.655528,-0.141189,0.0,3.933599,0.657041,0.171309,26.884887,-56.861515,-85.540988,2.320499,0.555556,5.148148,0.28,27,85.19,24.6314,22.15,2.658401,1.8,5.0,50
0.28,12,-1.513225,-0.132919,0.0,3.858932,0.630225,0.161195,26.77114,-57.064975,-85.017627,2.197987,0.5625,6.0625,0.28,32,81.25,11.865,6.97,2.419003,0.8,3.75,18
0.28,14,-1.352341,-0.124879,0.0,3.731516,0.593519,0.149508,25.418418,-61.511416,-85.69043,2.409164,0.605263,7.289474,0.28,38,78.95,11.0164,7.21,2.353817,0.8,4.25,19
0.28,16,-1.372833,-0.118112,0.0,3.514004,0.564309,0.141845,25.467867,-61.987523,-87.304621,2.319273,0.644444,8.533333,0.28,45,75.56,8.11,13.2,2.036253,0.75,5.75,50
0.28,18,-1.388373,-0.111191,0.0,3.371688,0.543617,0.136771,26.052973,-62.154247,-88.227229,2.223707,0.607843,9.607843,0.28,51,72.55,7.7407,10.35,1.908152,0.8,7.0,25
0.28,20,-1.31761,-0.106282,0.0,3.229802,0.52188,0.131174,26.401165,-61.754551,-88.8352,2.137155,0.586207,10.810345,0.28,58,77.59,9.1955,21.84,1.680152,1.35,8.0,45
0.28,22,-1.266969,-0.101459,0.0,3.018358,0.508165,0.128787,27.13191,-61.131992,-89.569658,1.988148,0.545455,12.106061,0.28,66,78.79,8.6472,18.76,1.775312,1.35,5.75,42
0.28,25,-1.199706,-0.096839,0.0,3.014026,0.49616,0.121831,26.680744,-61.69614,-90.515112,1.917698,0.545455,13.831169,0.28,77,74.03,5.9962,11.94,1.778513,0.8,7.75,42
0.28,28,-1.137199,-0.092483,0.0,2.846962,0.475988,0.11598,26.691122,-62.281007,-91.040653,1.83628,0.52809,15.629213,0.28,89,79.78,9.963,18.84,1.807498,1.4,6.75,50
0.28,30,-1.113231,-0.089186,0.0,2.819906,0.467354,0.113295,26.540345,-63.092182,-90.970008,1.916601,0.5625,16.645833,0.28,96,79.17,9.2677,18.55,1.654255,1.4500000000000002,6.5,49
0.28,35,-1.050415,-0.084454,0.0,2.689024,0.452798,0.108066,26.966829,-61.648513,-90.054277,1.863216,0.577982,18.568807,0.28,109,72.48,5.0412,10.61,1.34347,0.95,7.5,24
0.28,40,-1.015938,-0.080854,0.0,2.762397,0.447718,0.106401,27.50339,-60.468837,-88.927328,1.880426,0.585366,20.780488,0.28,123,67.48,3.1267,17.56,1.268406,1.3,8.0,37
0.28,45,-1.011597,-0.079825,0.0,2.729043,0.443728,0.104941,27.421713,-60.582592,-88.813769,1.940386,0.59375,21.648438,0.28,128,72.66,4.8814,20.79,1.264948,1.35,7.0,50
0.28,50,-0.975661,-0.076386,0.0,2.679143,0.433748,0.102946,27.676004,-59.96444,-88.173363,2.137053,0.611111,24.652778,0.28,144,73.61,2.9124,16.62,1.190846,1.0,8.0,48
0.3,3,-1.263395,-0.129017,0.0,5.785739,0.723288,0.156855,24.157885,-60.563592,-89.369041,2.971803,0.714286,2.428571,0.3,7,85.71,19.4531,5.43,3.358498,1.25,7.25,6
0.3,4,-1.630195,-0.170445,0.0,5.477578,0.88533,0.206422,24.265735,-61.65319,-87.841138,2.242414,0.545455,3.0,0.3,11,100.0,34.9499,13.27,4.774637,1.25,3.25,46
0.3,5,-1.465555,-0.1501,0.0,5.115671,0.801391,0.190112,24.638876,-61.710115,-86.060265,2.302633,0.571429,3.428571,0.3,14,100.0,23.518,9.14,4.347633,0.8,5.25,44
0.3,6,-1.711345,-0.152847,0.0,4.62662,0.743588,0.186762,25.046917,-60.740862,-86.795239,2.15717,0.529412,3.882353,0.3,17,100.0,27.7841,14.12,3.5643,1.4500000000000002,6.75,43
0.3,7,-1.898479,-0.160978,0.0,4.555648,0.747407,0.190785,25.225546,-60.699657,-87.038625,2.469575,0.526316,4.210526,0.3,19,89.47,18.9311,6.58,3.54783,0.8,3.75,14
0.3,8,-1.876087,-0.159653,0.0,4.355696,0.736423,0.189567,25.44974,-60.77672,-87.198828,2.400666,0.5,4.4,0.3,20,95.0,19.0932,8.55,3.422564,0.8,7.0,37
0.3,9,-1.786749,-0.158232,0.0,4.227373,0.725151,0.185749,25.697096,-59.057572,-85.980937,2.415502,0.52381,4.619048,0.3,21,95.24,18.7243,8.1,3.423318,0.8,4.5,33
0.3,10,-1.818471,-0.158425,0.0,4.108499,0.707848,0.185435,25.979137,-58.858163,-85.886169,2.402518,0.545455,4.863636,0.3,22,90.91,17.8093,8.09,3.264014,0.8,5.25,35
0.3,12,-1.619605,-0.143293,0.0,3.878658,0.663633,0.172254,26.705553,-57.484585,-85.492509,2.154676,0.535714,6.214286,0.3,28,82.14,13.84,6.18,2.802665,0.8,7.0,12
0.3,14,-1.464082,-0.132512,0.0,3.819182,0.622959,0.159051,25.245569,-62.12308,-85.843003,2.43444,0.575758,7.363636,0.3,33,90.91,12.8968,6.97,2.740546,0.8,4.75,18
0.3,16,-1.431059,-0.123876,0.0,3.484001,0.581604,0.147472,25.34059,-62.473946,-87.128402,2.307802,0.634146,8.926829,0.3,41,82.93,12.3828,18.95,2.053802,1.4,7.25,44
0.3,18,-1.42167,-0.119847,0.0,3.447563,0.572573,0.14434,25.804427,-61.575625,-87.522623,2.294525,0.613636,9.522727,0.3,44,81.82,9.7681,12.64,2.221187,0.8,8.0,41
0.3,20,-1.390848,-0.113008,0.0,3.248765,0.551793,0.139003,26.256917,-62.260279,-88.660008,2.178862,0.607843,10.882353,0.3,51,78.43,9.3774,10.53,1.978441,0.65,7.0,40
0.3,22,-1.333914,-0.110223,0.0,3.174316,0.543443,0.136258,26.487649,-62.357314,-89.435619,2.09939,0.625,11.839286,0.3,56,73.21,6.822,12.2,1.886335,0.75,7.0,34
0.3,25,-1.290772,-0.105778,0.0,3.079352,0.531881,0.130262,26.394966,-62.560405,-90.531085,2.002697,0.6,13.523077,0.3,65,76.92,7.9209,10.75,2.11971,0.8,6.25,32
0.3,28,-1.199206,-0.100409,0.0,2.948735,0.508084,0.123206,26.311734,-63.330175,-91.223151,1.914052,0.592105,15.486842,0.3,76,77.63,8.5356,14.41,1.801399,1.3,8.0,35
0.3,30,-1.170217,-0.096448,0.0,2.950662,0.498686,0.120349,26.070967,-64.15138,-91.364063,1.853381,0.583333,16.845238,0.3,84,78.57,8.6871,15.73,1.649527,1.3,6.25,41
0.3,35,-1.135949,-0.092409,0.0,2.844573,0.482771,0.115347,26.31099,-63.460581,-91.110191,1.853321,0.610526,18.757895,0.3,95,72.63,5.3726,14.68,1.403812,1.25,7.25,34
0.3,40,-1.089771,-0.087826,0.0,2.925333,0.474167,0.113043,26.802446,-62.385165,-89.75829,1.878627,0.62037,21.046296,0.3,108,72.22,3.2576,16.11,1.181674,1.05,6.0,39
0.3,45,-1.080256,-0.086488,0.0,2.890556,0.469032,0.111755,26.785832,-62.370368,-89.633323,1.948242,0.625,21.8125,0.3,112,71.43,4.1678,20.18,1.22406,1.4,8.0,44
0.3,50,-1.054827,-0.083038,0.0,2.890771,0.458228,0.10982,26.889215,-62.130514,-89.2582,2.212268,0.645161,24.395161,0.3,124,70.16,2.7785,17.56,1.204724,1.05,8.0,44
0.35,3,-1.226587,-0.114439,0.0,5.854604,0.637164,0.14896,23.195076,-64.241568,-89.856212,3.626661,0.8,2.2,0.35,5,100.0,17.6412,14.0,2.128698,1.25,5.25,44
0.35,4,-1.55689,-0.149967,0.0,5.997607,0.775597,0.194207,23.20336,-64.590803,-90.931601,2.614289,0.5,2.875,0.35,8,100.0,22.1359,6.88,3.235727,1.55,5.25,7
0.35,5,-1.535279,-0.160638,0.0,5.252043,0.820426,0.20541,24.96149,-60.766632,-86.367734,2.287801,0.4,3.3,0.35,10,100.0,22.1851,10.4,3.979142,0.8,5.5,32
0.35,6,-1.535279,-0.160638,0.0,5.252043,0.820426,0.20541,24.96149,-60.766632,-86.367734,2.287801,0.4,3.3,0.35,10,80.0,20.5884,5.8,3.978658,0.8,3.25,8
0.35,7,-1.57289,-0.145374,0.0,4.895267,0.747836,0.194651,26.622216,-57.826024,-85.377542,2.720718,0.538462,4.153846,0.35,13,100.0,18.5526,9.46,3.487753,0.8,2.75,39
0.35,8,-1.57289,-0.145374,0.0,4.895267,0.747836,0.194651,26.622216,-57.826024,-85.377542,2.720718,0.538462,4.153846,0.35,13,100.0,18.3195,9.38,3.481698,0.8,2.75,36
0.35,9,-1.865356,-0.158973,0.0,4.367825,0.732879,0.19618,26.922791,-57.70933,-86.543409,2.495347,0.533333,4.8,0.35,15,100.0,16.7716,6.73,3.23241,0.8,8.0,15
0.35,10,-1.90406,-0.159191,0.0,4.195594,0.708604,0.195097,27.233992,-57.519409,-86.377948,2.472503,0.5625,5.125,0.35,16,87.5,22.1222,7.38,3.147075,1.55,8.0,8
0.35,12,-1.850067,-0.152053,0.0,4.102147,0.696942,0.194961,28.296108,-54.800406,-84.056224,2.374728,0.529412,5.470588,0.35,17,88.24,13.3671,11.18,2.813414,0.8,3.75,47
0.35,14,-1.661037,-0.144349,0.0,4.106192,0.669859,0.180528,27.068257,-58.580938,-85.798094,2.298006,0.55,6.7,0.35,20,90.0,14.2041,8.85,2.873536,0.8,4.0,28
0.35,16,-1.818837,-0.142589,0.0,3.525179,0.622484,0.168948,26.309074,-60.444242,-87.077683,2.270561,0.615385,8.692308,0.35,26,84.62,8.4689,11.38,2.157016,0.8,4.25,40
0.35,18,-1.716824,-0.138425,0.0,3.649342,0.616077,0.163619,26.263736,-60.074933,-87.714765,2.309384,0.642857,9.321429,0.35,28,85.71,10.269,13.5,2.244673,0.8,7.75,50
0.35,20,-1.674379,-0.133792,0.0,3.494577,0.603813,0.15945,26.552259,-60.816291,-88.48955,2.198438,0.645161,10.322581,0.35,31,83.87,9.5095,11.06,2.28585,0.8,6.25,30
0.35,22,-1.576089,-0.127782,0.0,3.346677,0.585171,0.153255,26.570845,-62.189111,-88.92623,2.056066,0.6,11.571429,0.35,35,82.86,12.5998,19.26,2.147387,1.25,6.0,50
0.35,25,-1.486522,-0.1229,0.0,3.251817,0.577592,0.146292,26.728584,-61.544355,-88.914687,2.038415,0.65,13.075,0.35,40,85.0,7.1246,13.3,2.214278,0.8,5.75,42
0.35,28,-1.437474,-0.115787,0.0,2.971975,0.538357,0.135578,26.634739,-62.617757,-89.777218,1.905086,0.588235,16.117647,0.35,51,82.35,6.4692,12.22,2.142755,0.8,8.0,37
0.35,30,-1.420607,-0.111788,0.0,2.874154,0.529356,0.133717,26.843318,-62.46117,-90.380033,1.841132,0.596491,17.526316,0.35,57,78.95,8.9475,16.6,1.929122,1.25,6.0,46
0.35,35,-1.291006,-0.10441,0.0,3.015014,0.51003,0.124974,26.447239,-62.815552,-90.384794,1.810946,0.585714,20.414286,0.35,70,75.71,4.9541,12.6,1.711312,0.8,7.25,40
0.35,40,-1.247353,-0.099627,0.0,2.985764,0.494937,0.122421,27.103198,-61.077282,-89.111613,1.801544,0.5875,22.6,0.35,80,80.0,7.1048,18.85,1.696949,1.55,6.5,39
0.35,45,-1.223117,-0.098649,0.0,2.998593,0.499132,0.119717,26.754578,-61.816296,-89.27022,1.849518,0.586207,24.149425,0.35,87,73.56,5.2178,19.94,1.558528,1.5,7.5,40
0.35,50,-1.167281,-0.09355,0.0,3.012547,0.483792,0.116622,26.799346,-61.746233,-88.527832,2.223179,0.628866,26.659794,0.35,97,70.1,4.5729,22.11,1.463165,1.6,7.5,44
0.4,4,-1.660473,-0.158846,0.0,6.485149,0.722048,0.213674,21.705695,-69.794945,-89.351501,2.855089,0.428571,3.142857,0.4,7,100.0,24.3959,11.71,4.425427,0.75,5.25,28
0.4,5,-1.660473,-0.158846,0.0,6.485149,0.722048,0.213674,21.705695,-69.794945,-89.351501,2.855089,0.428571,3.142857,0.4,7,100.0,21.843,12.86,4.32463,0.75,1.25,35
0.4,6,-1.660473,-0.158846,0.0,6.485149,0.722048,0.213674,21.705695,-69.794945,-89.351501,2.855089,0.428571,3.142857,0.4,7,100.0,30.9564,17.57,3.901507,1.5,1.25,46
0.4,7,-1.739297,-0.152708,0.0,6.157018,0.70087,0.210682,23.192076,-65.545328,-87.891302,2.717125,0.5,3.625,0.4,8,100.0,18.4093,10.88,3.818889,0.7,3.0,42
0.4,8,-1.739297,-0.152708,0.0,6.157018,0.70087,0.210682,23.192076,-65.545328,-87.891302,2.717125,0.5,3.625,0.4,8,100.0,19.3245,12.0,3.835613,0.75,4.0,42
0.4,9,-1.739297,-0.152708,0.0,6.157018,0.70087,0.210682,23.192076,-65.545328,-87.891302,2.717125,0.5,3.625,0.4,8,87.5,18.1107,10.12,3.816635,0.7,4.25,26
0.4,10,-2.24142,-0.175297,0.0,5.616506,0.702909,0.214488,23.767063,-64.113248,-88.300639,2.526696,0.444444,4.333333,0.4,9,100.0,25.5645,14.89,3.626336,1.6,2.0,43
0.4,12,-2.115896,-0.161552,0.0,5.315554,0.683652,0.212318,25.919353,-58.831559,-84.16144,2.35506,0.4,5.0,0.4,10,90.0,21.1897,18.1,3.22183,1.55,3.0,45
0.4,14,-1.923542,-0.156104,0.0,5.255023,0.666967,0.20171,25.135503,-61.135171,-84.591208,2.410799,0.454545,5.818182,0.4,11,90.91,19.5305,12.36,3.211222,1.35,3.25,28
0.4,16,-1.959273,-0.143808,0.0,4.536659,0.644522,0.179523,23.229401,-66.421033,-86.156828,2.41361,0.533333,8.533333,0.4,15,66.67,15.0345,6.93,2.616559,1.35,5.0,8
0.4,18,-2.193939,-0.155797,0.0,4.335835,0.645426,0.183508,23.645459,-64.936228,-86.779489,2.308539,0.5,9.125,0.4,16,93.75,18.6985,19.81,2.650131,1.4500000000000002,5.0,49
0.4,20,-1.950168,-0.15691,0.0,4.221284,0.633257,0.17914,23.828043,-63.568373,-86.007012,2.33727,0.555556,10.277778,0.4,18,83.33,14.1795,14.56,2.982647,1.4,6.5,35
0.4,22,-1.844614,-0.148497,0.0,3.9769,0.622235,0.17181,24.631207,-62.664874,-86.504836,2.171975,0.571429,11.952381,0.4,21,90.48,12.7322,18.1,2.792455,1.05,6.75,49
0.4,25,-1.83617,-0.14421,0.0,3.767843,0.612941,0.166105,24.966567,-62.96763,-87.565603,2.104689,0.608696,12.956522,0.4,23,78.26,9.4077,18.48,2.527576,1.05,6.25,46
0.4,28,-1.694647,-0.129785,0.0,3.426411,0.580387,0.149003,25.598811,-62.56149,-89.069763,1.90567,0.580645,16.580645,0.4,31,77.42,8.1653,22.26,2.135094,1.4500000000000002,6.5,49
0.4,30,-1.733339,-0.125822,0.0,3.148254,0.557397,0.145584,25.711192,-64.716123,-89.667633,1.858442,0.615385,19.230769,0.4,39,76.92,6.9796,17.0,2.190617,1.05,7.0,46
0.4,35,-1.519561,-0.11663,0.0,3.435514,0.555028,0.137167,25.242471,-65.200596,-90.015619,1.85327,0.632653,21.918367,0.4,49,79.59,7.0179,18.82,1.971153,1.2000000000000002,8.0,50
0.4,40,-1.450935,-0.10839,0.0,3.351076,0.523991,0.132676,26.698924,-61.397404,-88.322907,1.835869,0.627119,24.559322,0.4,59,71.19,4.0361,15.71,1.788383,1.35,6.5,34
0.4,45,-1.420086,-0.106154,0.0,3.252366,0.520666,0.129246,26.324112,-62.175137,-88.591139,1.937856,0.632353,26.897059,0.4,68,69.12,2.7837,16.13,1.779152,1.4,7.5,36
0.4,50,-1.354439,-0.101278,0.0,3.122042,0.5122,0.123753,26.537596,-61.037063,-88.350903,2.124162,0.64557,29.772152,0.4,79,77.22,5.1978,19.82,1.763958,1.4,7.5,50
