Date,Adj Close,Close,High,Low,Open,Volume
2021-03-25,1155.3857421875,1157.0,1167.5,1141.5,1148.5,1487565
2021-03-26,1167.8681640625,1169.5,1178.5,1160.5,1166.0,1326499
2021-03-29,1158.880859375,1160.5,1178.0400390625,1143.5,1169.0,1694155
2021-03-30,1165.87109375,1167.5,1174.0,1156.0,1168.0,1623245
2021-03-31,1151.8905029296875,1153.5,1181.0,1149.5,1165.5,2037538
2021-04-01,1171.862548828125,1173.5,1177.5,1150.5,1155.0,811662
2021-04-06,1202.320068359375,1204.0,1208.0,1175.5,1175.5,1416908
2021-04-07,1209.3104248046875,1211.0,1213.0,1194.0,1204.5,1000470
2021-04-08,1251.251708984375,1253.0,1255.0,1214.5,1214.5,3347555
2021-04-09,1239.268310546875,1241.0,1261.0,1233.5,1257.5,1135047
2021-04-12,1236.272705078125,1238.0,1247.0,1220.0,1240.0,1177525
2021-04-13,1238.7691650390625,1240.5,1254.5,1228.5,1231.0,1854134
2021-04-14,1242.7635498046875,1244.5,1246.0,1233.949951171875,1237.0,713545
2021-04-15,1254.7469482421875,1256.5,1257.5,1239.0,1250.5,988420
2021-04-16,1255.2462158203125,1257.0,1263.0,1250.0,1257.0,2365538
2021-04-19,1242.2642822265625,1244.0,1269.5,1237.0,1256.5,1313669
2021-04-20,1212.8052978515625,1214.5,1248.7530517578125,1212.0,1247.5,3356257
2021-04-21,1221.293701171875,1223.0,1230.5,1214.5,1218.0,995359
2021-04-22,1233.7760009765625,1235.5,1237.18994140625,1220.0,1237.0,864543
2021-04-23,1234.7747802734375,1236.5,1240.5,1225.5,1226.5,730670
2021-04-26,1253.2491455078125,1255.0,1255.0,1235.5,1239.0,3436774
2021-04-27,1249.254638671875,1251.0,1257.5,1243.5,1250.5,1413649
2021-04-28,1250.7525634765625,1252.5,1261.5,1248.5,1250.0,717222
2021-04-29,1268.7274169921875,1270.5,1278.5,1258.0,1258.0,864583
2021-04-30,1280.211181640625,1282.0,1284.5,1269.0,1269.0,1614995
2021-05-04,1224.2894287109375,1226.0,1292.345947265625,1221.5,1285.5,1529646
2021-05-05,1233.7760009765625,1235.5,1240.0,1222.5,1227.5,2278923
2021-05-06,1242.2642822265625,1244.0,1244.0,1218.5,1234.5,1890973
2021-05-07,1246.2589111328125,1248.0,1251.5,1235.5,1249.0,2408268
2021-05-10,1231.7789306640625,1233.5,1253.5,1227.0,1250.0,1373477
2021-05-11,1193.332763671875,1195.0,1221.0,1189.5,1219.0,1468169
2021-05-12,1196.328369140625,1198.0,1210.5,1180.0,1193.5,1280176
2021-05-13,1222.292236328125,1224.0,1231.5,1176.2509765625,1182.5,2009516
2021-05-14,1242.7635498046875,1244.5,1250.0,1232.0,1243.5,1192250
2021-05-17,1220.294921875,1222.0,1256.5,1221.5,1240.0,829660
2021-05-18,1230.2808837890625,1232.0,1235.5,1219.5,1232.0,1074675
2021-05-19,1207.31298828125,1209.0,1218.0,1201.5,1217.5,891012
2021-05-20,1234.7747802734375,1236.5,1236.5,1216.0,1220.0,981581
2021-05-21,1244.2615966796875,1246.0,1247.5,1229.5,1230.0,1129753
2021-05-24,1251.251708984375,1253.0,1253.5,1239.5,1250.0,612739
2021-05-25,1242.2642822265625,1244.0,1255.0,1242.5,1252.0,795603
2021-05-26,1230.7803955078125,1232.5,1248.0,1225.0,1237.5,6050697
2021-05-27,1227.7845458984375,1229.5,1247.0,1229.5,1235.0,3791485
2021-05-28,1241.265625,1243.0,1252.2509765625,1229.5,1230.5,1154701
2021-06-01,1259.240478515625,1261.0,1274.0050048828125,1244.0,1244.0,1533007
2021-06-02,1253.7481689453125,1255.5,1266.0,1246.0,1258.5,3895386
2021-06-03,1242.2642822265625,1244.0,1259.5,1234.5,1258.0,904090
2021-06-04,1250.25341796875,1252.0,1255.5,1241.0,1243.0,748461
2021-06-07,1250.25341796875,1252.0,1265.0,1247.5,1265.0,793625
2021-06-08,1244.2615966796875,1246.0,1260.5,1246.0,1250.0,931276
2021-06-09,1206.314453125,1208.0,1244.5,1206.0,1235.0,1257496
2021-06-10,1217.798583984375,1219.5,1223.5,1203.5,1211.5,1534088
2021-06-11,1245.26025390625,1247.0,1252.0,1218.5,1222.5,1606377
2021-06-14,1239.767822265625,1241.5,1260.741943359375,1235.8299560546875,1255.5,887375
2021-06-15,1249.254638671875,1251.0,1252.5,1239.5,1251.0,1112455
2021-06-16,1256.2447509765625,1258.0,1268.5,1248.989990234375,1257.5,4109074
2021-06-17,1218.001953125,1219.5,1237.5,1207.0,1237.5,6535783
2021-06-18,1189.037353515625,1190.5,1218.5,1184.5,1216.0,4630166
2021-06-21,1206.0166015625,1207.5,1207.5,1175.0,1182.0,1176026
2021-06-22,1204.01904296875,1205.5,1211.0,1199.5,1210.0,1347228
2021-06-23,1187.539306640625,1189.0,1207.0,1189.0,1205.0,979781
2021-06-24,1181.0472412109375,1182.5,1197.0,1180.5,1186.0,1224066
2021-06-25,1193.5321044921875,1195.0,1195.0,1180.0,1183.0,1004528
2021-06-28,1184.04345703125,1185.5,1195.0,1185.5,1191.5,1212047
2021-06-29,1184.04345703125,1185.5,1203.0,1183.5,1183.5,1320695
2021-06-30,1171.5589599609375,1173.0,1189.0,1171.758056640625,1183.5,1826530
2021-07-01,1185.0423583984375,1186.5,1196.5,1175.0,1184.5,1182294
2021-07-02,1192.03369140625,1193.5,1198.927978515625,1188.0,1190.0,1117459
2021-07-05,1212.00927734375,1213.5,1214.0,1192.5,1193.0,1024653
2021-07-06,1208.0142822265625,1209.5,1221.0,1200.5,1212.0,994515
2021-07-07,1208.0142822265625,1209.5,1215.0,1204.5,1208.0,1125488
2021-07-08,1171.5589599609375,1173.0,1205.637939453125,1168.5,1201.0,2034286
2021-07-09,1201.022705078125,1202.5,1202.5,1178.0,1181.5,1289719
2021-07-12,1201.5223388671875,1203.0,1208.5,1191.0,1201.0,784074
2021-07-13,1195.0302734375,1196.5,1207.0,1192.5,1204.5,1760491
2021-07-14,1183.044921875,1184.5,1191.0,1178.0,1189.5,698983
2021-07-15,1164.0682373046875,1165.5,1186.0,1162.0,1184.5,1003906
2021-07-16,1158.0755615234375,1159.5,1177.5050048828125,1154.0,1177.5,1002531
2021-07-19,1149.5860595703125,1151.0,1176.5,1146.0,1157.0,2054291
2021-07-20,1157.07666015625,1158.5,1169.4310302734375,1141.0,1155.5,1857151
2021-07-21,1210.510986328125,1212.0,1217.5,1164.0,1164.0,1532980
2021-07-22,1261.448486328125,1263.0,1263.0,1228.5,1231.0,2427300
2021-07-23,1293.908447265625,1295.5,1296.5,1267.0,1271.0,2063401
2021-07-26,1288.4151611328125,1290.0,1295.0,1274.0489501953125,1291.5,2291390
2021-07-27,1278.9267578125,1280.5,1297.5,1271.0,1285.0,1912419
2021-07-28,1285.4188232421875,1287.0,1287.5,1276.0,1276.0,2052279
2021-07-29,1284.9195556640625,1286.5,1294.5,1278.5,1290.0,852593
2021-07-30,1277.9281005859375,1279.5,1282.5,1261.5,1275.0,1338411
2021-08-02,1291.4117431640625,1293.0,1296.5,1286.0,1294.5,810307
2021-08-03,1278.427490234375,1280.0,1293.137939453125,1276.5,1292.5,2473697
2021-08-04,1305.3941650390625,1307.0,1307.0,1281.0,1288.0,1427653
2021-08-05,1302.897216796875,1304.5,1324.0,1302.0,1305.5,1819717
2021-08-06,1298.90234375,1300.5,1307.0,1292.5,1299.5,712646
2021-08-09,1306.3929443359375,1308.0,1308.0,1291.0,1300.5,1388544
2021-08-10,1320.3759765625,1322.0,1322.0,1306.0,1309.0,2140682
2021-08-11,1335.357421875,1337.0,1345.5,1319.0,1324.0,2292079
2021-08-12,1328.8653564453125,1330.5,1347.0,1327.0,1336.5,2960015
2021-08-13,1334.85791015625,1336.5,1343.5,1331.0,1331.0,585603
2021-08-16,1319.3770751953125,1321.0,1331.5,1312.5,1330.5,896970
2021-08-17,1328.8653564453125,1330.5,1335.5,1304.5,1312.0,1405159
2021-08-18,1325.369873046875,1327.0,1336.5,1316.5,1335.0,914603
2021-08-19,1308.3905029296875,1310.0,1311.0,1284.5,1309.5,875017
2021-08-20,1316.380859375,1318.0,1323.5,1299.0,1311.0,926642
2021-08-23,1315.3822021484375,1317.0,1331.0,1306.2530517578125,1327.5,667182
2021-08-24,1320.3759765625,1322.0,1322.0,1304.5,1308.5,878469
2021-08-25,1320.8753662109375,1322.5,1329.0,1311.5,1328.0,636580
2021-08-26,1319.876708984375,1321.5,1329.0,1313.5,1319.0,733765
2021-08-27,1329.3648681640625,1331.0,1331.5,1316.9949951171875,1328.0,1719071
2021-08-31,1335.85693359375,1337.5,1350.5,1324.5,1336.0,2078783
2021-09-01,1337.3551025390625,1339.0,1348.0,1333.0,1345.5,710718
2021-09-02,1336.8555908203125,1338.5,1344.5,1331.5,1332.5,1143079
2021-09-03,1333.859375,1335.5,1344.0,1334.0,1341.0,956961
2021-09-06,1337.3551025390625,1339.0,1347.0,1334.0,1340.0,569215
2021-09-07,1328.8653564453125,1330.5,1339.0,1325.5,1339.0,830698
2021-09-08,1304.3955078125,1306.0,1323.5,1300.5,1323.5,1192192
2021-09-09,1306.3929443359375,1308.0,1311.0,1283.0,1291.5,1279457
2021-09-10,1298.40283203125,1300.0,1319.5,1297.0,1316.5,967934
2021-09-13,1291.4117431640625,1293.0,1306.5,1292.0,1302.0,25408
2021-09-14,1269.4385986328125,1271.0,1296.5,1263.5,1295.5,1169837
2021-09-15,1277.9281005859375,1279.5,1288.0,1266.5,1271.5,2120784
2021-09-16,1290.911865234375,1292.5,1301.5,1284.0,1284.0,977753
2021-09-17,1283.920654296875,1285.5,1310.0,1285.0,1305.5,4453180
2021-09-20,1270.4373779296875,1272.0,1276.0,1261.5,1270.0,1358896
2021-09-21,1295.4066162109375,1297.0,1302.5,1277.5,1278.5,1229322
2021-09-22,1316.380859375,1318.0,1320.5,1305.0,1305.5,1043271
2021-09-23,1326.36865234375,1328.0,1345.5,1321.634033203125,1325.5,1024529
2021-09-24,1298.90234375,1300.5,1327.0,1294.5,1327.0,1211508
2021-09-27,1273.4337158203125,1275.0,1323.5,1271.5,1316.5,1921850
2021-09-28,1270.936767578125,1272.5,1281.154052734375,1249.5,1273.0,2776985
2021-09-29,1272.434814453125,1274.0,1296.5,1264.5,1270.0,1809369
2021-09-30,1279.92578125,1281.5,1289.5,1270.0,1282.5,1958093
2021-10-01,1279.4263916015625,1281.0,1284.0,1257.0,1260.0,1114241
2021-10-04,1250.4620361328125,1252.0,1278.0,1250.5,1274.5,1137676
2021-10-05,1263.4459228515625,1265.0,1267.0,1251.0260009765625,1254.0,1119407
2021-10-06,1245.4678955078125,1247.0,1256.0,1227.0,1252.0,799148
2021-10-07,1264.44482421875,1266.0,1266.0,1245.5,1262.0,1107404
2021-10-08,1254.95654296875,1256.5,1268.5250244140625,1244.5,1265.5,1009845
2021-10-11,1269.4385986328125,1271.0,1272.5,1248.5,1250.0,1194160
2021-10-12,1264.44482421875,1266.0,1270.5,1248.0,1254.0,852416
2021-10-13,1285.9183349609375,1287.5,1291.0,1259.0,1265.5,1030838
2021-10-14,1303.39697265625,1305.0,1311.0,1296.5,1298.0,1451506
2021-10-15,1313.884033203125,1315.5,1321.0,1304.0,1311.5,1439169
2021-10-18,1304.3955078125,1306.0,1321.0,1306.0,1311.0,674748
2021-10-19,1312.3857421875,1314.0,1316.5,1300.9949951171875,1311.0,592595
2021-10-20,1301.8985595703125,1303.5,1319.5,1303.5,1312.5,718772
2021-10-21,1321.374755859375,1323.0,1323.0,1292.5,1301.0,909038
2021-10-22,1319.876708984375,1321.5,1326.5,1313.0,1326.5,818220
2021-10-25,1324.870361328125,1326.5,1336.0,1323.0,1328.0,922333
2021-10-26,1338.353759765625,1340.0,1340.5,1328.0,1330.5,955650
2021-10-27,1332.3612060546875,1334.0,1345.25,1328.5,1338.0,1106403
2021-10-28,1354.8336181640625,1356.5,1359.0,1322.0,1331.0,1564183
2021-10-29,1362.3243408203125,1364.0,1370.5,1344.0,1351.5,1342113
2021-11-01,1360.3267822265625,1362.0,1376.5,1069.0,1375.0,2106620
2021-11-02,1364.322021484375,1366.0,1370.0,1353.0,1361.0,1674094
2021-11-03,1366.3193359375,1368.0,1370.5,1363.0,1364.0,959009
2021-11-04,1381.8004150390625,1383.5,1386.0,1364.5,1378.0,1348855
2021-11-05,1370.813720703125,1372.5,1392.0,1363.5,1379.5,1477199
2021-11-08,1376.3072509765625,1378.0,1385.5,1354.0,1368.0,1398578
2021-11-09,1347.3427734375,1349.0,1377.302001953125,1343.5,1375.0,2005929
2021-11-10,1363.8223876953125,1365.5,1367.5,1341.3470458984375,1347.0,3585736
2021-11-11,1427.2445068359375,1429.0,1434.5,1367.5,1384.0,1921094
2021-11-12,1451.71435546875,1453.5,1460.0,1428.5,1442.5,2966962
2021-11-15,1442.7254638671875,1444.5,1457.5,1442.0,1447.0,1043217
2021-11-16,1444.72314453125,1446.5,1450.0,1429.5,1446.0,1591928
2021-11-17,1432.23828125,1434.0,1444.0,1426.5,1439.0,3335149
2021-11-18,1448.71826171875,1450.5,1458.0,1431.4510498046875,1435.0,1032994
2021-11-19,1441.2274169921875,1443.0,1453.0,1433.5,1453.0,4548741
2021-11-22,1431.239501953125,1433.0,1450.0,1430.0,1450.0,1181141
2021-11-23,1414.759765625,1416.5,1427.5,1403.0,1420.0,1122399
2021-11-24,1419.75390625,1421.5,1428.5,1404.5,1414.0,824855
2021-11-25,1442.7254638671875,1444.5,1444.5,1418.0,1427.5,797238
2021-11-26,1360.8260498046875,1362.5,1410.0,1356.5,1408.0,2453177
2021-11-29,1386.2945556640625,1388.0,1403.5,1378.4759521484375,1385.0,2131020
2021-11-30,1385.296142578125,1387.0,1398.0,1363.0,1375.5,4313470
2021-12-01,1431.7388916015625,1433.5,1435.5,1374.5,1374.5,1509892
2021-12-02,1398.4678955078125,1400.0,1406.5,1387.5,1394.0,1436692
2021-12-03,1406.9586181640625,1408.5,1426.0,1402.5,1409.5,1730138
2021-12-06,1398.4678955078125,1400.0,1419.5,1374.0,1419.5,1802703
2021-12-07,1452.408935546875,1454.0,1465.5,1402.5,1410.5,3024376
2021-12-08,1403.46240234375,1405.0,1463.5,1400.0,1458.5,2186744
2021-12-09,1397.9683837890625,1399.5,1412.93994140625,1388.0,1409.0,1095094
2021-12-10,1390.97607421875,1392.5,1397.5,1379.0,1388.0,1079477
2021-12-13,1394.4722900390625,1396.0,1420.5,1393.0,1393.0,3819045
2021-12-14,1387.9794921875,1389.5,1416.5,1387.5,1404.0,968832
2021-12-15,1398.4678955078125,1400.0,1410.0,1391.5,1394.5,899698
2021-12-16,1416.947509765625,1418.5,1432.5,1400.0,1425.0,1997065
2021-12-17,1422.441650390625,1424.0,1427.5,1402.5,1411.0,2453159
2021-12-20,1395.970703125,1397.5,1407.0,1383.0,1399.5,1356763
2021-12-21,1403.9617919921875,1405.5,1419.5,1396.5,1418.5,1025348
2021-12-22,1427.935546875,1429.5,1429.5,1399.4949951171875,1403.5,949425
2021-12-23,1442.919189453125,1444.5,1449.0,1432.0,1435.5,1293579
2021-12-24,1452.9083251953125,1454.5,1462.0,1440.5,1462.0,138655
2021-12-29,1465.8939208984375,1467.5,1477.0,1460.0,1471.0,797819
2021-12-30,1456.4044189453125,1458.0,1469.0,1447.0,1466.0,575929
2021-12-31,1447.4141845703125,1449.0,1457.0,1449.0,1449.0,271769
2022-01-04,1501.8546142578125,1503.5,1507.5,1465.5,1478.0,1287513
2022-01-05,1478.8797607421875,1480.5,1505.0,1478.5,1499.0,1919416
2022-01-06,1442.919189453125,1444.5,1471.5,1442.0,1457.5,1210133
2022-01-07,1450.4110107421875,1452.0,1452.0,1423.5,1446.5,2527588
2022-01-10,1412.4525146484375,1414.0,1457.0,1410.0,1457.0,2259853
2022-01-11,1415.449462890625,1417.0,1426.0,1406.5,1420.0,2284127
2022-01-12,1432.9302978515625,1434.5,1436.0,1418.0,1430.0,1408026
2022-01-13,1405.9595947265625,1407.5,1435.3800048828125,1386.5,1433.0,2458642
2022-01-14,1413.9510498046875,1415.5,1440.0,1392.5,1392.5,1526192
2022-01-17,1430.432861328125,1432.0,1437.5,1414.0,1421.0,722242
2022-01-18,1404.46142578125,1406.0,1429.0,1399.0,1429.0,1229306
2022-01-19,1408.456787109375,1410.0,1416.0,1383.0,1393.0,2226431
2022-01-20,1410.9542236328125,1412.5,1414.5,1399.0,1412.0,1143734
2022-01-21,1368.500732421875,1370.0,1403.4449462890625,1360.969970703125,1392.5,2888838
2022-01-24,1297.078857421875,1298.5,1367.5,1296.0,1359.5,2687077
2022-01-25,1306.0692138671875,1307.5,1328.5,1296.5,1320.0,1123867
2022-01-26,1319.5543212890625,1321.0,1341.5,1311.5,1318.5,2542864
2022-01-27,1345.525634765625,1347.0,1358.0,1310.0,1312.0,2422554
2022-01-28,1325.5478515625,1327.0,1346.5,1312.4990234375,1337.0,3109533
2022-01-31,1368.500732421875,1370.0,1375.0,1333.0,1347.5,2663523
2022-02-01,1385.9815673828125,1387.5,1408.5,1384.0,1384.0,1789821
2022-02-02,1394.9718017578125,1396.5,1417.0040283203125,1394.5,1404.5,2160077
2022-02-03,1388.4788818359375,1390.0,1400.427001953125,1377.5,1397.5,3430719
2022-02-04,1351.02001953125,1352.5,1404.0,1349.5,1395.0,1958918
2022-02-07,1346.0255126953125,1347.5,1362.0,1342.5,1359.0,2050989
2022-02-08,1337.5347900390625,1339.0,1351.95703125,1339.0,1350.5,1670518
2022-02-09,1373.9945068359375,1375.5,1383.5,1348.5,1350.5,2411520
2022-02-10,1369.0001220703125,1370.5,1389.5,1355.0,1382.0,1095248
2022-02-11,1358.511474609375,1360.0,1364.0,1345.0,1355.5,1151799
2022-02-14,1320.55322265625,1322.0,1356.0,1293.5,1334.5,1640429
2022-02-15,1342.0296630859375,1343.5,1345.0,1314.5,1315.5,4428101
2022-02-16,1343.528076171875,1345.0,1345.0,1326.0,1338.5,1110778
2022-02-17,1319.054931640625,1320.5,1356.0,1313.0,1349.5,1063128
2022-02-18,1311.5631103515625,1313.0,1328.5,1312.4969482421875,1318.5,1442961
2022-02-21,1296.57958984375,1298.0,1326.0,1285.5,1320.5,1094317
2022-02-22,1307.5673828125,1309.0,1320.0,1266.9739990234375,1272.0,1025662
2022-02-23,1311.5631103515625,1313.0,1347.0,1309.0,1318.0,1327527
2022-02-24,1244.1370849609375,1245.5,1285.0,1235.0,1247.5,2325185
2022-02-25,1305.569580078125,1307.0,1313.0,1245.5,1270.0,3248744
2022-02-28,1334.03857421875,1335.5,1335.5,1281.428955078125,1285.5,4886828
2022-03-01,1294.5816650390625,1296.0,1337.0,1296.0,1330.5,3816126
2022-03-02,1303.072265625,1304.5,1319.0,1282.0,1290.5,3054895
2022-03-03,1232.1502685546875,1233.5,1311.5,1230.0,1304.5,1700940
2022-03-04,1153.7359619140625,1155.0,1231.5,1155.0,1220.5,2976844
2022-03-07,1137.254150390625,1138.5,1162.5,1071.0,1116.5,3426552
2022-03-08,1142.248779296875,1143.5,1182.0,1108.0,1113.0,4339019
2022-03-09,1230.6517333984375,1232.0,1232.0,1170.0,1176.5,3876167
2022-03-10,1216.16748046875,1217.5,1240.0,1203.5,1236.0,2564040
2022-03-11,1240.640869140625,1242.0,1265.0,1231.0,1231.0,1294909
2022-03-14,1274.603759765625,1276.0,1298.5,1248.0,1258.0,7151014
2022-03-15,1269.6090087890625,1271.0,1289.0,1254.5,1269.0,1680642
2022-03-16,1319.054931640625,1320.5,1339.5,1299.7509765625,1302.5,2582880
2022-03-17,1348.5225830078125,1350.0,1350.0,1314.0,1334.5,1791809
2022-03-18,1358.0123291015625,1359.5,1367.5,1335.0,1350.5,6758100
2022-03-21,1351.02001953125,1352.5,1370.1009521484375,1342.0,1363.5,1465980
2022-03-22,1359.5107421875,1361.0,1369.5,1353.0,1356.5,1219400
2022-03-23,1335.0372314453125,1336.5,1370.343017578125,1335.5,1364.0,1283161
2022-03-24,1324.0494384765625,1325.5,1363.5,1325.5,1336.5,1585405
2022-03-25,1348.5225830078125,1350.0,1356.75,1326.0,1328.5,1489688
2022-03-28,1357.5125732421875,1359.0,1365.5,1345.0,1359.5,1163973
2022-03-29,1404.46142578125,1406.0,1421.5,1357.5,1357.5,1444868
2022-03-30,1379.4886474609375,1381.0,1407.0,1374.5,1406.0,2091803
2022-03-31,1386.9805908203125,1388.5,1410.0,1385.0,1403.5,1585639
2022-04-01,1379.9881591796875,1381.5,1396.5,1373.0,1393.0,1425274
2022-04-04,1400.9652099609375,1402.5,1403.0,1379.5,1387.0,1252364
2022-04-05,1396.47021484375,1398.0,1412.5,1392.5,1401.5,1813946
2022-04-06,1358.511474609375,1360.0,1404.0,1357.5,1394.0,2099696
2022-04-07,1358.0123291015625,1359.5,1375.5,1349.0,1369.0,1316594
2022-04-08,1369.9991455078125,1371.5,1388.5,1361.5,1388.5,1007535
2022-04-11,1344.5269775390625,1346.0,1383.5,1346.0,1370.5,1092066
2022-04-12,1318.555419921875,1320.0,1344.0,1317.0,1333.0,1647500
2022-04-13,1312.062744140625,1313.5,1324.5,1296.5,1316.0,1434060
2022-04-14,1331.041748046875,1332.5,1339.5,1305.0,1319.5,1621552
2022-04-19,1333.0396728515625,1334.5,1345.5,1315.0,1332.5,5821581
2022-04-20,1361.0087890625,1362.5,1362.5,1327.0,1340.0,3509755
2022-04-21,1371.9967041015625,1373.5,1383.0,1357.0,1371.5,3530430
2022-04-22,1352.518310546875,1354.0,1378.5,1354.0,1361.0,1340596
2022-04-25,1317.05712890625,1318.5,1333.0,1306.0,1327.0,1653209
2022-04-26,1282.0953369140625,1283.5,1351.0,1283.5,1336.5,4010416
2022-04-27,1286.0908203125,1287.5,1308.0,1267.0,1286.5,2461969
2022-04-28,1316.05810546875,1317.5,1332.0,1300.0,1302.5,1978839
2022-04-29,1323.5499267578125,1325.0,1343.0,1316.5,1334.0,1456836
2022-05-03,1301.0745849609375,1302.5,1334.5,1301.0,1320.5,1348666
2022-05-04,1304.0711669921875,1305.5,1314.0,1295.0,1305.0,2715038
2022-05-05,1307.0679931640625,1308.5,1345.0,1301.5,1332.5,1509024
2022-05-06,1259.1204833984375,1260.5,1310.0,1255.0,1300.5,2479296
2022-05-09,1233.6483154296875,1235.0,1265.0,1231.0,1249.0,3129355
2022-05-10,1245.6351318359375,1247.0,1267.0,1242.0,1251.5,3559459
2022-05-11,1286.590576171875,1288.0,1288.0,1246.5,1258.0,3295189
2022-05-12,1271.1075439453125,1272.5,1282.5,1244.5,1278.5,2476111
2022-05-13,1308.566162109375,1310.0,1317.0,1270.0,1281.5,1748160
2022-05-16,1321.55224609375,1323.0,1323.5,1296.5,1302.0,1674010
2022-05-17,1346.5247802734375,1348.0,1368.0,1322.0,1326.5,1883512
2022-05-18,1322.5511474609375,1324.0,1370.5,1324.0,1353.0,4637150
2022-05-19,1176.7108154296875,1178.0,1310.5,1167.5,1310.5,4583943
2022-05-20,1220.1634521484375,1221.5,1230.5,1178.0,1190.0,4399510
2022-05-23,1255.624267578125,1257.0,1259.0,1233.5,1240.0,1645668
2022-05-24,1220.66259765625,1222.0,1248.5,1221.9019775390625,1236.5,2656011
2022-05-25,1234.6473388671875,1236.0,1244.0,1208.5,1240.5,2296281
2022-05-26,1261.617919921875,1263.0,1268.0,1239.0,1239.0,2240285
2022-05-27,1281.0965576171875,1282.5,1291.2769775390625,1265.7650146484375,1269.0,2110981
2022-05-30,1294.5816650390625,1296.0,1304.5,1285.0,1294.0,2776638
2022-05-31,1268.1109619140625,1269.5,1299.0,1262.5,1293.5,4371219
2022-06-01,1237.1446533203125,1238.5,1281.0,1237.0,1279.0,2410103
2022-06-06,1248.632080078125,1250.0,1265.9840087890625,1249.5,1254.0,3504231
2022-06-07,1212.6715087890625,1214.0,1245.5,1198.5,1235.0,3612806
2022-06-08,1197.68798828125,1199.0,1223.0,1194.0,1219.0,2013393
2022-06-09,1165.223388671875,1166.5,1192.0,1159.5,1192.0,1439692
2022-06-10,1149.740478515625,1151.0,1176.5,1146.0,1153.0,2881244
2022-06-13,1121.771240234375,1123.0,1141.0,1101.5,1140.0,2680942
2022-06-14,1103.291259765625,1104.5,1137.5,1104.5,1135.5,2200410
2022-06-15,1123.7689208984375,1125.0,1136.0,1111.0,1118.5,2712370
2022-06-16,1059.0963134765625,1060.0,1102.5,1046.0,1094.0,2421277
2022-06-17,1058.097412109375,1059.0,1083.0,1051.25,1068.0,3746941
2022-06-20,1065.5909423828125,1066.5,1072.0,1057.0,1063.5,2072287
2022-06-21,1068.0887451171875,1069.0,1093.0,1064.5,1069.5,1029015
2022-06-22,1075.5823974609375,1076.5,1087.5,1042.0,1056.0,3178122
2022-06-23,1085.5738525390625,1086.5,1095.5,1061.5,1073.0,2163608
2022-06-24,1121.5433349609375,1122.5,1130.0,1092.0,1097.5,2081863
2022-06-27,1122.5423583984375,1123.5,1137.5,1118.0,1131.5,3904800
2022-06-28,1119.544921875,1120.5,1135.5,1112.4990234375,1133.0,3468397
2022-06-29,1111.05224609375,1112.0,1123.5,1094.5,1107.0,1418383
2022-06-30,1107.5552978515625,1108.5,1114.0,1073.0,1086.5,2145832
2022-07-01,1101.060791015625,1102.0,1117.0,1091.5,1100.0,1185933
2022-07-04,1084.0751953125,1085.0,1118.0,1080.5,1112.0,1138971
2022-07-05,1097.563720703125,1098.5,1109.0,1081.0,1081.0,2990333
2022-07-06,1125.040283203125,1126.0,1137.5,1102.5,1114.0,3082425
2022-07-07,1151.018310546875,1152.0,1152.0,1109.5,1129.5,3636335
2022-07-08,1157.0130615234375,1158.0,1165.0,1139.5,1149.0,1123073
2022-07-11,1151.5177001953125,1152.5,1161.0,1133.0,1140.0,882289
2022-07-12,1175.9969482421875,1177.0,1182.0,1132.5,1137.5,1482912
2022-07-13,1177.9949951171875,1179.0,1194.0,1158.5,1172.0,5219382
2022-07-14,1154.015625,1155.0,1184.0,1148.5,1177.0,2027925
2022-07-15,1185.98828125,1187.0,1190.0,1152.0,1159.0,1600682
2022-07-18,1189.4853515625,1190.5,1205.5,1188.0,1198.5,1783978
2022-07-19,1196.9788818359375,1198.0,1202.0,1171.0,1183.0,1085653
2022-07-20,1195.9798583984375,1197.0,1214.0,1186.0,1205.5,3482469
2022-07-21,1245.9371337890625,1247.0,1250.25,1199.0,1202.0,2535389
2022-07-22,1235.9456787109375,1237.0,1257.5,1237.0,1254.0,1775861
2022-07-25,1225.9541015625,1227.0,1237.0,1223.0,1229.0,7532866
2022-07-26,1200.9755859375,1202.0,1229.5,1191.0,1227.0,2566731
2022-07-27,1218.9600830078125,1220.0,1233.0,1204.0,1210.0,843411
2022-07-28,1244.9381103515625,1246.0,1246.0,1226.0,1234.5,1570806
2022-07-29,1268.41796875,1269.5,1274.0,1249.699951171875,1257.0,2406165
2022-08-01,1259.42578125,1260.5,1275.5,1252.5,1267.0,877065
2022-08-02,1242.4400634765625,1243.5,1259.5,1237.5,1259.5,1247815
2022-08-03,1255.9285888671875,1257.0,1257.0,1234.5,1242.5,1007918
2022-08-04,1258.4266357421875,1259.5,1268.5,1249.0,1261.0,2427628
2022-08-05,1221.4581298828125,1222.5,1266.5,1222.0,1264.0,1885949
2022-08-08,1249.4342041015625,1250.5,1260.0,1226.0,1226.0,979960
2022-08-09,1240.4417724609375,1241.5,1258.9599609375,1237.0,1256.5,1794826
2022-08-10,1272.4146728515625,1273.5,1278.0,1235.5,1238.5,2046240
2022-08-11,1253.930419921875,1255.0,1286.0,1255.0,1286.0,1102746
2022-08-12,1257.9268798828125,1259.0,1259.0,1247.5,1251.0,729234
2022-08-15,1250.433349609375,1251.5,1267.0,1243.5,1267.0,1116144
2022-08-16,1252.431640625,1253.5,1268.0,1249.5,1259.0,864704
2022-08-17,1257.4273681640625,1258.5,1279.0,1252.5,1257.0,1238891
2022-08-18,1259.42578125,1260.5,1274.0,1251.25,1263.0,693484
2022-08-19,1238.9429931640625,1240.0,1257.0,1237.2330322265625,1257.0,2787270
2022-08-22,1228.4520263671875,1229.5,1247.6949462890625,1225.0,1244.0,2379263
2022-08-23,1221.4581298828125,1222.5,1234.0,1219.0,1226.0,6523424
2022-08-24,1221.4581298828125,1222.5,1230.0,1200.5,1227.0,990171
2022-08-25,1222.9566650390625,1224.0,1251.0,1222.0,1241.0,805374
2022-08-26,1191.9832763671875,1193.0,1236.5,1192.988037109375,1232.5,1986222
2022-08-30,1207.9696044921875,1209.0,1226.5,1175.0,1175.0,1710629
2022-08-31,1214.464111328125,1215.5,1231.0,1194.0,1217.0,6349437
2022-09-01,1132.533935546875,1133.5,1210.5,1130.5,1209.0,2351367
2022-09-02,1169.50244140625,1170.5,1170.5,1125.5,1144.5,1422327
2022-09-05,1160.010498046875,1161.0,1161.0,1128.0,1141.0,1653707
2022-09-06,1173.99853515625,1175.0,1187.0,1160.0,1161.0,1253723
2022-09-07,1177.9949951171875,1179.0,1185.5,1156.5,1162.5,1675217
2022-09-08,1154.514892578125,1155.5,1188.0,1131.0,1185.0,1109332
2022-09-09,1165.5057373046875,1166.5,1183.5,1157.0,1157.0,1554869
2022-09-12,1193.9814453125,1195.0,1200.0,1174.0,1180.5,1567538
2022-09-13,1162.0087890625,1163.0,1205.5,1163.0,1197.0,1278732
2022-09-14,1132.0343017578125,1133.0,1159.9630126953125,1127.0,1145.5,1338471
2022-09-15,1131.03515625,1132.0,1147.5,1126.0,1138.5,880196
2022-09-16,1133.033447265625,1134.0,1146.5,1112.001953125,1121.0,3519396
2022-09-20,1098.0633544921875,1099.0,1143.5,1099.0,1134.0,1214832
2022-09-21,1137.5296630859375,1138.5,1138.5,1089.875,1094.5,2335855
2022-09-22,1113.0504150390625,1114.0,1132.0,1104.0,1124.5,1700800
2022-09-23,1086.572998046875,1087.5,1114.5,1074.5,1105.5,2305030
2022-09-26,1080.7939453125,1081.7159423828125,1125.0,1080.0,1080.0,2075083
2022-09-27,1116.0478515625,1117.0,1154.5,1117.0,1133.5,1975095
2022-09-28,1118.04638671875,1119.0,1133.0,1098.0,1106.5,2366379
2022-09-29,1078.5799560546875,1079.5,1112.7779541015625,1063.0,1106.0,4096325
2022-09-30,1092.0684814453125,1093.0,1109.7120361328125,1076.5,1078.0,2621899
2022-10-03,1097.563720703125,1098.5,1102.5,1069.5,1081.5,1368857
2022-10-04,1151.5177001953125,1152.5,1155.0,1099.0,1101.5,1930863
2022-10-05,1125.539794921875,1126.5,1159.5,1117.0,1159.5,1773612
2022-10-06,1129.036865234375,1130.0,1147.5,1122.0,1130.0,2580582
2022-10-07,1108.554443359375,1109.5,1131.0,1105.0,1123.5,2040908
2022-10-10,1114.0498046875,1115.0,1124.5,1100.699951171875,1101.5,1725690
2022-10-11,1080.578369140625,1081.5,1118.5,1067.0,1114.5,2372803
2022-10-12,1061.0948486328125,1062.0,1092.0,1056.5,1080.5,2058067
2022-10-13,1083.5758056640625,1084.5,1094.5,1044.5,1056.0,2280233
2022-10-14,1079.0794677734375,1080.0,1109.75,1074.0,1106.0,2079747
2022-10-17,1100.0615234375,1101.0,1117.0,1067.0,1077.5,1236554
2022-10-18,1114.0498046875,1115.0,1126.5,1104.0,1109.5,1507635
2022-10-19,1096.564697265625,1097.5,1121.5,1094.0,1116.5,988378
2022-10-20,1096.06494140625,1097.0,1103.5,1083.0,1093.5,2910284
2022-10-21,1089.071044921875,1090.0,1096.5,1073.0,1084.5,1397652
2022-10-24,1114.5491943359375,1115.5,1125.5,1084.251953125,1098.0,1125921
2022-10-25,1145.023193359375,1146.0,1152.5,1116.5,1120.0,1217784
2022-10-26,1173.4989013671875,1174.5,1177.5,1138.0,1145.0,1488280
2022-10-27,1174.4981689453125,1175.5,1180.5,1158.0,1164.5,3514335
2022-10-28,1165.006103515625,1166.0,1168.0,1147.251953125,1164.0,986304
2022-10-31,1159.5108642578125,1160.5,1170.0,1148.0,1167.0,1320196
2022-11-01,1192.9822998046875,1194.0,1211.0,1178.5,1180.5,1979710
2022-11-02,1198.9771728515625,1200.0,1212.5,1187.375,1194.5,1077826
2022-11-03,1195.9798583984375,1197.0,1197.0,1165.5,1187.5,6647711
2022-11-04,1219.9593505859375,1221.0,1225.5,1195.5,1203.5,2157005
2022-11-07,1234.447021484375,1235.5,1243.5,1215.0,1216.5,1220733
2022-11-08,1254.4298095703125,1255.5,1255.5,1222.7509765625,1230.0,1726641
2022-11-09,1251.93212890625,1253.0,1262.5,1240.5,1252.0,1163752
2022-11-10,1298.89208984375,1300.0,1321.0,1237.0,1260.0,5150658
2022-11-11,1296.394287109375,1297.5,1325.5,1297.5,1323.0,3831617
2022-11-14,1282.406005859375,1283.5,1308.6300048828125,1255.5,1304.5,2468999
2022-11-15,1293.3966064453125,1294.5,1307.0,1282.0,1291.5,1868657
2022-11-16,1256.427978515625,1257.5,1296.5,1257.5,1286.5,2689083
2022-11-17,1281.4068603515625,1282.5,1285.5,1259.5,1265.0,1257163
2022-11-18,1312.38037109375,1313.5,1325.0,1282.5,1289.5,2044664
2022-11-21,1315.3780517578125,1316.5,1329.5,1299.5,1307.5,1781980
2022-11-22,1319.3743896484375,1320.5,1331.0,1307.5,1307.5,1314945
2022-11-23,1347.3507080078125,1348.5,1352.0009765625,1323.5,1329.0,1180778
2022-11-24,1356.3428955078125,1357.5,1368.0,1351.0,1353.5,767421
2022-11-25,1355.843505859375,1357.0,1364.5,1347.0,1357.5,963159
2022-11-28,1341.85546875,1343.0,1364.5,1338.0,1350.5,2501825
2022-11-29,1339.357421875,1340.5,1360.0,1340.5,1340.5,3215733
2022-11-30,1347.3507080078125,1348.5,1364.5,1327.0,1349.0,8231218
2022-12-01,1314.605224609375,1315.5,1346.0,1311.0,1345.0,2237302
2022-12-02,1317.103759765625,1318.0,1334.0,1308.0,1326.0,2085361
2022-12-05,1312.6068115234375,1313.5,1324.5,1306.5,1315.0,2127397
2022-12-06,1310.608154296875,1311.5,1318.5009765625,1298.5,1309.5,1913250
2022-12-07,1313.60595703125,1314.5,1322.5,1305.5,1311.5,1476102
2022-12-08,1329.0955810546875,1330.0,1336.5,1314.5,1314.5,2329021
2022-12-09,1337.090087890625,1338.0,1348.0,1320.5,1336.0,2671151
2022-12-12,1332.0936279296875,1333.0,1350.5,1330.0,1330.0,1311973
2022-12-13,1355.0780029296875,1356.0,1375.0,1326.0,1338.5,1935331
2022-12-14,1344.0855712890625,1345.0,1353.5,1338.5,1353.5,1342084
2022-12-15,1335.5911865234375,1336.5,1351.5,1328.0,1335.5,4291527
2022-12-16,1275.6319580078125,1276.5,1335.0,1276.5,1333.5,5290061
2022-12-19,1286.6246337890625,1287.5,1295.5,1276.5,1281.5,1504286
2022-12-20,1287.6239013671875,1288.5,1296.5,1271.0,1276.0,2734943
2022-12-21,1328.0960693359375,1329.0,1331.0,1295.0,1295.0,1147237
2022-12-22,1320.1016845703125,1321.0,1335.5,1316.0,1332.0,1723867
2022-12-23,1314.605224609375,1315.5,1325.5,1314.5,1321.0,675956
2022-12-28,1332.0936279296875,1333.0,1336.5,1313.0,1313.0,1326495
2022-12-29,1336.0906982421875,1337.0,1340.5,1321.5,1330.5,1315678
2022-12-30,1340.587890625,1341.5,1345.5,1331.5,1345.5,974564
2023-01-03,1339.0887451171875,1340.0,1366.5,1332.5,1345.5,1650828
2023-01-04,1348.582275390625,1349.5,1360.0,1343.5,1349.0,1747073
2023-01-05,1349.581787109375,1350.5,1360.0,1336.0,1348.5,1765046
2023-01-06,1374.0648193359375,1375.0,1375.0,1348.5,1351.5,1797700
2023-01-09,1387.0560302734375,1388.0,1392.0,1371.0,1378.5,1372414
2023-01-10,1398.048583984375,1399.0,1404.5,1379.0,1383.5,2903584
2023-01-11,1425.0303955078125,1426.0,1452.0,1402.8499755859375,1404.0,4555689
2023-01-12,1410.0404052734375,1411.0,1438.6099853515625,1400.5,1437.5,3638763
2023-01-13,1436.5225830078125,1437.5,1442.5,1396.5,1407.0,2968311
2023-01-16,1439.5205078125,1440.5,1451.0,1437.0,1440.5,1157036
2023-01-17,1444.017333984375,1445.0,1457.5,1431.5,1444.0,3495133
2023-01-18,1430.0267333984375,1431.0,1453.5,1430.5,1446.0,1669305
2023-01-19,1414.537353515625,1415.5,1437.5,1409.0,1428.0,1346541
2023-01-20,1461.5054931640625,1462.5,1464.0,1421.0,1425.0,2810733
2023-01-23,1475.99560546875,1477.0,1481.5,1456.5,1465.0,1267151
2023-01-24,1467.5013427734375,1468.5,1491.5,1468.5,1481.5,3048011
2023-01-25,1459.0072021484375,1460.0,1480.5,1449.0,1472.5,2755949
2023-01-26,1592.916015625,1594.0,1600.2490234375,1489.0,1489.0,7223851
2023-01-27,1606.4068603515625,1607.5,1609.5,1581.5,1599.5,3885938
2023-01-30,1585.4212646484375,1586.5,1610.5,1570.5,1604.0,3009432
2023-01-31,1573.928955078125,1575.0,1583.0,1559.449951171875,1580.5,3507175
2023-02-01,1608.9052734375,1610.0,1610.0,1574.5,1577.5,3523411
2023-02-02,1638.8848876953125,1640.0,1651.5,1617.5,1620.5,2666813
2023-02-03,1635.38720703125,1636.5,1644.0,1626.5,1639.0,2935967
2023-02-06,1633.3885498046875,1634.5,1641.25,1625.5,1630.5,1167010
2023-02-07,1627.3927001953125,1628.5,1634.9599609375,1619.5,1631.5,1461942
2023-02-08,1629.8907470703125,1631.0,1645.219970703125,1626.0,1634.5,1286053
2023-02-09,1644.8807373046875,1646.0,1661.0,1633.5,1639.5,7549104
2023-02-10,1630.8900146484375,1632.0,1646.0,1615.0,1635.0,2010831
2023-02-13,1653.375,1654.5,1656.0,1629.5,1631.0,1932284
2023-02-14,1640.3836669921875,1641.5,1665.5,1637.5,1655.5,1440043
2023-02-15,1671.8623046875,1673.0,1673.0,1637.5,1641.0,1556771
2023-02-16,1639.8841552734375,1641.0,1685.0,1639.0,1685.0,2708705
2023-02-17,1643.8812255859375,1645.0,1650.5,1622.0,1626.5,11758800
2023-02-20,1648.8780517578125,1650.0,1660.0,1638.9610595703125,1645.5,2083140
2023-02-21,1630.8900146484375,1632.0,1645.0,1616.5,1645.0,4200524
2023-02-22,1613.4019775390625,1614.5,1625.0,1596.5,1625.0,2641771
2023-02-23,1628.3919677734375,1629.5,1639.5,1614.5,1614.5,1265031
2023-02-24,1622.8956298828125,1624.0,1637.0,1613.0,1634.5,1230637
2023-02-27,1649.8773193359375,1651.0,1655.5,1630.5,1635.0,2873772
2023-02-28,1625.8936767578125,1627.0,1657.998046875,1627.0,1642.5,3388072
2023-03-01,1635.886962890625,1637.0,1664.5,1625.5,1625.5,1887081
2023-03-02,1648.378173828125,1649.5,1653.5,1630.5,1632.5,4242471
2023-03-03,1631.3900146484375,1632.5,1662.0,1632.5,1640.5,3342931
2023-03-06,1645.8800048828125,1647.0,1648.5,1623.5,1637.5,1370955
2023-03-07,1639.38427734375,1640.5,1657.5,1635.0,1641.5,1752125
2023-03-08,1638.385009765625,1639.5,1640.5,1623.0,1629.0,905419
2023-03-09,1632.8887939453125,1634.0,1639.68603515625,1612.5,1628.5,2428446
2023-03-10,1580.4246826171875,1581.5,1616.5,1567.0,1616.5,3065712
2023-03-13,1508.4736328125,1509.5,1586.5,1503.0,1586.0,2877943
2023-03-14,1538.4530029296875,1539.5,1540.0,1493.0,1510.5,1856816
2023-03-15,1486.9879150390625,1488.0,1536.5,1471.800048828125,1535.0,1802721
2023-03-16,1517.9669189453125,1519.0,1529.5,1494.5,1518.0,3310881
2023-03-17,1481.4918212890625,1482.5,1541.2010498046875,1465.0,1525.5,4419802
2023-03-20,1518.96630859375,1520.0,1531.0,1440.498046875,1464.5,6802632
2023-03-21,1566.43408203125,1567.5,1571.5,1531.9969482421875,1533.5,2731345
2023-03-22,1567.9329833984375,1569.0,1578.0,1549.3199462890625,1555.5,1303514
2023-03-23,1582.4232177734375,1583.5,1610.0,1568.0,1593.0,3547684
2023-03-24,1541.451171875,1542.5,1572.3800048828125,1527.5,1569.5,1621622
2023-03-27,1607.9058837890625,1609.0,1612.5,1560.0,1569.5,3671240
2023-03-28,1609.40478515625,1610.5,1625.2750244140625,1603.5,1622.5,8872328
2023-03-29,1657.3721923828125,1658.5,1662.0,1630.0,1639.5,2397453
2023-03-30,1676.8590087890625,1678.0,1683.5,1659.0,1673.0,2872990
2023-03-31,1683.8541259765625,1685.0,1903.9630126953125,1667.5,1677.5,4818213
2023-04-03,1666.8656005859375,1668.0,1682.865966796875,1659.5,1677.5,1836061
2023-04-04,1667.365478515625,1668.5,1686.4990234375,1665.0,1676.0,4191300
2023-04-05,1663.3680419921875,1664.5,1675.0,1648.5,1671.5,1869984
2023-04-06,1675.3599853515625,1676.5,1686.875,1658.5,1661.5,2216734
2023-04-11,1695.3463134765625,1696.5,1703.0,1676.5009765625,1684.0,5958895
2023-04-12,1698.843994140625,1700.0,1716.5,1692.5,1700.0,4704535
2023-04-13,1716.831787109375,1718.0,1730.738037109375,1707.375,1711.0,2362057
2023-04-14,1716.831787109375,1718.0,1734.5,1715.0,1720.5,2135166
2023-04-17,1689.3502197265625,1690.5,1728.0,1683.5,1723.0,2414502
2023-04-18,1696.345703125,1697.5,1704.0,1685.0,1695.0,1463183
2023-04-19,1696.345703125,1697.5,1702.5,1687.5,1694.0,1800761
2023-04-20,1696.345703125,1697.5,1702.375,1686.9110107421875,1702.0,1270188
2023-04-21,1711.3355712890625,1712.5,1712.5,1689.5,1702.5,1473323
2023-04-24,1721.3287353515625,1722.5,1731.2659912109375,1698.0030517578125,1705.0,969288
2023-04-25,1731.322021484375,1732.5,1732.5,1705.0,1713.0,1154704
2023-04-26,1722.3280029296875,1723.5,1732.0,1705.25,1725.0,5538640
2023-04-27,1728.8236083984375,1730.0,1733.0,1704.751953125,1723.0,5377223
2023-04-28,1765.79833984375,1767.0,1769.0,1727.5,1736.0,2158990
2023-05-02,1759.8026123046875,1761.0,1787.5,1757.0,1771.0,3243754
2023-05-03,1772.7935791015625,1774.0,1779.5,1762.0,1766.0,4569508
2023-05-04,1758.8031005859375,1760.0,1773.0009765625,1749.5,1768.0,3317398
2023-05-05,1771.7943115234375,1773.0,1783.0,1756.5,1770.5,1671549
2023-05-09,1769.296142578125,1770.5,1787.5,1764.0,1771.0,2543545
2023-05-10,1744.8126220703125,1746.0,1778.0,1741.5,1774.0,1305887
2023-05-11,1797.27685546875,1798.5,1798.5,1709.5,1711.0,2718810
2023-05-12,1827.256591796875,1828.5,1887.0,1793.948974609375,1803.0,3936702
2023-05-15,1874.72412109375,1876.0,1889.1199951171875,1837.0,1845.5,5123420
2023-05-16,1884.2178955078125,1885.5,1922.5,1878.0,1900.0,2674070
2023-05-17,1879.7208251953125,1881.0,1886.5,1860.0,1877.5,2602094
2023-05-18,1916.196044921875,1917.5,1917.5,1892.0,1900.0,3960466
2023-05-19,1928.1878662109373,1929.5,1936.5,1905.5,1919.0,2425807
2023-05-22,1944.6767578125,1946.0,1955.0,1924.0,1943.5,4634304
2023-05-23,1923.6907958984373,1925.0,1960.5,1925.0,1940.5,2453105
2023-05-24,1897.2088623046875,1898.5,1925.0,1867.155029296875,1911.0,3503868
2023-05-25,1902.20556640625,1903.5,1917.5,1886.25,1912.5,4129221
2023-05-26,1936.6820068359373,1938.0,1944.5,1906.0,1914.5,2293528
2023-05-30,1957.6678466796875,1959.0,1974.0,1933.5,1950.0,5229820
2023-05-31,1954.170166015625,1955.5,1992.5,1930.5,1936.0,15476456
2023-06-01,1935.1832275390625,1936.5,1957.0,1919.5,1948.0,3585031
2023-06-02,1958.6671142578125,1960.0,1970.0,1947.5,1951.0,2173452
2023-06-05,1954.170166015625,1955.5,1968.25,1944.5,1964.0,1775357
2023-06-06,1998.639892578125,2000.0,2000.0,1954.0,1954.5,2704986
2023-06-07,1980.652099609375,1982.0,2016.0,1966.5,2005.0,2325228
2023-06-08,1996.641357421875,1998.0,2015.0,1979.5,1979.5,5162583
2023-06-09,1990.1458740234373,1991.5,2003.5159912109373,1980.0,2003.0,1341746
2023-06-12,1999.63916015625,2001.0,2014.0,1990.0,2009.0,1305609
2023-06-13,2016.6278076171875,2018.0,2025.0,1998.5,2013.0,1970558
2023-06-14,2029.618896484375,2031.0,2036.0,2009.0,2017.0,2211985
2023-06-15,1999.63916015625,2001.0,2036.0,1995.5,2036.0,1799678
2023-06-16,1988.646728515625,1990.0,2009.001953125,1983.5,2000.0,7922947
2023-06-19,1970.1593017578125,1971.5,1984.5,1954.5,1977.0,3282475
2023-06-20,1982.151123046875,1983.5,1983.5,1957.0,1970.0,1704728
2023-06-21,1955.669189453125,1957.0,1973.625,1953.0,1967.0,1714983
2023-06-22,1905.992919921875,1907.0,1921.1500244140625,1895.0,1915.5,3099571
2023-06-23,1856.019287109375,1857.0,1901.552001953125,1854.5,1901.0,2703069
2023-06-26,1850.0224609375,1851.0,1869.5,1837.5,1865.5,4238683
2023-06-27,1847.0240478515625,1848.0,1863.5,1840.5,1857.0,3765464
2023-06-28,1880.5062255859373,1881.5,1891.0,1843.5,1855.0,1637595
2023-06-29,1909.4910888671875,1910.5,1913.5,1855.0,1882.5,9142006
2023-06-30,1947.470947265625,1948.5,1950.0,1914.5,1922.5,3838295
2023-07-03,1924.9827880859373,1926.0,1950.0,1912.5,1949.0,2631308
2023-07-04,1898.496826171875,1899.5,1928.5,1895.5,1923.5,1985880
2023-07-05,1877.00830078125,1878.0,1894.0,1870.0,1881.0,2192485
2023-07-06,1858.51806640625,1859.5,1876.0,1849.0,1869.0,2238972
2023-07-07,1861.516357421875,1862.5,1877.5,1843.5,1854.0,1924588
2023-07-10,1870.011962890625,1871.0,1878.0,1853.5,1858.0,837579
2023-07-11,1871.0113525390625,1872.0,1885.0,1868.5,1879.0,2719434
2023-07-12,1912.489501953125,1913.5,1916.8800048828125,1876.5,1878.5,2710209
2023-07-13,1915.9876708984373,1917.0,1927.5,1900.5,1912.5,2588155
2023-07-14,1921.9844970703125,1923.0,1932.0,1906.5,1915.0,3066407
2023-07-17,1925.982177734375,1927.0,1928.5,1911.5,1919.5,1317390
2023-07-18,1929.980224609375,1931.0,1933.0,1913.0,1922.5,1417481
2023-07-19,1951.9686279296875,1953.0,1971.4930419921875,1949.0,1959.5,5746808
2023-07-20,1948.97021484375,1950.0,1970.5,1927.0,1927.0,1456996
2023-07-21,1958.9649658203125,1960.0,1977.5,1936.5040283203125,1947.0,1573593
2023-07-24,1963.962158203125,1965.0,1967.5,1943.0,1943.5,3236014
2023-07-25,1979.9539794921875,1981.0,1988.0009765625,1949.0,1964.0,6247670
2023-07-26,1978.45458984375,1979.5,1985.5,1961.5,1981.0,1138059
2023-07-27,1996.94482421875,1998.0,2000.0,1978.251953125,1994.5,4373196
2023-07-28,1989.44873046875,1990.5,1998.0,1976.0,1988.5,3412848
2023-07-31,1975.9556884765625,1977.0,1998.4940185546875,1973.0,1986.5,1875856
2023-08-01,1947.970703125,1949.0,1974.0,1937.5,1966.0,1416420
2023-08-02,1891.50048828125,1892.5,1930.2249755859373,1884.0,1926.0,1056785
2023-08-03,1886.00341796875,1887.0,1911.0,1863.5,1879.5,4543676
2023-08-04,1898.99658203125,1900.0,1903.5,1874.5,1892.0,837800
2023-08-07,1924.483154296875,1925.5,1931.5,1891.7469482421875,1893.0,2214554
2023-08-08,1915.9876708984373,1917.0,1933.0,1904.0,1917.5,2661449
2023-08-09,1924.483154296875,1925.5,1946.0,1924.5,1930.0,6463772
2023-08-10,1946.4715576171875,1947.5,1948.0,1932.0,1935.0,1960972
2023-08-11,1906.49267578125,1907.5,1943.5,1899.323974609375,1926.5,1773908
2023-08-14,1908.991455078125,1910.0,1913.0,1888.5,1895.5,2808733
2023-08-15,1910.490478515625,1911.5,1917.0,1888.0,1915.5,940491
2023-08-16,1938.9754638671875,1940.0,1958.0009765625,1906.0,1910.0,2338434
2023-08-17,1890.5010986328125,1891.5,1938.001953125,1884.5,1931.0,1369058
2023-08-18,1887.0029296875,1888.0,1889.5,1858.5,1883.5,2387101
2023-08-21,1883.5047607421875,1884.5,1903.0,1882.5,1882.5,1056996
2023-08-22,1904.49365234375,1905.5,1919.0,1878.5,1901.0,2932491
2023-08-23,1918.9859619140625,1920.0,1939.5,1911.5,1911.5,1922735
2023-08-24,1922.4842529296875,1923.5,1954.0,1922.0,1939.5,508176
2023-08-25,1922.98388671875,1924.0,1948.0,1915.0,1919.0,924120
2023-08-29,1969.4593505859373,1970.5,1981.0,1933.0,1942.0,3130991
2023-08-30,1980.953369140625,1982.0,1983.2509765625,1962.5,1979.5,619120
2023-08-31,1992.447021484375,1993.5,2000.0,1984.0,1985.0,8793412
2023-09-01,1997.4447021484373,1998.5,2005.0,1981.0,1990.5,1439083
2023-09-04,2000.942626953125,2002.0,2012.001953125,1998.5,2007.0,1309672
2023-09-05,1982.4525146484373,1983.5,2004.0,1966.0,1994.0,1800344
2023-09-06,1955.966552734375,1957.0,1978.0,1935.0,1973.0,1134044
2023-09-07,1984.951171875,1986.0,1991.5,1945.0,1945.5,1798609
2023-09-08,1992.447021484375,1993.5,2009.0,1970.5,1997.0,1310417
2023-09-11,2018.9332275390625,2020.0,2021.0,1995.5,1996.0,4153474
2023-09-12,2036.9237060546875,2038.0,2058.0,2025.0,2030.0,2389781
2023-09-13,2036.9237060546875,2038.0,2046.0,2011.0,2041.0,1860765
2023-09-14,2045.9189453125,2047.0,2051.0,2017.0,2044.0,2215489
2023-09-15,2082.899169921875,2084.0,2095.0,2050.0,2063.0,5840625
2023-09-18,2045.9189453125,2047.0,2093.0,2038.0,2086.0,994012
2023-09-19,2083.89892578125,2085.0,2085.0,2042.5050048828125,2047.0,2316738
2023-09-20,2052.91552734375,2054.0,2107.0,2046.0,2083.0,3531228
2023-09-21,2060.9111328125,2062.0,2076.5009765625,2044.0,2053.0,3088631
2023-09-22,2033.92529296875,2035.0,2066.0,2027.0,2037.0,2716899
2023-09-25,2030.9268798828125,2032.0,2032.0,2015.0,2032.0,1458212
2023-09-26,2048.91748046875,2050.0,2064.0,2020.0,2029.0,1187384
2023-09-27,2035.92431640625,2037.0,2054.0,2022.0,2046.0,4352355
2023-09-28,2064.908935546875,2066.0,2066.0,2033.0,2041.0,2193160
2023-09-29,2071.9052734375,2073.0,2088.0,2064.0,2085.0,3395634
2023-10-02,2017.933837890625,2019.0,2093.0,2012.0,2073.0,1448949
2023-10-03,1997.4447021484373,1998.5,2043.0,1997.4610595703125,2008.0,1827893
2023-10-04,1981.4530029296875,1982.5,2012.0,1975.5,1982.0,1956795
2023-10-05,2006.939453125,2008.0,2022.0,1983.5,1987.0,1716835
2023-10-06,2014.935302734375,2016.0,2030.0,1991.5,2020.0,1809433
2023-10-09,1998.444091796875,1999.5,2025.0,1982.5,2025.0,1853725
2023-10-10,2052.91552734375,2054.0,2058.0,1984.5,2020.0,1408978
2023-10-11,2055.91357421875,2057.0,2073.0,2030.0,2043.0,1509407
2023-10-12,2070.905517578125,2072.0,2086.0,2057.0,2073.0,1283911
2023-10-13,2068.90673828125,2070.0,2087.0,2056.0,2066.0,1719819
2023-10-16,2071.9052734375,2073.0,2085.0,2048.0,2085.0,1814567
2023-10-17,2091.89453125,2093.0,2093.0,2043.0,2059.0,1641336
2023-10-18,2051.915771484375,2053.0,2109.0,2046.0,2094.0,1611716
2023-10-19,2029.927490234375,2031.0,2048.0,2015.4969482421875,2043.0,1204779
2023-10-20,2003.941162109375,2005.0,2036.0,1999.5,2015.0,1823233
2023-10-23,2027.9285888671875,2029.0,2033.0,1984.7220458984373,2008.0,1414204
2023-10-24,1990.4482421875,1991.5,2031.0,1989.0,2021.0,3248240
2023-10-25,1994.9459228515625,1996.0,2008.0,1977.5,1991.0,2748390
2023-10-26,1976.955322265625,1978.0,2007.0,1939.0,1982.5,3313792
2023-10-27,1967.4603271484373,1968.5,1991.5,1959.5,1985.5,1913911
2023-10-30,1941.9739990234373,1943.0,1995.0,1940.2900390625,1978.5,4147225
2023-10-31,1933.4783935546875,1934.5,1979.5,1925.0,1949.5,3184532
2023-11-01,1986.9500732421875,1988.0,1994.7490234375,1942.5,1951.0,3046919
2023-11-02,2017.933837890625,2019.0,2032.0,1973.5,2011.0,2048591
2023-11-03,1991.9476318359373,1993.0,2039.0,1987.0,2026.0,2402394
2023-11-06,1979.9539794921875,1981.0,2005.0,1975.5,1993.5,1825101
2023-11-07,1991.9476318359373,1993.0,2001.0,1966.0,1980.5,3072953
2023-11-08,2039.9219970703125,2041.0,2048.0,1971.0,1977.5,3819435
2023-11-09,2020.93212890625,2022.0,2082.0,1973.199951171875,2040.0,5685903
2023-11-10,2024.9300537109373,2026.0,2051.0,2009.0,2038.0,6880356
2023-11-13,2036.9237060546875,2038.0,2052.0,2005.0,2036.0,2052481
2023-11-14,2070.905517578125,2072.0,2077.0,2031.498046875,2037.0,2166983
2023-11-15,2107.88623046875,2109.0,2115.0,2060.0,2077.0,1959257
2023-11-16,2115.8818359375,2117.0,2139.0,2092.0,2113.0,8036612
2023-11-17,2169.853759765625,2171.0,2173.0,2099.0,2125.0,1872970
2023-11-20,2157.85986328125,2159.0,2182.0,2152.0,2169.0,1910560
2023-11-21,2149.8642578125,2151.0,2167.0,2140.0,2157.0,837003
2023-11-22,2172.8515625,2174.0,2187.0,2141.0,2160.0,1416348
2023-11-23,2158.859130859375,2160.0,2200.0,2155.0,2176.0,666442
2023-11-24,2177.84912109375,2179.0,2186.0,2140.0,2156.0,2790269
2023-11-27,2188.843505859375,2190.0,2200.0,2163.0,2177.0,923219
2023-11-28,2202.83642578125,2204.0,2206.0,2167.0,2179.0,1780243
2023-11-29,2229.82177734375,2231.0,2231.0,2196.0,2200.0,1124484
2023-11-30,2231.08642578125,2232.0,2240.0,2202.0,2202.0,6255124
2023-12-01,2247.079833984375,2248.0,2251.0,2230.0,2242.0,1070997
2023-12-04,2251.078125,2252.0,2262.0,2226.0,2239.0,1615800
2023-12-05,2257.07568359375,2258.0,2266.0,2223.0,2232.0,2050102
2023-12-06,2315.052001953125,2316.0,2325.0,2244.0,2288.0,2244546
2023-12-07,2315.052001953125,2316.0,2319.0,2293.0,2307.0,1762518
2023-12-08,2343.04052734375,2344.0,2352.0,2318.0,2324.0,977664
2023-12-11,2356.03515625,2357.0,2365.0,2342.199951171875,2344.0,2027595
2023-12-12,2379.02587890625,2380.0,2387.5009765625,2342.0,2368.0,2292623
2023-12-13,2389.021484375,2390.0,2406.0,2365.0,2389.0,1433625
2023-12-14,2369.02978515625,2370.0,2439.0,2338.0,2410.0,4486358
2023-12-15,2348.03857421875,2349.0,2383.0,2333.0,2374.0,4067934
2023-12-18,2377.026123046875,2378.0,2381.0,2333.0,2346.0,1318921
2023-12-19,2383.024169921875,2384.0,2398.0,2363.0,2380.0,2903760
2023-12-20,2413.01171875,2414.0,2424.0,2369.0,2404.0,2509953
2023-12-21,2416.0107421875,2417.0,2429.0,2395.0,2412.0,1511193
2023-12-22,2420.009033203125,2421.0,2444.0,2403.0,2417.0,703349
2023-12-27,2441.00048828125,2442.0,2446.0,2418.0,2432.0,1541032
2023-12-28,2436.00244140625,2437.0,2455.0,2422.998046875,2445.0,515670
2023-12-29,2420.009033203125,2421.0,2441.0,2400.0,2431.0,483316
2024-01-02,2343.04052734375,2344.0,2422.0,2329.998046875,2421.0,1518998
2024-01-03,2313.052734375,2314.0,2350.0,2286.0,2333.0,1851814
2024-01-04,2336.043212890625,2337.0,2337.0,2297.0,2307.0,2246140
2024-01-05,2292.061279296875,2293.0,2317.0,2273.0,2317.0,1606657
2024-01-08,2318.050537109375,2319.0,2319.0,2269.0,2281.0,1368504
2024-01-09,2279.06689453125,2280.0,2332.0,2276.0,2321.0,3681954
2024-01-10,2296.059814453125,2297.0,2309.0,2279.5009765625,2299.0,4262384
2024-01-11,2276.06787109375,2277.0,2321.362060546875,2271.0,2310.0,3333700
2024-01-12,2323.048583984375,2324.0,2420.0,2283.0,2290.0,1993201
2024-01-15,2320.0498046875,2321.0,2344.0,2307.0,2311.0,845106
2024-01-16,2332.044921875,2333.0,2336.0,2298.0,2309.0,1896276
2024-01-17,2318.050537109375,2319.0,2324.0,2279.9970703125,2308.0,1830322
2024-01-18,2325.047607421875,2326.0,2327.0,2283.0,2327.0,2855790
2024-01-19,2335.0439453125,2336.0,2369.0,2329.0,2340.0,5776258
2024-01-22,2368.0302734375,2369.0,2380.0,2335.0,2361.0,2020204
2024-01-23,2367.03076171875,2368.0,2383.0,2356.0,2374.0,1115706
2024-01-24,2357.034912109375,2358.0,2387.0,2323.0,2355.0,2475315
2024-01-25,2373.028076171875,2374.0,2380.0,2338.0,2345.0,2235501
2024-01-26,2410.012939453125,2411.0,2411.0,2356.0,2370.0,1780498
2024-01-29,2432.00390625,2433.0,2447.0,2414.0,2440.0,3257739
2024-01-30,2495.977783203125,2497.0,2507.0,2447.0,2447.0,2453880
2024-01-31,2477.985107421875,2479.0,2507.0,2472.0,2501.0,3064916
2024-02-01,2350.037841796875,2351.0,2449.0,2336.0,2430.0,3165826
2024-02-02,2351.036865234375,2352.0,2378.0,2322.60009765625,2365.0,1884292
2024-02-05,2340.041748046875,2341.0,2376.0,2334.0,2362.0,1761400
2024-02-06,2315.052001953125,2316.0,2362.0,2312.0,2357.0,3756031
2024-02-07,2333.04443359375,2334.0,2343.0,2307.0,2317.0,1996534
2024-02-08,2381.025146484375,2382.0,2395.0,2346.0,2346.0,1683075
2024-02-09,2413.01171875,2414.0,2416.319091796875,2379.672119140625,2382.0,5042049
2024-02-12,2408.013671875,2409.0,2433.0,2397.40087890625,2419.0,2858923
2024-02-13,2375.027099609375,2376.0,2402.867919921875,2352.0,2399.0,1144227
2024-02-14,2387.0224609375,2388.0,2409.216064453125,2376.0,2376.0,773309
2024-02-15,2427.005859375,2428.0,2432.0,2392.0,2409.0,1587692
2024-02-16,2474.986328125,2476.0,2484.0,2436.0,2442.0,2552878
2024-02-19,2462.9912109375,2464.0,2481.0,2456.0,2468.0,1250613
2024-02-20,2450.99609375,2452.0,2471.0,2446.0,2465.0,1153288
2024-02-21,2440.000732421875,2441.0,2452.87890625,2431.0,2450.0,1904852
2024-02-22,2441.00048828125,2442.0,2468.0,2438.0,2462.0,1638557
2024-02-23,2435.0029296875,2436.0,2453.0,2431.0,2446.0,1746091
2024-02-26,2447.99755859375,2449.0,2464.0,2426.0,2431.0,1961096
2024-02-27,2415.0107421875,2416.0,2459.0,2404.0,2449.0,1631637
2024-02-28,2447.99755859375,2449.0,2450.0,2415.60009765625,2427.0,1208203
2024-02-29,2466.98974609375,2468.0,2484.0,2447.0,2458.0,3829337
2024-03-01,2505.9736328125,2507.0,2512.0,2459.0,2482.0,2089244
2024-03-04,2483.982666015625,2485.0,2498.0,2472.0,2494.0,1873691
2024-03-05,2494.978271484375,2496.0,2509.0,2471.0,2476.0,1476129
2024-03-06,2520.967529296875,2522.0,2534.0,2495.0,2502.0,1771414
2024-03-07,2529.9638671875,2531.0,2539.0,2498.39990234375,2511.0,2134069
2024-03-08,2521.96728515625,2523.0,2538.0,2503.0,2537.0,965730
2024-03-11,2517.96875,2519.0,2525.0,2485.0,2498.0,2522204
2024-03-12,2571.94677734375,2573.0,2576.158935546875,2526.0,2531.0,1993930
2024-03-13,2554.95361328125,2556.0,2585.0,2552.908935546875,2569.0,2742788
2024-03-14,2533.962158203125,2535.0,2559.0,2524.0,2557.0,1733536
2024-03-15,2553.9541015625,2555.0,2566.0,2524.0,2524.0,4416652
2024-03-18,2525.9658203125,2527.0,2562.0,2522.818115234375,2555.0,1562018
2024-03-19,2523.96630859375,2525.0,2538.0,2512.0,2523.0,2823272
2024-03-20,2526.96484375,2528.0,2544.0,2517.0,2521.0,3425955
2024-03-21,2746.875244140625,2748.0,2761.0,2562.0,2577.0,3218171
2024-03-22,2759.86962890625,2761.0,2780.0,2720.617919921875,2766.0,1799769
2024-03-25,2789.857421875,2791.0,2820.0,2780.0,2814.0,2428568
2024-03-26,2820.8447265625,2822.0,2827.0,2789.0,2789.0,2720280
2024-03-27,2800.852783203125,2802.0,2828.0,2792.0,2822.0,1692960
2024-03-28,2807.85009765625,2809.0,2826.0,2794.39990234375,2806.0,2413267
2024-04-02,2791.8564453125,2793.0,2842.991943359375,2782.0,2813.0,1838854
2024-04-03,2804.851318359375,2806.0,2806.0,2776.0,2788.0,4218235
2024-04-04,2817.845703125,2819.0,2822.0,2797.0,2803.0,2194554
2024-04-05,2808.849609375,2810.0,2810.0,2744.0,2772.0,3037951
2024-04-08,2821.84423828125,2823.0,2833.423095703125,2801.0,2805.0,1852113
2024-04-09,2775.863525390625,2777.0,2820.0,2776.0,2810.0,2934604
2024-04-10,2825.843017578125,2827.0,2827.0,2794.0,2802.0,3736908
2024-04-11,2817.845703125,2819.0,2839.0,2766.0,2825.0,1868059
2024-04-12,2827.842041015625,2829.0,2870.0,2829.0,2857.0,1785858
2024-04-15,2849.833251953125,2851.0,2876.10205078125,2829.0,2829.0,1466498
2024-04-16,2799.853759765625,2801.0,2830.0,2787.0,2801.0,1139706
2024-04-17,2838.83740234375,2840.0,2858.39990234375,2798.0,2798.0,3419757
2024-04-18,2844.8349609375,2846.0,2864.0,2825.0,2858.0,2074506
2024-04-19,2833.83935546875,2835.0,2841.0,2789.0,2822.0,1528912
2024-04-22,2842.8359375,2844.0,2866.0,2825.0,2852.0,1743874
2024-04-23,2857.82958984375,2859.0,2882.5,2837.0,2871.0,2020282
2024-04-24,2848.833251953125,2850.0,2893.0,2844.0,2871.0,1194375
2024-04-25,2841.836181640625,2843.0,2868.0,2812.0,2841.0,1763828
2024-04-26,2877.821533203125,2879.0,2886.0,2850.0,2862.0,1360542
2024-04-29,2873.8232421875,2875.0,2899.0,2864.0,2887.0,749747
2024-04-30,2874.822509765625,2876.0,2905.0,2861.0,2891.0,1281473
2024-05-01,2843.83544921875,2845.0,2842.0,2842.0,2881.0,83071
2024-05-02,2840.836669921875,2842.0,2864.0,2816.0,2843.0,1675037
2024-05-03,2889.816650390625,2891.0,2891.0,2824.0,2853.0,1407052
2024-05-07,2948.79248046875,2950.0,2968.0,2924.0,2935.0,1963419
2024-05-08,2972.78271484375,2974.0,2979.0,2934.0,2947.0,2112613
2024-05-09,2818.845703125,2820.0,2992.0,2811.0,2883.0,3889291
2024-05-10,2849.833251953125,2851.0,2865.0,2795.39990234375,2831.0,2151338
2024-05-13,2917.804931640625,2919.0,2924.0,2831.0,2853.0,2094027
2024-05-14,2948.79248046875,2950.0,2955.5,2895.0,2916.0,2064440
2024-05-15,2964.78564453125,2966.0,2984.0,2932.0,2966.0,843050
2024-05-16,2975.781494140625,2977.0,2992.0,2948.0,2975.0,1512213
2024-05-17,2956.7890625,2958.0,2971.0,2936.0,2964.0,1619993
2024-05-20,2975.781494140625,2977.0,2982.0,2957.0,2959.0,632514
2024-05-21,2958.7880859375,2960.0,2995.0,2942.0,2963.0,1330177
2024-05-22,2896.813720703125,2898.0,2978.0,2847.0,2955.0,2348041
2024-05-23,2925.802001953125,2927.0,2936.0,2896.0,2904.0,1934306
2024-05-24,2948.79248046875,2950.0,2963.0,2887.0,2900.0,860368
2024-05-28,2920.803955078125,2922.0,2973.0,2903.0,2954.0,1463334
2024-05-29,2889.816650390625,2891.0,2940.0,2887.0,2910.0,877791
2024-05-30,2883.81884765625,2885.0,2909.0,2861.0,2872.0,1723263
2024-05-31,2861.827880859375,2863.0,2910.0,2846.0,2892.0,8212273
2024-06-03,2924.80224609375,2926.0,2929.0,2887.0,2904.0,2195181
2024-06-04,2940.795654296875,2942.0,2959.0,2915.0,2930.0,3067380
2024-06-05,2957.788818359375,2959.0,2969.0,2912.243896484375,2950.0,1494890
2024-06-06,2950.79150390625,2952.0,2986.0,2922.0,2966.0,1571886
2024-06-07,2924.80224609375,2926.0,2971.0,2903.0,2941.0,1913556
2024-06-10,2945.79345703125,2947.0,2947.0,2883.0,2901.0,1067523
2024-06-11,2968.784423828125,2970.0,2977.0,2927.0,2958.0,2239751
2024-06-12,3080.738525390625,3082.0,3083.0,2981.0,2985.0,2220962
2024-06-13,3028.759521484375,3030.0,3073.0,3024.0,3065.0,2534520
2024-06-14,3038.75537109375,3040.0,3051.0,2963.654052734375,3027.0,1434406
2024-06-17,3049.751220703125,3051.0,3075.0,3038.0,3050.0,998291
2024-06-18,3077.73974609375,3079.0,3085.0,3031.0,3062.0,3112038
2024-06-19,3098.73095703125,3100.0,3105.0,3069.0,3074.0,1608060
2024-06-20,3159.057861328125,3160.0,3160.0,3061.0,3082.0,1954339
2024-06-21,3149.06103515625,3150.0,3180.0,3086.0,3156.0,8853559
2024-06-24,3127.0673828125,3128.0,3179.0,3113.0,3133.0,8568400
2024-06-25,3109.07275390625,3110.0,3147.0,3065.0,3085.0,2803081
2024-06-26,3088.079345703125,3089.0,3133.0,3089.0,3130.0,1441996
2024-06-27,2998.105712890625,2999.0,3119.0,2980.0,3090.0,3176586
2024-06-28,3065.0859375,3066.0,3117.0,3037.0,3047.0,2847371
2024-07-01,2985.10986328125,2986.0,3098.0,2986.0,3088.0,1635048
2024-07-02,3044.09228515625,3045.0,3063.0,2964.0,2980.0,1314460
2024-07-03,3007.103271484375,3008.0,3028.0,2994.0,3022.0,2055111
2024-07-04,3029.0966796875,3030.0,3054.0,2989.0,3027.0,1006790
2024-07-05,2997.1064453125,2998.0,3052.0,2990.0,3036.0,1237339
2024-07-08,3000.10546875,3001.0,3040.0,2980.0,2992.0,1819214
2024-07-09,2937.1240234375,2938.0,3018.0,2938.0,3000.0,2019433
2024-07-10,2979.111572265625,2980.0,2989.0,2920.0,2945.0,2061002
2024-07-11,2991.108154296875,2992.0,3000.0,2955.0,2979.0,1205020
2024-07-12,3015.100830078125,3016.0,3023.0,2974.0,2999.0,752185
2024-07-15,3066.085693359375,3067.0,3067.0,2986.0,2997.0,1733515
2024-07-16,3060.08740234375,3061.0,3086.0,3023.0,3048.0,1563984
2024-07-17,3067.08544921875,3068.0,3089.0,3043.0,3056.0,1346089
2024-07-18,3043.0927734375,3044.0,3177.0,3044.0,3114.0,1956190
2024-07-19,3046.091552734375,3047.0,3087.0,2966.821044921875,3029.0,1564202
2024-07-22,3074.0830078125,3075.0,3089.0,3041.0,3057.0,949658
2024-07-23,3070.08447265625,3071.0,3095.0,3050.238037109375,3080.0,2035816
2024-07-24,3011.10205078125,3012.0,3048.89111328125,2994.0,3047.0,785128
2024-07-25,2992.107666015625,2993.0,3000.0,2935.0,2973.0,2301334
2024-07-26,3027.09716796875,3028.0,3038.0,2993.0,3008.0,933495
2024-07-29,3041.09326171875,3042.0,3092.0,3042.0,3054.0,994238
2024-07-30,3071.084228515625,3072.0,3072.0,3029.0,3041.0,1229883
2024-07-31,3127.0673828125,3128.0,3129.0,3097.0,3119.0,2134394
2024-08-01,3091.078369140625,3092.0,3138.202880859375,3076.0,3127.0,1126991
2024-08-02,2913.13134765625,2914.0,3064.199951171875,2873.0,3044.0,2610341
2024-08-05,2891.137939453125,2892.0,2918.0,2750.0,2812.0,2733449
2024-08-06,2953.119140625,2954.0,2954.0,2886.0,2933.0,2665829
2024-08-07,2984.110107421875,2985.0,3002.0,2954.801025390625,2980.0,1039047
2024-08-08,2986.109375,2987.0,3010.0,2927.0,2955.0,1135540
2024-08-09,3010.102294921875,3011.0,3014.199951171875,2976.0,2999.0,3422750
2024-08-12,3017.100341796875,3018.0,3040.0,3002.0,3031.0,829811
2024-08-13,3052.090087890625,3053.0,3053.0,3015.0,3031.0,1026687
2024-08-14,3096.07666015625,3097.0,3101.0,3045.0,3073.0,1539578
2024-08-15,3129.06689453125,3130.0,3148.0,3086.0,3111.0,1437851
2024-08-16,3131.06640625,3132.0,3149.0,3108.0,3127.0,1907319
2024-08-19,3190.048828125,3191.0,3201.0,3111.008056640625,3127.0,1418388
2024-08-20,3216.041015625,3217.0,3217.0,3181.0,3188.0,3209505
2024-08-21,3171.054443359375,3172.0,3216.0,3126.0,3205.0,2274563
2024-08-22,3196.046875,3197.0,3216.0,3167.0,3177.0,623406
2024-08-23,3210.042724609375,3211.0,3222.0,3176.0,3198.0,829454
2024-08-27,3189.048828125,3190.0,3203.0,3132.0,3149.0,1332600
2024-08-28,3159.057861328125,3160.0,3204.0,3160.0,3200.0,933517
2024-08-29,3168.05517578125,3169.0,3188.0,3158.0,3168.0,1525551
2024-08-30,3178.05224609375,3179.0,3208.0,3160.0,3166.0,1697958
2024-09-02,3146.061767578125,3147.0,3187.0,3127.0,3180.0,1715836
2024-09-03,3110.072509765625,3111.0,3160.0,3080.0,3144.0,1357869
2024-09-04,3080.08154296875,3081.0,3110.0,3054.0,3073.0,951913
2024-09-05,3075.0830078125,3076.0,3113.4970703125,3057.10009765625,3070.0,2671755
2024-09-06,3074.0830078125,3075.0,3128.0,3060.344970703125,3074.0,1729783
2024-09-09,3093.077880859375,3094.0,3127.0,3094.0,3097.0,1302000
2024-09-10,3083.08056640625,3084.0,3117.0,3074.0,3084.0,615906
2024-09-11,3098.075927734375,3099.0,3126.0,3086.0,3104.0,985127
2024-09-12,3192.048095703125,3193.0,3198.0,3152.0,3160.0,2186157
2024-09-13,3199.046142578125,3200.0,3221.0,3176.0,3200.0,2542275
2024-09-16,3238.03466796875,3239.0,3245.0,3180.0,3193.0,836688
2024-09-17,3254.029541015625,3255.0,3269.0,3238.0,3250.0,1625046
2024-09-18,3217.04052734375,3218.0,3261.0,3203.0,3246.0,3144883
2024-09-19,3303.014892578125,3304.0,3308.0,3234.0,3252.0,1935479
2024-09-20,3302.015380859375,3303.0,3317.0,3277.0,3287.0,3957332
2024-09-23,3340.004150390625,3341.0,3359.0,3282.0,3288.0,2319144
2024-09-24,3362.9970703125,3364.0,3379.0,3320.0,3320.0,1116269
2024-09-25,3296.01708984375,3297.0,3368.0,3285.0,3342.0,1281863
2024-09-26,3352.00048828125,3353.0,3381.0,3335.139892578125,3350.0,998683
2024-09-27,3387.989990234375,3389.0,3405.0,3344.0,3352.0,1617899
2024-09-30,3304.0146484375,3305.0,3346.0,3244.0,3332.0,2492944
2024-10-01,3225.038330078125,3226.0,3309.0,3184.0,3308.0,1947137
2024-10-02,3259.028076171875,3260.0,3269.0,3199.0,3229.0,1283765
2024-10-03,3239.033935546875,3240.0,3289.0,3223.0,3268.0,2119367
2024-10-04,3261.027587890625,3262.0,3271.0,3220.0,3232.0,643339
2024-10-07,3281.021484375,3282.0,3303.0,3232.0,3270.0,864124
2024-10-08,3215.041015625,3216.0,3294.0,3211.0,3281.0,1316857
2024-10-09,3256.029052734375,3257.0,3257.5,3204.300048828125,3231.0,890969
2024-10-10,3246.031982421875,3247.0,3276.0,3236.0,3253.0,813810
2024-10-11,3266.026123046875,3267.0,3275.0,3231.998046875,3252.0,714365
2024-10-14,3300.015625,3301.0,3301.0,3252.0,3266.0,694110
2024-10-15,3287.019775390625,3288.0,3334.0,3273.0,3308.0,1342506
2024-10-16,3325.008544921875,3326.0,3351.0,3301.0,3308.0,1648997
2024-10-17,3414.9814453125,3416.0,3416.136962890625,3338.0,3339.0,2220815
2024-10-18,3401.985595703125,3403.0,3419.0,3373.458984375,3394.0,3381378
2024-10-21,3387.989990234375,3389.0,3431.610107421875,3379.0,3397.0,862785
2024-10-22,3381.991455078125,3383.0,3387.0,3336.0,3384.0,885808
2024-10-23,3299.016357421875,3300.0,3381.0,3293.0,3380.0,2062127
2024-10-24,3280.021728515625,3281.0,3309.0,3262.0,3299.0,595040
2024-10-25,3277.022705078125,3278.0,3312.217041015625,3259.5400390625,3272.0,1075301
2024-10-28,3313.011962890625,3314.0,3321.0,3265.488037109375,3283.0,1274880
2024-10-29,3241.033447265625,3242.0,3343.0,3239.219970703125,3337.0,1387018
2024-10-30,3237.03466796875,3238.0,3273.0,3209.943115234375,3218.0,957991
2024-10-31,3171.054443359375,3172.0,3218.0,3141.4599609375,3200.0,1796169
2024-11-01,3199.046142578125,3200.0,3217.0,3156.0,3166.0,1397224
2024-11-04,3200.0458984375,3201.0,3215.0,3186.0,3192.0,975616
2024-11-05,3339.004150390625,3340.0,3354.0,3203.0,3223.0,959142
2024-11-06,3491.958740234375,3493.0,3503.0,3413.0,3441.0,2308094
2024-11-07,3447.9716796875,3449.0,3511.0,3444.0,3511.0,1567428
2024-11-08,3385.990234375,3387.0,3450.0,3357.0,3448.0,1370971
2024-11-11,3457.96875,3459.0,3466.0,3401.919921875,3416.0,969272
2024-11-12,3394.987548828125,3396.0,3426.0,3377.0,3408.0,1279875
2024-11-13,3329.00732421875,3330.0,3385.0,3292.0,3385.0,1484014
2024-11-14,3445.972412109375,3447.0,3509.0,3399.0,3422.0,1149112
2024-11-15,3424.978759765625,3426.0,3454.0,3404.0,3408.0,1012310
2024-11-18,3456.96923828125,3458.0,3462.0,3417.0,3422.0,869726
2024-11-19,3465.966552734375,3467.0,3477.0,3406.0,3463.0,1527708
2024-11-20,3466.966064453125,3468.0,3493.0,3432.0,3481.0,3086042
2024-11-21,3541.94384765625,3543.0,3549.0,3448.0,3464.0,2154956
2024-11-22,3567.93603515625,3569.0,3595.0,3538.0,3586.0,732368
2024-11-25,3658.908935546875,3660.0,3673.0,3594.0,3615.0,4262074
2024-11-26,3655.90966796875,3657.0,3671.0,3633.0,3642.0,1426618
2024-11-27,3672.90478515625,3674.0,3693.0,3632.0,3652.0,1829460
2024-11-28,3673.209716796875,3674.0,3687.0,3658.0,3674.0,1113726
2024-11-29,3708.2021484375,3709.0,3709.0,3665.596923828125,3669.0,1692660
2024-12-02,3725.198486328125,3726.0,3734.0,3703.0,3708.0,663743
2024-12-03,3739.195556640625,3740.0,3771.10205078125,3721.0,3721.0,3414804
2024-12-04,3743.194580078125,3744.0,3764.0,3720.0,3756.0,981152
2024-12-05,3741.195068359375,3742.0,3779.0,3726.0,3758.0,1363244
2024-12-06,3729.19775390625,3730.0,3760.0,3697.0,3750.0,2539317
2024-12-09,3685.207275390625,3686.0,3742.0,3678.0,3742.0,1171606
2024-12-10,3616.22216796875,3617.0,3674.0,3607.0,3653.0,1516080
2024-12-11,3630.218994140625,3631.0,3645.0,3589.89794921875,3604.0,3112640
2024-12-12,3630.218994140625,3631.0,3656.0,3618.0,3634.0,1208364
2024-12-13,3645.215576171875,3646.0,3668.0,3632.0,3633.0,2834113
2024-12-16,3696.204833984375,3697.0,3715.0,3640.0,3640.0,694085
2024-12-17,3616.22216796875,3617.0,3702.0,3617.0,3678.0,2846374
2024-12-18,3631.21875,3632.0,3650.0,3612.0,3650.0,2004385
2024-12-19,3557.234619140625,3558.0,3580.0,3514.907958984375,3572.0,2701281
2024-12-20,3547.23681640625,3548.0,3569.0,3485.0,3528.0,2481078
2024-12-23,3555.235107421875,3556.0,3557.0,3495.201904296875,3525.0,672865
2024-12-24,3580.229736328125,3581.0,3581.0,3559.0,3571.0,294089
2024-12-27,3595.226318359375,3596.0,3609.0,3580.0,3597.0,512647
2024-12-30,3580.229736328125,3581.0,3590.0,3557.0,3580.0,546885
2024-12-31,3563.2333984375,3564.0,3587.0,3549.0,3556.0,563043
2025-01-02,3619.22119140625,3620.0,3627.0,3492.0,3563.0,747754
2025-01-03,3603.224853515625,3604.0,3627.0,3600.0,3610.0,7399986
2025-01-06,3621.220703125,3622.0,3628.0,3571.0,3610.0,1324388
2025-01-07,3654.2138671875,3655.0,3692.0,3624.0,3635.0,905387
2025-01-08,3633.21826171875,3634.0,3703.0,3621.2890625,3674.0,798119
2025-01-09,3648.215087890625,3649.0,3677.0,3630.0,3647.0,2271442
2025-01-10,3593.226806640625,3594.0,3669.0,3587.0,3630.0,1350476
2025-01-13,3554.2353515625,3555.0,3582.0,3514.0,3570.0,1516932
2025-01-14,3579.22998046875,3580.0,3611.0,3537.0,3569.0,1232723
2025-01-15,3633.21826171875,3634.0,3658.0,3592.0,3600.0,1155361
2025-01-16,3733.19677734375,3734.0,3734.0,3636.0,3651.0,1412327
2025-01-17,3745.194091796875,3746.0,3769.0,3725.0,3749.0,1339792
2025-01-20,3784.185791015625,3785.0,3797.0,3745.0,3745.0,996956
2025-01-21,3813.1796875,3814.0,3832.0,3792.0,3792.0,1348619
2025-01-22,3872.1669921875,3873.0,3873.0,3821.0,3821.0,874055
2025-01-23,3894.162353515625,3895.0,3906.4990234375,3859.0,3871.0,1614641
2025-01-24,3827.176513671875,3828.0,3915.0,3819.0,3910.0,1162689
2025-01-27,3765.18994140625,3766.0,3828.0,3747.0,3798.0,868628
2025-01-28,3789.184814453125,3790.0,3828.0,3766.0,3779.0,901358
2025-01-29,3810.18017578125,3811.0,3844.0,3803.3359375,3816.0,1406143
2025-01-30,3860.16943359375,3861.0,3863.0,3756.0,3818.0,1219052
2025-01-31,3903.16015625,3904.0,3914.0,3855.0,3878.0,2303031
2025-02-03,3932.154052734375,3933.0,3933.0,3813.0,3836.0,1567612
2025-02-04,3899.1611328125,3900.0,3946.0,3892.0,3920.0,865592
2025-02-05,3964.14697265625,3965.0,3965.0,3864.0,3890.0,1114541
2025-02-06,4026.1337890625,4027.0,4049.0,3976.0,3997.0,1271838
2025-02-07,4000.139404296875,4001.0,4038.0,3993.0,4017.0,572891
2025-02-10,4020.13525390625,4021.0,4043.0,4015.0,4016.0,890756
2025-02-11,4004.138427734375,4005.0,4043.0,3987.0,4019.0,1398616
2025-02-12,4017.1357421875,4018.0,4040.0,3996.0,4019.0,910621
2025-02-13,4063.1259765625,4064.0,4085.0,4033.0,4057.0,744080
2025-02-14,4073.12353515625,4074.0,4088.0,4054.0,4078.0,905826
2025-02-17,4130.111328125,4131.0,4131.0,4074.0,4077.0,830676
2025-02-18,4133.11083984375,4134.0,4153.59619140625,4105.0,4143.0,572163
2025-02-19,4101.11767578125,4102.0,4150.2998046875,4079.0,4133.0,686745
2025-02-20,4093.119384765625,4094.0,4138.0,4090.0,4116.0,786986
2025-02-21,4102.11767578125,4103.0,4118.0,4071.0,4098.0,1028815
2025-02-24,4081.121826171875,4082.0,4115.0,4037.0,4100.0,1264488
2025-02-25,4056.12744140625,4057.0,4113.0,4034.0,4063.0,996683
2025-02-26,4099.1181640625,4100.0,4124.0,4075.0,4084.0,1680891
2025-02-27,4005.13818359375,4006.0,4097.0,3943.0,4068.0,1450795
2025-02-28,3956.14892578125,3957.0,3993.0,3921.0,3992.0,3521355
2025-03-03,4012.13671875,4013.0,4037.0,3954.0,3981.0,1338715
2025-03-04,3859.169677734375,3860.0,3990.0,3851.0,3972.0,2205489
2025-03-05,3859.169677734375,3860.0,3927.0,3832.0,3897.0,1413242
2025-03-06,3823.177490234375,3824.0,3917.0,3733.0,3917.0,2079274
2025-03-07,3855.170654296875,3856.0,3873.0,3744.0,3758.0,1205036
2025-03-10,3705.202880859375,3706.0,3860.0,3704.0,3839.0,2127732
2025-03-11,3695.204833984375,3696.0,3729.0,3668.0,3703.0,2846309
2025-03-12,3766.189697265625,3767.0,3800.0,3696.0,3715.0,3555909
2025-03-13,3686.206787109375,3687.0,3806.0,3687.0,3759.0,1477911
2025-03-14,3735.196533203125,3736.0,3775.0,3674.0,3697.0,1855616
2025-03-17,3802.181884765625,3803.0,3803.0,3728.0,3747.0,1268617
2025-03-18,3821.177734375,3822.0,3846.0,3789.0,3823.0,1304019
2025-03-19,3814.17919921875,3815.0,3848.0,3786.0,3812.0,2646564
2025-03-20,3688.20654296875,3689.0,3740.0,3497.0,3662.0,3025530
2025-03-21,3712.201171875,3713.0,3759.0,3675.0,3698.0,4281691
2025-03-24,3738.195556640625,3739.0,3765.0,3702.0,3734.0,2769977
2025-03-25,3769.18896484375,3770.0,3784.0,3718.0,3743.0,2678940
2025-03-26,3742.195068359375,3743.0,3801.89501953125,3732.0,3794.0,757262
2025-03-27,3748.193603515625,3749.0,3755.0,3692.0,3723.0,1044020
2025-03-28,3711.20166015625,3712.0,3744.0,3670.0,3733.0,709921
2025-03-31,3615.22216796875,3616.0,3676.0,3581.0,3669.0,2767862
2025-04-01,3646.215576171875,3647.0,3683.876953125,3623.0,3665.0,889063
2025-04-02,3646.215576171875,3647.0,3661.0,3585.0,3621.0,1132560
2025-04-03,3717.2001953125,3718.0,3727.0,3546.0,3587.0,2657564
2025-04-04,3528.240966796875,3529.0,3708.0,3483.0,3698.0,3494716
2025-04-07,3366.27587890625,3367.0,3571.0,3296.0,3410.0,2706636
2025-04-08,3544.237548828125,3545.0,3571.0,3400.0,3422.0,2373137
2025-04-09,3599.225830078125,3600.0,3606.0,3443.0,3447.0,3840224
2025-04-10,3878.16552734375,3879.0,3956.050048828125,3739.0,3816.0,4511633
2025-04-11,3845.172607421875,3846.0,3931.0,3772.0,3897.0,3461406
2025-04-14,3903.16015625,3904.0,3930.0,3831.0,3900.0,1431741
2025-04-15,4129.11181640625,4130.0,4146.0,3898.0,3904.0,3140515
2025-04-16,4143.1083984375,4144.0,4144.0,4054.0,4110.0,1877734
2025-04-17,4114.11474609375,4115.0,4158.0,4093.0,4143.0,1084942
2025-04-22,4153.1064453125,4154.0,4177.0,4065.0,4106.0,1136144
2025-04-23,4163.1044921875,4164.0,4220.0,4147.0,4182.0,1179224
2025-04-24,4189.0986328125,4190.0,4214.0,4154.998046875,4160.0,1445967
2025-04-25,4208.09423828125,4209.0,4249.0,4174.0,4233.0,1466129
2025-04-28,4179.1005859375,4180.0,4220.0,4177.0,4213.0,1027318
2025-04-29,4191.09814453125,4192.0,4204.31005859375,4165.0,4198.0,968451
2025-04-30,4233.08935546875,4234.0,4246.0,4188.0,4200.0,2158726
2025-05-01,4229.09033203125,4230.0,4261.0,4207.587890625,4226.0,861733
2025-05-02,4259.083984375,4260.0,4292.0,4216.0,4292.0,1186655
2025-05-06,4297.07568359375,4298.0,4403.75,4251.0,4344.0,1969856
2025-05-07,4214.09326171875,4215.0,4328.64013671875,4202.0,4298.0,1058852
2025-05-08,4190.0986328125,4191.0,4275.0,4155.0,4248.0,1373668
2025-05-09,4169.10302734375,4170.0,4212.76416015625,4155.0,4196.0,1490198
2025-05-12,4096.11865234375,4097.0,4212.0,4057.0,4180.0,1822647
2025-05-13,4140.109375,4141.0,4168.0,4080.0,4097.0,1623141
2025-05-14,4196.09716796875,4197.0,4211.0,4138.919921875,4167.0,1489748
2025-05-15,4019.13525390625,4020.0,4107.0,3848.0,4050.0,6133950
2025-05-16,3973.14501953125,3974.0,4083.0,3943.0,4076.0,2348414
2025-05-19,4018.135498046875,4019.0,4019.0,3928.0,3950.0,954843
2025-05-20,4028.13330078125,4029.0,4066.0,3997.0,4045.0,943872
2025-05-21,4053.1279296875,4054.0,4081.0,3997.0,4025.0,1195735
2025-05-22,4066.125,4067.0,4067.0,3994.0,4017.0,1285212
2025-05-23,4116.11474609375,4117.0,4146.0,4042.0,4063.0,1722696
2025-05-27,4136.10986328125,4137.0,4179.0,4115.0,4150.0,1622295
2025-05-28,4064.12548828125,4065.0,4129.0,4049.43994140625,4123.0,890358
2025-05-29,4055.12744140625,4056.0,4090.0,4014.0,4087.0,885648
2025-05-30,4071.1240234375,4072.0,4117.0,4028.0,4070.0,3848870
2025-06-02,4061.126220703125,4062.0,4109.0,4049.0,4050.0,1213914
2025-06-03,4076.123046875,4077.0,4089.0,4006.5,4062.0,1324038
2025-06-04,4166.103515625,4167.0,4171.0,4065.0,4091.0,1618317
2025-06-05,4149.107421875,4150.0,4180.0,4122.0,4174.0,1104536
2025-06-06,4264.0830078125,4265.0,4275.0,4147.0,4150.0,1772666
2025-06-09,4333.06787109375,4334.0,4350.0,4274.7998046875,4288.0,1188929
2025-06-10,4252.0849609375,4253.0,4349.0,4253.0,4323.0,750439
2025-06-11,4237.08837890625,4238.0,4268.0,4152.0,4255.0,787185
2025-06-12,4187.09912109375,4188.0,4237.0,4176.0,4212.0,756817
2025-06-13,4122.11279296875,4123.0,4148.0,4093.0,4125.0,612972
2025-06-16,4117.11376953125,4118.0,4145.0,4092.0,4128.0,2152525
2025-06-17,4090.119873046875,4091.0,4134.0,4083.0,4110.0,1021360
2025-06-18,4140.109375,4141.0,4155.0,4091.0,4120.0,914077
2025-06-19,4039.545654296875,4040.0,4086.0,4027.0,4078.0,531537
2025-06-20,4044.544921875,4045.0,4100.0,4044.798095703125,4064.0,5733435
2025-06-23,4021.547607421875,4022.0,4060.0,3971.0,4005.0,864820
2025-06-24,4029.546630859375,4030.0,4106.0,4016.0,4102.0,1528548
2025-06-25,3948.555908203125,3949.0,4046.0,3944.0,4045.0,2208418
2025-06-26,4137.53466796875,4138.0,4156.0,3934.0,3935.0,1628250
2025-06-27,4160.5322265625,4161.0,4187.0,4093.0,4127.0,1642225
2025-06-30,4119.53662109375,4120.0,4200.0,4118.0,4184.0,1276220
2025-07-01,4100.53857421875,4101.0,4150.0,4064.0,4137.0,1042073
2025-07-02,4049.54443359375,4050.0,4104.23681640625,4013.0,4101.0,1077233
2025-07-03,4077.541259765625,4078.0,4093.0,4030.0,4050.0,555035
2025-07-04,4041.54541015625,4042.0,4062.0,4028.0,4055.0,265968
2025-07-07,4175.5302734375,4176.0,4190.0,4044.0,4050.0,1781262
2025-07-08,4199.52783203125,4200.0,4222.0,4136.0,4155.0,1494771
2025-07-09,4175.5302734375,4176.0,4238.0,4135.0,4227.0,643186
2025-07-10,4204.52685546875,4205.0,4240.0,4180.0,4208.0,1014952
2025-07-11,4184.529296875,4185.0,4222.0,4147.0,4222.0,4088869
2025-07-14,4196.52783203125,4197.0,4203.0,4140.0,4158.0,453806
2025-07-15,4149.533203125,4150.0,4213.2001953125,4131.0,4197.0,3369881
2025-07-16,4209.5263671875,4210.0,4240.0,4128.0,4144.0,650942
2025-07-17,4243.5224609375,4244.0,4261.0,4198.0,4229.0,708240
2025-07-18,4339.51171875,4340.0,4340.0,4266.0,4281.0,1422914
2025-07-21,4348.5107421875,4349.0,4363.0,4307.0,4333.0,759870
2025-07-22,4280.5185546875,4281.0,4366.0,4262.0,4349.0,1555669
2025-07-23,4343.51123046875,4344.0,4364.0,4297.0,4326.0,2216861
2025-07-24,4263.5205078125,4264.0,4342.0,4218.0,4317.0,1552693
2025-07-25,4143.53369140625,4144.0,4292.0,4144.0,4286.0,1399294
2025-07-28,4111.53759765625,4112.0,4185.0,4091.0,4158.0,624966
2025-07-29,4137.53466796875,4138.0,4195.0,4099.0,4110.0,962084
2025-07-30,4149.533203125,4150.0,4150.2080078125,4112.0,4133.0,1036415
2025-07-31,4150.533203125,4151.0,4210.0,4147.0,4163.0,996190
2025-08-01,4130.53515625,4131.0,4150.0,4110.0,4134.0,1477529
2025-08-04,4112.53759765625,4113.0,4151.0,4088.0,4115.0,757619
2025-08-05,4028.546875,4029.0,4123.0,4004.0,4121.0,1258355
2025-08-06,4078.541259765625,4079.0,4080.0,4045.0,4069.0,1971393
2025-08-07,4038.545654296875,4039.0,4095.0,4000.0,4082.0,1900674
2025-08-08,4074.541748046875,4075.0,4093.0,4019.0,4070.0,2045420
2025-08-11,4108.5380859375,4109.0,4123.0,4086.0,4086.0,1205442
2025-08-12,4087.540283203125,4088.0,4162.0,4081.0,4128.0,535560
2025-08-13,4084.54052734375,4085.0,4108.0,4080.0,4105.0,779764
2025-08-14,4066.54248046875,4067.0,4109.0,4042.0,4102.0,1669353
2025-08-15,3970.553466796875,3971.0,4110.0,3948.0,4099.0,1210235
2025-08-18,4009.549072265625,4010.0,4013.0,3956.0,3984.0,3141072
2025-08-19,4037.5458984375,4038.0,4038.0,3984.0,4019.0,2965362
2025-08-20,4090.539794921875,4091.0,4102.0,4028.986083984375,4038.0,1631841
2025-08-21,4074.541748046875,4075.0,4104.0,4046.0,4092.0,539533
2025-08-22,4109.53759765625,4110.0,4133.0,4056.0,4083.0,724831
2025-08-26,4099.5390625,4100.0,4100.5009765625,4048.0,4099.0,1969436
2025-08-27,4094.539306640625,4095.0,4123.0,4080.0,4123.0,1967832
2025-08-28,4038.545654296875,4039.0,4109.0,4039.0,4098.0,1118986
2025-08-29,4018.5478515625,4019.0,4050.0,4014.0,4033.0,1150748
2025-09-01,3961.554443359375,3962.0,4023.0,3920.0,4003.0,612813
2025-09-02,3886.562744140625,3887.0,3967.0,3854.0,3958.0,1181269
2025-09-03,3904.560791015625,3905.0,3905.0,3855.998046875,3901.0,2395500
2025-09-04,3907.560546875,3908.0,3920.0,3878.0,3904.0,1003580
2025-09-05,3921.558837890625,3922.0,3949.0,3897.0,3929.0,755104
2025-09-08,3979.55224609375,3980.0,3988.0,3912.0,3926.0,1239066
2025-09-09,3922.558837890625,3923.0,4002.0,3923.0,4002.0,863470
2025-09-10,3810.5712890625,3811.0,3945.0,3811.0,3920.0,1754926
2025-09-11,3852.566650390625,3853.0,3868.0,3803.0,3809.0,3890148
2025-09-12,3808.571533203125,3809.0,3877.0,3809.0,3864.0,1402883
2025-09-15,3861.565673828125,3862.0,3868.39990234375,3815.803955078125,3845.0,1311749
2025-09-16,3783.574462890625,3784.0,3876.0,3783.0,3870.0,691258
2025-09-17,3830.569091796875,3831.0,3850.0,3774.39990234375,3803.0,1263056
2025-09-18,3907.560546875,3908.0,3937.0,3863.0,3864.0,1926644
2025-09-19,3877.563720703125,3878.0,3931.0,3862.0,3926.0,3421176
2025-09-22,3929.557861328125,3930.0,3941.0,3875.0,3887.0,1802635
2025-09-23,3934.557373046875,3935.0,4003.009033203125,3930.0,3936.0,821201
2025-09-24,3870.564697265625,3871.0,3958.0,3871.0,3955.0,903058
2025-09-25,3946.55615234375,3947.0,3977.0,3799.4990234375,3870.0,1787141
2025-09-26,4021.547607421875,4022.0,4058.0,3947.0,3964.0,1840328
2025-09-29,4024.54736328125,4025.0,4086.0,3996.4951171875,4025.0,2711379
2025-09-30,4088.5400390625,4089.0,4116.0,4055.0,4066.0,1483448
2025-10-01,4141.5341796875,4142.0,4165.0,4053.0,4072.0,1401341
2025-10-02,4309.51513671875,4310.0,4328.0,4205.0,4223.0,2747746
2025-10-03,4425.501953125,4426.0,4426.0,4281.47998046875,4330.0,3986834
2025-10-06,4355.51025390625,4356.0,4447.0,4302.0,4432.0,2504388
2025-10-07,4362.50927734375,4363.0,4376.0,4337.0,4342.0,1239424
2025-10-08,4384.5068359375,4385.0,4446.0,4352.0,4370.0,2425645
2025-10-09,4388.50634765625,4389.0,4401.0,4352.966796875,4380.0,1715027
2025-10-10,4327.51318359375,4328.0,4425.0,4326.0,4411.0,962636
2025-10-13,4310.51513671875,4311.0,4367.0,4300.0,4340.0,3477268
2025-10-14,4351.5107421875,4352.0,4360.0,4262.5,4298.0,1421271
2025-10-15,4301.51611328125,4302.0,4394.0,4285.0,4383.0,1035234
2025-10-16,4263.5205078125,4264.0,4333.0,4244.0,4321.0,887458
2025-10-17,4271.51953125,4272.0,4287.0,4196.0,4203.0,1529965
2025-10-20,4298.5166015625,4299.0,4318.0,4261.0,4279.0,954060
2025-10-21,4325.513671875,4326.0,4335.0,4295.0,4300.0,1054111
2025-10-22,4363.50927734375,4364.0,4380.0,4323.0,4352.0,1149812
2025-10-23,4353.51025390625,4354.0,4374.0,4320.0,4370.0,1379471
2025-10-24,4436.5009765625,4437.0,4437.0,4357.5,4364.0,534802
2025-10-27,4458.49853515625,4459.0,4497.0,4432.0,4450.0,537352
2025-10-28,4446.5,4447.0,4466.0,4365.0,4459.0,886503
2025-10-29,4445.5,4446.0,4485.0,4418.0,4437.0,686312
2025-10-30,4441.50048828125,4442.0,4455.0,4371.0,4395.0,789311
2025-10-31,4399.5048828125,4400.0,4462.0,4369.0,4454.0,724049
2025-11-03,4384.5068359375,4385.0,4403.0,4351.0,4394.0,717447
2025-11-04,4362.50927734375,4363.0,4378.0,4269.0,4354.0,1771308
2025-11-05,4357.509765625,4358.0,4378.0,4312.0,4345.0,2104108
2025-11-06,4244.5224609375,4245.0,4363.0,4237.0,4323.0,1295517
2025-11-07,4206.52685546875,4207.0,4263.0,4176.0,4262.0,1027024
2025-11-10,4301.51611328125,4302.0,4329.0,4254.0,4278.0,1394427
2025-11-11,4210.5263671875,4211.0,4351.0,4153.0,4327.0,2017244
2025-11-12,4068.542236328125,4069.0,4216.0,4036.0,4210.0,2482946
2025-11-13,3359.6220703125,3360.0,3806.0,3288.0,3798.0,7023178
2025-11-14,3334.625,3335.0,3437.0,3242.0,3304.0,5062064
2025-11-17,3398.61767578125,3399.0,3458.0,3372.0,3372.0,3624122
2025-11-18,3275.631591796875,3276.0,3365.0,3276.0,3325.0,3441573
2025-11-19,3319.62646484375,3320.0,3338.0,3258.0,3289.0,5294030
2025-11-20,3296.629150390625,3297.0,3388.0,3297.0,3348.0,1882052
2025-11-21,3272.6318359375,3273.0,3301.0,3200.0,3232.0,2511525
2025-11-24,3235.635986328125,3236.0,3341.35791015625,3226.0,3300.0,7766971
2025-11-25,3243.63525390625,3244.0,3257.0,3165.0,3216.0,3467071
2025-11-26,3245.635009765625,3246.0,3267.0,3191.0,3267.0,1996546
2025-11-27,3196.0,3196.0,3256.0,3187.5,3190.0,809219
2025-11-28,3158.0,3158.0,3211.0,3140.0,3193.0,1451027
2025-12-01,3044.0,3044.0,3136.0,3044.0,3132.0,2721276
2025-12-02,3008.0,3008.0,3056.839111328125,2982.0,3040.0,2537862
2025-12-03,2999.0,2999.0,3024.0,2957.0,3008.0,1909201
2025-12-04,3153.0,3153.0,3179.0,3018.6279296875,3030.0,5400308
2025-12-05,3231.0,3231.0,3284.0,3153.0,3154.0,3139047
2025-12-08,3194.0,3194.0,3242.0,3170.0,3220.0,2301249
2025-12-09,3159.0,3159.0,3254.0,3159.0,3208.0,1505336
2025-12-10,3122.0,3122.0,3212.0,3111.0,3134.0,2001072
2025-12-11,3175.0,3175.0,3183.0,3122.0,3125.0,2484348
2025-12-12,3128.0,3128.0,3206.5,3113.0,3190.0,1022425
2025-12-15,3155.0,3155.0,3199.0,3139.0,3146.0,1598619
2025-12-16,3210.0,3210.0,3215.0,3144.0,3150.0,1426893
2025-12-17,3213.0,3213.0,3239.0,3187.0,3232.0,2384290
2025-12-18,3271.0,3271.0,3311.0,3199.0,3213.0,2836298
2025-12-19,3275.0,3275.0,3290.6640625,3232.0,3243.0,8261487
2025-12-22,3240.0,3240.0,3289.0,3194.0,3249.0,1190599
2025-12-23,3235.0,3235.0,3287.0,3224.0,3250.0,989307
2025-12-24,3224.0,3224.0,3250.0,3206.0,3206.0,298101
2025-12-29,3230.0,3230.0,3277.0,3217.0,3226.0,775548
2025-12-30,3244.0,3244.0,3272.0,3225.0,3243.0,520506
2025-12-31,3263.0,3263.0,3263.0,3239.0,3251.0,379553
2026-01-02,3210.0,3210.0,3306.0,3210.0,3272.0,1302124
2026-01-05,3250.0,3250.0,3269.0,3166.0,3246.0,1219274
2026-01-06,3244.0,3244.0,3310.0,3244.0,3266.0,1322445
2026-01-07,3181.0,3181.0,3276.0,3181.0,3253.0,2785496
2026-01-08,3150.0,3150.0,3222.0,3056.0,3174.0,2004698
2026-01-09,3122.0,3122.0,3183.0,3113.0,3150.0,2134280
2026-01-12,3127.0,3127.0,3142.0,3070.0,3125.0,2427096
2026-01-13,3063.0,3063.0,3152.0,3063.0,3138.0,2998805
2026-01-14,3035.0,3035.0,3115.0,3035.0,3090.0,2233771
2026-01-15,3341.0,3341.0,3341.0,3072.0,3089.0,5113661
2026-01-16,3361.0,3361.0,3395.60009765625,3315.0,3340.0,4393546
2026-01-19,3252.0,3252.0,3353.0,3252.0,3329.0,1884844
2026-01-20,3222.0,3222.0,3254.0,3173.0,3217.0,2751870
2026-01-21,3272.0,3272.0,3276.0,3191.0,3192.0,6644999
2026-01-22,3273.0,3273.0,3359.0,3252.0,3351.0,4230571
2026-01-23,3289.0,3289.0,3301.0,3231.0,3244.0,1647596
2026-01-26,3129.0,3129.0,3267.39990234375,3086.802001953125,3261.0,2186337
2026-01-27,3135.0,3135.0,3164.0,3105.0,3154.0,1819751
2026-01-28,3147.0,3147.0,3168.0,3118.0,3130.0,4333137
2026-01-29,3423.0,3423.0,3626.0,3397.0,3468.0,3882764
2026-01-30,3351.0,3351.0,3453.0,3340.10498046875,3430.0,1986920
2026-02-02,3333.0,3333.0,3380.0,3301.0,3344.0,4458992
2026-02-03,3249.0,3249.0,3361.0,3249.0,3335.0,2671496
2026-02-04,3357.0,3357.0,3376.0,3195.0,3234.0,2270981
2026-02-05,3302.0,3302.0,3421.050048828125,3269.0,3383.0,2385884
2026-02-06,3353.0,3353.0,3359.0,3255.0,3255.0,1403855
2026-02-09,3314.0,3314.0,3386.0,3314.0,3339.0,2021464
2026-02-10,3291.0,3291.0,3344.0,3277.0,3329.0,1461561
2026-02-11,3343.0,3343.0,3351.0,3244.0,3300.0,1887485
2026-02-12,3269.0,3269.0,3396.199951171875,3269.0,3390.0,2566412
2026-02-13,3436.0,3436.0,3436.0,3310.0,3323.0,2253933
2026-02-16,3497.0,3497.0,3525.0,3452.0,3452.0,1622982
2026-02-17,3430.0,3430.0,3564.0,3359.675048828125,3517.0,1506830
2026-02-18,3421.0,3421.0,3462.0,3318.0,3424.0,1586147
2026-02-19,3388.0,3388.0,3452.0,3377.0,3441.0,1112404
2026-02-20,3399.0,3399.0,3455.0,3380.0,3384.0,1263635
2026-02-23,3354.0,3354.0,3400.0,3333.0,3389.0,1019593
2026-02-24,3288.0,3288.0,3372.343994140625,3285.0,3361.0,1331881
2026-02-25,3240.0,3240.0,3322.0,3226.0,3298.0,1621506
2026-02-26,3272.0,3272.0,3308.0,3260.0,3284.0,1544422
2026-02-27,3322.0,3322.0,3322.33203125,3228.0,3265.0,3411108
2026-03-02,3233.0,3233.0,3297.0,3214.0,3297.0,2255284
2026-03-03,3120.0,3120.0,3216.0,3104.0,3216.0,1440144
2026-03-04,3187.0,3187.0,3230.0,3111.0,3120.0,1441563
2026-03-05,2929.0,2929.0,3183.0,2929.0,3173.0,2087749
2026-03-06,3014.0,3014.0,3020.0,2941.0,3004.0,2771289
2026-03-09,2927.0,2927.0,3045.0,2896.699951171875,2996.0,2244709
2026-03-10,2930.0,2930.0,3032.0,2927.0,3005.0,2295926
2026-03-11,2950.0,2950.0,2975.0,2887.0,2920.0,1980201
2026-03-12,2932.0,2932.0,2984.0,2904.0,2921.0,1897836
2026-03-13,2969.0,2969.0,3007.0,2900.0,2916.0,1173976
